timestamp,lidar_pose.x,lidar_pose.y,lidar_pose.z,lidar_pose.roll,lidar_pose.pitch,lidar_pose.yaw
0,-0.0047840298,-0.0733742948,-0.3339968065,-2.8704989396,-1.5640598203,-1.8499362208
1,0.0129260718,-0.0822278315,-0.0457649578,2.0623989302,-1.5595924047,-0.4965995872
2,0.0281853212,-0.0890276726,0.2469848258,1.8590500115,-1.5533230064,-0.2912037154
3,0.0430814042,-0.0935496749,0.5454090142,1.8940275955,-1.5509000350,-0.3233340471
4,0.0547184150,-0.0976024855,0.8512295050,2.0152668334,-1.5517605934,-0.4430989931
5,0.0624309535,-0.1012969070,1.1667257513,2.2915381332,-1.5565302899,-0.7169538106
6,0.0658473901,-0.1061339073,1.4899613285,-3.0272111061,-1.5591300069,-1.6791777532
7,0.0592576648,-0.1149952902,1.8275836974,-2.1630490226,-1.5498363141,-2.5439531009
8,0.0423807663,-0.1257671900,2.1824632320,-1.8766088034,-1.5325510753,-2.8349513304
9,0.0171038328,-0.1343608078,2.5413146237,-1.7972963267,-1.5133710562,-2.9179334472
10,-0.0105359657,-0.1419645955,2.9132488852,-1.7478500308,-1.4935872439,-2.9680841308
11,-0.0438882877,-0.1487364120,3.2973577918,-1.7037835104,-1.4729649568,-3.0106708210
12,-0.0889332840,-0.1567769576,3.6892327339,-1.6729465671,-1.4531203339,-3.0400546066
13,-0.1529568531,-0.1665642250,4.0863968244,-1.6567371961,-1.4350173249,-3.0572829994
14,-0.2261019715,-0.1764760315,4.4970954717,-1.6421357362,-1.4192413113,-3.0733209128
15,-0.3056988182,-0.1858137744,4.9181441803,-1.6384208763,-1.4053040927,-3.0780070771
16,-0.3869849751,-0.1949114132,5.3531272388,-1.6364397841,-1.3928625303,-3.0788789252
17,-0.4699979014,-0.2027352140,5.7983094877,-1.6417255065,-1.3825476275,-3.0701806176
18,-0.5620869457,-0.2102959794,6.2577465679,-1.6501072543,-1.3743545410,-3.0622615195
19,-0.6643225005,-0.2193970192,6.7286636396,-1.6564521898,-1.3667464454,-3.0570464541
20,-0.7693334324,-0.2293733930,7.2198657454,-1.6655301672,-1.3582002719,-3.0476235897
21,-0.8736136016,-0.2414255517,7.7135552138,-1.6657226641,-1.3501448331,-3.0439023961
22,-0.9814340927,-0.2549496628,8.2274895711,-1.6634871405,-1.3420323383,-3.0397393896
23,-1.1036710177,-0.2691228546,8.7490793028,-1.6638267319,-1.3330328725,-3.0386470042
24,-1.2409763704,-0.2853179257,9.2809637844,-1.6846004632,-1.3237349897,-3.0226720521
25,-1.3818378424,-0.3081037521,9.8227422161,-1.6980634359,-1.3143455254,-3.0128469032
26,-1.5182933994,-0.3378226002,10.3741081344,-1.6978123269,-1.3055981321,-3.0112317051
27,-1.6602890390,-0.3650924399,10.9365409953,-1.6994417081,-1.2964639055,-3.0066992824
28,-1.8145434332,-0.3904657376,11.5048494205,-1.7053595172,-1.2879678542,-3.0016523571
29,-1.9822986015,-0.4180906622,12.0871412306,-1.7147468256,-1.2793374082,-2.9940123072
30,-2.1537459954,-0.4460097248,12.6777849162,-1.7275603399,-1.2705410667,-2.9811040975
31,-2.3353056861,-0.4721513044,13.2802043168,-1.7481739760,-1.2632873314,-2.9601490196
32,-2.5238844958,-0.4964816640,13.8935349085,-1.7727747635,-1.2574232025,-2.9364150628
33,-2.7210064664,-0.5297094158,14.5180910850,-1.7980022592,-1.2514986061,-2.9125752815
34,-2.9250466631,-0.5675248451,15.1535616044,-1.8246732519,-1.2450702366,-2.8881627270
35,-3.1362872344,-0.6162303048,15.8010993945,-1.8441611806,-1.2389395741,-2.8703722779
36,-3.3690072631,-0.6747334679,16.4716103916,-1.8620165245,-1.2319281940,-2.8562219010
37,-3.5994928882,-0.7387282281,17.1184842642,-1.8770600934,-1.2252183428,-2.8434503148
38,-3.8453919029,-0.8090829341,17.7911454084,-1.8906902952,-1.2185106961,-2.8333497915
39,-4.0991010853,-0.8832987659,18.4785973552,-1.8988838547,-1.2123255603,-2.8288107004
40,-4.3579346590,-0.9619087066,19.1755241187,-1.8997954543,-1.2068269034,-2.8300443870
41,-4.6199221208,-1.0460756745,19.8863342376,-1.8930133496,-1.2008001779,-2.8371963188
42,-4.8894892965,-1.1303598807,20.6038075245,-1.8841585309,-1.1948553258,-2.8465718793
43,-5.1701793010,-1.2148819896,21.3355906417,-1.8736900004,-1.1884235369,-2.8570426396
44,-5.4577251398,-1.3009688688,22.0711949093,-1.8613195618,-1.1806553121,-2.8699752590
45,-5.7751459556,-1.3960010058,22.8240231537,-1.8423390814,-1.1733801892,-2.8902559200
46,-6.0918335208,-1.4837142526,23.5626517466,-1.8264328829,-1.1658406067,-2.9092876593
47,-6.4273514176,-1.5725886601,24.3151660397,-1.8153717173,-1.1575047926,-2.9240403145
48,-6.7649350195,-1.6536738511,25.0715403039,-1.8077368710,-1.1484262348,-2.9331006647
49,-7.1143420163,-1.7328057534,25.8351066157,-1.8014091548,-1.1387945290,-2.9394763436
50,-7.4716182355,-1.8092864111,26.6036080651,-1.7952788210,-1.1296999376,-2.9458800454
51,-7.8446962419,-1.8878238322,27.3792861891,-1.7885871294,-1.1207992640,-2.9540578750
52,-8.2220365453,-1.9644839544,28.1610266909,-1.7790940359,-1.1126005617,-2.9622770348
53,-8.6141670253,-2.0402949478,28.9547740463,-1.7672190339,-1.1045016115,-2.9740655762
54,-9.0191444155,-2.1121936391,29.7544948526,-1.7536547447,-1.0971914935,-2.9890735393
55,-9.4329209389,-2.1835073726,30.5604672226,-1.7411635187,-1.0895404600,-3.0010076210
56,-9.8568208846,-2.2506410151,31.3725789967,-1.7337243252,-1.0816558784,-3.0074757452
57,-10.2917972929,-2.3127539721,32.1908184026,-1.7290132281,-1.0748329568,-3.0110073418
58,-10.7406167733,-2.3745823248,33.0168704601,-1.7241369418,-1.0683625901,-3.0163596071
59,-11.1977514034,-2.4367708270,33.8530222487,-1.7179367877,-1.0624634357,-3.0212214218
60,-11.6668997607,-2.4996205221,34.6988525136,-1.7150534247,-1.0570033186,-3.0227891418
61,-12.1428496015,-2.5609000263,35.5470115271,-1.7145175686,-1.0525699054,-3.0225367977
62,-12.6322805839,-2.6262609011,36.4250216168,-1.7154737354,-1.0496419093,-3.0220359255
63,-13.1277826351,-2.6938663981,37.3193891934,-1.7129033486,-1.0489039701,-3.0245252191
64,-13.6240089448,-2.7636406175,38.2199469467,-1.7098158006,-1.0488804118,-3.0276646722
65,-14.1288156555,-2.8316590261,39.1305432431,-1.7071014002,-1.0485159132,-3.0289445966
66,-14.6467289871,-2.8981403769,40.0468080017,-1.7057760303,-1.0471771879,-3.0283170588
67,-15.1725838481,-2.9653054094,40.9693580526,-1.7040021380,-1.0449462750,-3.0273814109
68,-15.7043652866,-3.0333312817,41.8951711246,-1.6990002694,-1.0420079678,-3.0313096158
69,-16.2413089832,-3.1018157076,42.8202445832,-1.6898243451,-1.0383819573,-3.0404589860
70,-16.7794051509,-3.1684874642,43.7419568593,-1.6794018953,-1.0332968010,-3.0493140663
71,-17.3244849222,-3.2334810880,44.6580362951,-1.6732197905,-1.0259521349,-3.0551448089
72,-17.8755741350,-3.2952748475,45.5669335455,-1.6732009504,-1.0157078359,-3.0521219081
73,-18.4446244342,-3.3570434444,46.4779824594,-1.6746530447,-1.0039177877,-3.0473971193
74,-19.0342582330,-3.4150948376,47.3762558579,-1.6721226029,-0.9925120599,-3.0495352763
75,-19.6420041365,-3.4705696604,48.2667315115,-1.6638520946,-0.9822875199,-3.0603305544
76,-20.2507575588,-3.5273942585,49.1512566347,-1.6578065584,-0.9732807902,-3.0710237368
77,-20.8717919664,-3.5788850728,50.0159981816,-1.6597778560,-0.9656658558,-3.0698830529
78,-21.4879420731,-3.6347300919,50.8782512430,-1.6667382624,-0.9589215069,-3.0615592440
79,-22.1099167111,-3.6926082614,51.7324257926,-1.6788188337,-0.9531302067,-3.0498348680
80,-22.7349570085,-3.7540903973,52.5956264685,-1.6782611527,-0.9472622494,-3.0500764596
81,-23.3681843357,-3.8199196521,53.4571804954,-1.6731980030,-0.9415804056,-3.0552436532
82,-24.0081235517,-3.8829472648,54.3212312807,-1.6640835914,-0.9366187038,-3.0662345104
83,-24.6512225575,-3.9371681165,55.1822377581,-1.6594439283,-0.9316425127,-3.0719216584
84,-25.2988968446,-3.9827603864,56.0398703441,-1.6603826481,-0.9263668731,-3.0717519716
85,-25.9507554165,-4.0323283842,56.8978538585,-1.6620502431,-0.9203284128,-3.0694956918
86,-26.6094411458,-4.0792364122,57.7439523273,-1.6634183064,-0.9134537176,-3.0661352840
87,-27.2809537455,-4.1303613485,58.5949125814,-1.6624222515,-0.9062173311,-3.0658637282
88,-27.9561893142,-4.1862319218,59.4275878780,-1.6597973765,-0.8990102177,-3.0684452232
89,-28.6393910900,-4.2477206549,60.2645822720,-1.6581849383,-0.8911029654,-3.0705299602
90,-29.3332564478,-4.3083072976,61.0961117074,-1.6583290277,-0.8824549622,-3.0695093817
91,-30.0346845979,-4.3680917034,61.9291308198,-1.6579162866,-0.8736937220,-3.0686436797
92,-30.7451452057,-4.4286251196,62.7566363673,-1.6574088169,-0.8648302899,-3.0684183714
93,-31.4632581286,-4.4908669292,63.5812307034,-1.6570199572,-0.8559498077,-3.0677392473
94,-32.1997644959,-4.5540807678,64.4123285548,-1.6567942181,-0.8464068381,-3.0663284862
95,-32.9406193503,-4.6171068990,65.2348194622,-1.6543789044,-0.8370519470,-3.0678804331
96,-33.6799451675,-4.6810783179,66.0410035644,-1.6510479416,-0.8277802958,-3.0704470346
97,-34.4489001493,-4.7504921377,66.8437290749,-1.6484902320,-0.8183006262,-3.0727777641
98,-35.2253576980,-4.8188857234,67.6424503151,-1.6469396531,-0.8088540134,-3.0723692818
99,-36.0208774580,-4.8938406838,68.4355487621,-1.6475954500,-0.7992349963,-3.0706583912
100,-36.8227950748,-4.9650745970,69.2284928800,-1.6481661106,-0.7904565105,-3.0712731488
101,-37.6415661433,-5.0406113669,70.0193451821,-1.6467458126,-0.7827082103,-3.0734757212
102,-38.4572751244,-5.1171066225,70.8115291484,-1.6471572186,-0.7755921496,-3.0740504765
103,-39.2818707734,-5.1962506455,71.5995340954,-1.6473569664,-0.7686151846,-3.0731580899
104,-40.1127472384,-5.2722280139,72.3853094792,-1.6497833758,-0.7611264939,-3.0701075944
105,-40.9522010042,-5.3495162984,73.1695084195,-1.6512557430,-0.7538926825,-3.0669281095
106,-41.8048062652,-5.4262920743,73.9500691967,-1.6519399881,-0.7467970303,-3.0659671894
107,-42.6706678609,-5.5013427525,74.7251005027,-1.6495565935,-0.7401222871,-3.0687629924
108,-43.5384073054,-5.5848222969,75.5045875581,-1.6473719483,-0.7332199049,-3.0708072567
109,-44.4112318930,-5.6600217548,76.2804301702,-1.6458691590,-0.7263536692,-3.0709319143
110,-45.2896810662,-5.7347939068,77.0501425808,-1.6445577479,-0.7198204972,-3.0711753580
111,-46.1822555195,-5.8094472044,77.8251724582,-1.6429567273,-0.7138558613,-3.0714218288
112,-47.0828200626,-5.8825907922,78.6000682663,-1.6413169532,-0.7087638597,-3.0721305589
113,-47.9864856461,-5.9560963618,79.3728819878,-1.6385458123,-0.7036053407,-3.0720453655
114,-48.8981525476,-6.0351891067,80.1394378395,-1.6372193889,-0.6979337792,-3.0683905949
115,-49.8202065202,-6.1202588569,80.9091641150,-1.6342421650,-0.6914361865,-3.0657329479
116,-50.7437993843,-6.2092198283,81.6729363558,-1.6284780435,-0.6833059653,-3.0658253976
117,-51.6804805288,-6.2962854646,82.4320423738,-1.6229543269,-0.6727111383,-3.0663303711
118,-52.6327889953,-6.3830014531,83.1852083021,-1.6176586394,-0.6612494188,-3.0683384584
119,-53.6013077386,-6.4691748772,83.9265891942,-1.6140256903,-0.6500904316,-3.0726216686
120,-54.5811681560,-6.5533146773,84.6566684176,-1.6129430778,-0.6386545744,-3.0739951029
121,-55.5715474888,-6.6343349475,85.3751539803,-1.6147164102,-0.6265685156,-3.0712777710
122,-56.5719774317,-6.7167385814,86.0861002950,-1.6138742719,-0.6141756194,-3.0703017591
123,-57.5841020159,-6.8032418338,86.7882557140,-1.6136181688,-0.6019896874,-3.0690768302
124,-58.6033985419,-6.8932376155,87.4844119842,-1.6092383751,-0.5897545441,-3.0710025908
125,-59.6366130453,-6.9847099851,88.1708595445,-1.6058357439,-0.5772301460,-3.0731725192
126,-60.6819050891,-7.0715133872,88.8425115490,-1.6044228857,-0.5647847737,-3.0739787710
127,-61.7373304548,-7.1589292772,89.5025518020,-1.6047459425,-0.5524479426,-3.0728150680
128,-62.8086472138,-7.2482402351,90.1509458766,-1.6060060682,-0.5403694065,-3.0715802379
129,-63.8825174755,-7.3389145473,90.7847828492,-1.6071361154,-0.5286088024,-3.0705857587
130,-64.9774097935,-7.4297503547,91.4136546136,-1.6071712168,-0.5172329102,-3.0708597744
131,-66.0808894477,-7.5212665861,92.0324666244,-1.6062166224,-0.5070276146,-3.0734966638
132,-67.1928496119,-7.6117255196,92.6437319809,-1.6036495671,-0.4978296741,-3.0770213652
133,-68.3112065204,-7.7001179352,93.2451947180,-1.6027526081,-0.4891374788,-3.0772861781
134,-69.4318679902,-7.7870160487,93.8382753144,-1.6015336327,-0.4805018633,-3.0747687411
135,-70.5599961540,-7.8750161440,94.4253543115,-1.5993932702,-0.4726020076,-3.0725657309
136,-71.6920455171,-7.9682700533,95.0021631184,-1.5990954761,-0.4656413100,-3.0699907370
137,-72.8299051566,-8.0650513109,95.5742111804,-1.5982638705,-0.4595069559,-3.0669385487
138,-73.9609679667,-8.1633406782,96.1358023185,-1.5950267239,-0.4543030388,-3.0674428378
139,-75.1006112815,-8.2639852385,96.6937539683,-1.5915777023,-0.4497012011,-3.0715961085
140,-76.2774730140,-8.3638059518,97.2659796997,-1.5860600896,-0.4456059244,-3.0760656247
141,-77.3729138117,-8.4530551921,97.7918184480,-1.5833720079,-0.4420053133,-3.0778900991
142,-78.5034667320,-8.5434355636,98.3287330278,-1.5813282103,-0.4388810418,-3.0783981432
143,-79.6312550199,-8.6320432874,98.8609457785,-1.5783720491,-0.4361106149,-3.0806541650
144,-80.7586702795,-8.7197252259,99.3881272918,-1.5759219406,-0.4336005054,-3.0827070155
145,-81.8753143548,-8.7992030644,99.9127634988,-1.5731046165,-0.4312959368,-3.0828132871
146,-82.9748223159,-8.8859794795,100.4197707750,-1.5705483651,-0.4285340554,-3.0835830597
147,-84.0651509462,-8.9733716662,100.9208886070,-1.5660805564,-0.4258470700,-3.0861769789
148,-85.1559777799,-9.0558133309,101.4126612698,-1.5634459014,-0.4235591185,-3.0879115228
149,-86.2405794003,-9.1320393242,101.8926276219,-1.5609567505,-0.4215930003,-3.0881683712
150,-87.3138299413,-9.2085252801,102.3694175988,-1.5600370438,-0.4201842958,-3.0870862108
151,-88.3760577043,-9.2861867189,102.8370947308,-1.5604317045,-0.4195095560,-3.0857181998
152,-89.4335387860,-9.3641222559,103.2885001285,-1.5619534580,-0.4198050620,-3.0845663698
153,-90.4799673484,-9.4415588727,103.7338766267,-1.5646014669,-0.4219220260,-3.0837085774
154,-91.5170917568,-9.5202552549,104.1849977286,-1.5677029161,-0.4264408129,-3.0824935270
155,-92.5454298325,-9.5977106506,104.6404549418,-1.5702116129,-0.4319843822,-3.0812259283
156,-93.5665633305,-9.6664621343,105.1097593979,-1.5715107006,-0.4383309825,-3.0805900054
157,-94.5795979733,-9.7377128316,105.5851029363,-1.5726676281,-0.4459391723,-3.0812830033
158,-95.5848856993,-9.8068622623,106.0653206867,-1.5743382485,-0.4548922499,-3.0822310002
159,-96.5817756044,-9.8767724510,106.5555361263,-1.5752637081,-0.4647435324,-3.0822005825
160,-97.5702955654,-9.9447076705,107.0538216859,-1.5765184914,-0.4753539064,-3.0821640864
161,-98.5465387585,-10.0156972288,107.5582400812,-1.5788624920,-0.4863509715,-3.0807038533
162,-99.5113237998,-10.0834070341,108.0754326865,-1.5829546643,-0.4981438735,-3.0771169599
163,-100.4623267345,-10.1496420134,108.6106619457,-1.5867373543,-0.5110135222,-3.0745861933
164,-101.4096032812,-10.2118467588,109.1604790531,-1.5896048974,-0.5249459645,-3.0745725851
165,-102.3488589188,-10.2735771543,109.7233672042,-1.5910778430,-0.5397826881,-3.0765651718
166,-103.2760127853,-10.3339836350,110.2986917946,-1.5917985979,-0.5544496717,-3.0784238544
167,-104.1932075435,-10.3833475879,110.8796418363,-1.5920910570,-0.5685457557,-3.0785737987
168,-105.0991505990,-10.4349519385,111.4703583659,-1.5933369213,-0.5823164149,-3.0772380818
169,-105.9824711104,-10.4846539652,112.0630977901,-1.5945866662,-0.5957716483,-3.0756181284
170,-106.8502134512,-10.5409677862,112.6636382142,-1.5943226064,-0.6093342353,-3.0742647651
171,-107.7044016255,-10.5959632634,113.2724648562,-1.5944632813,-0.6226151341,-3.0735247648
172,-108.5468380792,-10.6574751422,113.8838613422,-1.5951991773,-0.6360073969,-3.0754251036
173,-109.3745643365,-10.7144459034,114.5039451732,-1.5933101505,-0.6486652225,-3.0792290683
174,-110.1846059690,-10.7738249243,115.1229615246,-1.5948507639,-0.6613006977,-3.0799529806
175,-110.9822066975,-10.8287033459,115.7466143164,-1.5985118228,-0.6742247192,-3.0782017947
176,-111.7637881799,-10.8860253678,116.3734610067,-1.6022964056,-0.6865136330,-3.0758336474
177,-112.5297564635,-10.9429664068,117.0055266041,-1.6035828858,-0.6986530782,-3.0751356914
178,-113.2896645459,-11.0000566471,117.6355158783,-1.6028252262,-0.7109015893,-3.0774612743
179,-114.0358077250,-11.0570048321,118.2686485749,-1.6021041039,-0.7226898210,-3.0797671140
180,-114.7679791970,-11.1112172191,118.9040435453,-1.6013889461,-0.7339342179,-3.0807045705
181,-115.4859571052,-11.1646697262,119.5415569018,-1.6037293965,-0.7445143378,-3.0795348817
182,-116.1922360256,-11.2161213999,120.1797164332,-1.6047517847,-0.7549036539,-3.0797662337
183,-116.8838611067,-11.2651141009,120.8205223250,-1.6041218811,-0.7651647077,-3.0822329877
184,-117.5537475103,-11.3048937128,121.4496914099,-1.6030886675,-0.7762099548,-3.0858201775
185,-118.2116282076,-11.3478265788,122.0824831715,-1.6040210655,-0.7868238502,-3.0872076898
186,-118.8475817730,-11.3888323831,122.7043285222,-1.6052657579,-0.7981329252,-3.0863522697
187,-119.4733533587,-11.4308208035,123.3307438336,-1.6076815030,-0.8098957612,-3.0872717191
188,-120.0803473373,-11.4698912746,123.9613245969,-1.6064666799,-0.8232758320,-3.0911166647
189,-120.6746113315,-11.5076508062,124.6043655386,-1.6056351583,-0.8374059377,-3.0952165877
190,-121.2560155489,-11.5430677222,125.2496748073,-1.6077813655,-0.8530933625,-3.0951350612
191,-121.8098968613,-11.5760078904,125.8838843865,-1.6113333331,-0.8682947412,-3.0930021975
192,-122.3550971746,-11.6076248066,126.5309381205,-1.6143174947,-0.8837359126,-3.0898715176
193,-122.8862711782,-11.6399690224,127.1836015661,-1.6164361793,-0.8996692794,-3.0873651352
194,-123.4105730950,-11.6732820126,127.8458066041,-1.6158936805,-0.9163761415,-3.0899007251
195,-123.9198287953,-11.7057916102,128.5118611942,-1.6140023771,-0.9335260683,-3.0933270092
196,-124.4182627039,-11.7368838691,129.1885825712,-1.6118443575,-0.9502557251,-3.0960516727
197,-124.9019759159,-11.7705481744,129.8760368113,-1.6084041324,-0.9664110298,-3.0997720862
198,-125.3748732812,-11.8038501055,130.5674281798,-1.6063300734,-0.9812907791,-3.1021741830
199,-125.8320083053,-11.8465098864,131.2659746978,-1.6033641146,-0.9946871791,-3.1042271243
200,-126.2808771608,-11.8770135678,131.9734897029,-1.6031113501,-1.0073174526,-3.1041018295
201,-126.7297994879,-11.9068957654,132.6982979540,-1.6047125544,-1.0204161133,-3.1035701728
202,-127.1588199381,-11.9339948684,133.4039225289,-1.6057202831,-1.0332634755,-3.1041856058
203,-127.5873774761,-11.9626792445,134.1317355270,-1.6067463162,-1.0458647377,-3.1045055452
204,-128.0063723292,-11.9871947251,134.8683952451,-1.6072774678,-1.0579543234,-3.1032957691
205,-128.4177430306,-12.0070978824,135.6192789461,-1.6085396795,-1.0686991003,-3.1006667572
206,-128.8255610923,-12.0189265917,136.3723996424,-1.6100654856,-1.0780479535,-3.0984116804
207,-129.2385332362,-12.0337477051,137.1401735733,-1.6102782342,-1.0855144225,-3.0989129564
208,-129.6496290147,-12.0462111745,137.9220236275,-1.6046085441,-1.0926034641,-3.1054973044
209,-130.0680049279,-12.0612082221,138.7165013175,-1.5984957221,-1.0996739914,-3.1149315776
210,-130.4799542809,-12.0719275842,139.5155471003,-1.5949804515,-1.1071179680,-3.1211552433
211,-130.8925418352,-12.0807674795,140.3281511445,-1.5933721220,-1.1145020000,-3.1248468893
212,-131.3026907650,-12.0862413657,141.1590947822,-1.5901071371,-1.1220984618,-3.1299024965
213,-131.7127449544,-12.0917370749,142.0037979868,-1.5847475905,-1.1298561551,-3.1361485253
214,-132.1189230479,-12.0948316130,142.8629733213,-1.5790646851,-1.1379902334,-3.1413355658
215,-132.5239389925,-12.0969187567,143.7354025244,-1.5764662521,-1.1466072202,3.1397153115
216,-132.9242851827,-12.0985105110,144.6215226412,-1.5761221072,-1.1556862706,3.1399070974
217,-133.3173873751,-12.0988086036,145.5233134675,-1.5747625895,-1.1654309019,3.1412798052
218,-133.7085216510,-12.1002576962,146.4383532524,-1.5763574999,-1.1759236746,-3.1389788478
219,-134.1010807773,-12.1037432887,147.3852482298,-1.5813137792,-1.1879716374,-3.1332335883
220,-134.4738010958,-12.1111884491,148.3132727640,-1.5868193424,-1.2018380172,-3.1292287790
221,-134.8342701206,-12.1251496795,149.2821052438,-1.5873360656,-1.2192954686,-3.1325581161
222,-135.1827359343,-12.1365640529,150.2679452304,-1.5817855368,-1.2390683600,3.1411784705
223,-135.5106436409,-12.1465762201,151.2762606838,-1.5799753074,-1.2603500377,3.1363583335
224,-135.8226355956,-12.1518003550,152.2912362503,-1.5775647038,-1.2826541454,3.1321215908
225,-136.1066117507,-12.1625599955,153.3316813533,-1.5732597271,-1.3052011644,3.1265796863
226,-136.3727035859,-12.1707682672,154.3919797409,-1.5629871973,-1.3278192897,3.1159933730
227,-136.6159536706,-12.1778308285,155.4639165091,-1.5455921211,-1.3506020864,3.0965623830
228,-136.8435267683,-12.1780711919,156.5584644870,-1.5216399450,-1.3733395803,3.0710578351
229,-137.0430521087,-12.1766537439,157.6713482019,-1.4933187592,-1.3962500379,3.0407716037
230,-137.2233070300,-12.1699224859,158.7952510350,-1.4799322789,-1.4188847584,3.0253647425
231,-137.3784937952,-12.1606305646,159.9373727961,-1.4773742294,-1.4414919026,3.0232514857
232,-137.5070855548,-12.1453149296,161.0936712399,-1.4662479369,-1.4628768849,3.0119880800
233,-137.6164997112,-12.1321595693,162.2692909837,-1.4144747386,-1.4831416435,2.9614277231
234,-137.7009503967,-12.1177179850,163.4653783328,-1.3305830921,-1.5026000040,2.8767660990
235,-137.7618150456,-12.0990124264,164.6678136284,-1.2021401115,-1.5217152585,2.7477292674
236,-137.8001471486,-12.0813863199,165.8962632208,-0.9253419384,-1.5394645207,2.4695079150
237,-137.8174621198,-12.0673638152,167.1197798023,-0.2028912397,-1.5500885829,1.7462837106
238,-137.8102335230,-12.0542474402,168.3601852591,0.6937839558,-1.5449835811,0.8471859751
239,-137.7798318787,-12.0422932369,169.6063395293,1.0832888184,-1.5290623885,0.4560553076
240,-137.7193385049,-12.0323825333,170.8589861657,1.2700991424,-1.5113565391,0.2690479298
241,-137.6361432836,-12.0216987547,172.1299782109,1.3635965931,-1.4929764292,0.1731782561
242,-137.5269384383,-12.0163304541,173.4093456795,1.4159492618,-1.4739025809,0.1205509637
243,-137.3880682484,-12.0212595406,174.6895263902,1.4624644702,-1.4549479774,0.0737049375
244,-137.2281421115,-12.0267165363,175.9780573544,1.5112200750,-1.4362105776,0.0238951288
245,-137.0385167277,-12.0392689637,177.2768065732,1.5546704399,-1.4178170001,-0.0207222851
246,-136.8289956486,-12.0561996147,178.5833270609,1.5831980117,-1.3996134755,-0.0510664516
247,-136.5925697199,-12.0825961188,179.9006963839,1.5965846878,-1.3813745613,-0.0664308169
248,-136.3338926757,-12.1126059771,181.2193311980,1.6047784519,-1.3629658620,-0.0768248497
249,-136.0441357210,-12.1526678222,182.5552777682,1.5979268105,-1.3449675591,-0.0697275032
250,-135.7274658042,-12.1934214022,183.8958886846,1.5936573886,-1.3271098698,-0.0647404846
251,-135.3842458833,-12.2369098539,185.2296934763,1.6105691984,-1.3093177171,-0.0805307860
252,-135.0202526666,-12.2819849403,186.5675045770,1.6233695699,-1.2919271827,-0.0934588408
253,-134.6352669617,-12.3337678923,187.9128210656,1.6158509819,-1.2746204953,-0.0884350031
254,-134.2284765843,-12.3822710177,189.2603068449,1.6094874056,-1.2565308304,-0.0843683120
255,-133.7938854760,-12.4292199597,190.6132733448,1.6116399913,-1.2377995364,-0.0900166155
256,-133.3272537782,-12.4800165999,191.9588310540,1.6170935461,-1.2193033949,-0.0958498256
257,-132.8325498269,-12.5368775815,193.3089388002,1.6194726296,-1.2010272987,-0.0989113273
258,-132.3106033202,-12.6011596350,194.6591032782,1.6260163539,-1.1821326019,-0.1051913553
259,-131.7615548557,-12.6725818412,195.9947622555,1.6362105135,-1.1616405741,-0.1167097258
260,-131.1822229846,-12.7531768381,197.3444979874,1.6368836074,-1.1384396688,-0.1200833964
261,-130.5676180665,-12.8412111033,198.6750015211,1.6298442853,-1.1128643241,-0.1161996531
262,-129.9196432074,-12.9328913710,200.0111105457,1.6245787304,-1.0850589022,-0.1157665283
263,-129.2332706331,-13.0291040643,201.3267573284,1.6214019656,-1.0568399887,-0.1162161740
264,-128.5057015590,-13.1326184971,202.6226776680,1.6194035216,-1.0287545074,-0.1176657289
265,-127.7355696753,-13.2366866563,203.9103786101,1.6171752404,-1.0010057288,-0.1165079488
266,-126.9276512987,-13.3481757898,205.1710820335,1.6145880512,-0.9734495322,-0.1150778027
267,-126.0833534171,-13.4652882779,206.4138748701,1.6178980288,-0.9457252442,-0.1189991454
268,-125.2049106545,-13.5873620431,207.6337834128,1.6218712779,-0.9187381881,-0.1237114140
269,-124.2865662264,-13.7191054039,208.8311779394,1.6229013971,-0.8928641706,-0.1255908477
270,-123.3396916096,-13.8571935682,210.0116305733,1.6228339818,-0.8677576256,-0.1262354375
271,-122.3592123188,-14.0004374299,211.1753718919,1.6224443915,-0.8439447128,-0.1254516331
272,-121.3472366524,-14.1454234031,212.3100918712,1.6218230859,-0.8213392669,-0.1248279355
273,-120.3131757774,-14.2922112265,213.4243947711,1.6233646478,-0.7997152918,-0.1259292794
274,-119.2498012005,-14.4419997512,214.5145540769,1.6253668774,-0.7786237558,-0.1279280186
275,-118.1617214762,-14.5979736357,215.5914473748,1.6285290677,-0.7579514042,-0.1311603114
276,-117.0526941736,-14.7602759104,216.6437684587,1.6289719069,-0.7373425703,-0.1327705014
277,-115.9162019930,-14.9318125359,217.6765554978,1.6272885103,-0.7169308300,-0.1314731342
278,-114.7646116520,-15.1020710902,218.6863457051,1.6233203780,-0.6958331260,-0.1290728615
279,-113.5953769929,-15.2719181186,219.6749651003,1.6164040470,-0.6741542482,-0.1247825583
280,-112.4136699333,-15.4418846447,220.6277843463,1.6090355066,-0.6522455183,-0.1205132110
281,-111.2240588251,-15.6094136811,221.5507834976,1.6021163023,-0.6307201124,-0.1170812167
282,-110.0237750253,-15.7751962626,222.4331448843,1.6003511800,-0.6092721292,-0.1183707752
283,-108.8207232355,-15.9404760186,223.2821949407,1.5970508698,-0.5878173843,-0.1196442772
284,-107.5972623307,-16.1088800535,224.1054466570,1.5927742215,-0.5654821338,-0.1169710695
285,-106.3654527143,-16.2755827538,224.8861382068,1.5879317611,-0.5417285940,-0.1129642027
286,-105.1279177594,-16.4384705523,225.6363898209,1.5828130887,-0.5175030847,-0.1081706183
287,-103.8849815034,-16.5984152888,226.3473092031,1.5787904342,-0.4934915273,-0.1047068270
288,-102.6358402294,-16.7538816365,227.0161234975,1.5760471610,-0.4695288803,-0.1018751126
289,-101.3797917651,-16.9062121943,227.6529205844,1.5742832738,-0.4460260410,-0.1005572683
290,-100.1265397848,-17.0559788575,228.2501909477,1.5742660632,-0.4231317151,-0.0994993198
291,-98.8639760357,-17.2059894796,228.8089732475,1.5749090455,-0.4002753732,-0.1000410146
292,-97.6051318680,-17.3547121753,229.3346229930,1.5767735250,-0.3777770655,-0.0999962588
293,-96.3457904870,-17.5004370120,229.8242368142,1.5762275646,-0.3554845574,-0.0975730801
294,-95.0876425051,-17.6468581604,230.2886599607,1.5744900931,-0.3336091897,-0.0959469614
295,-93.8363705535,-17.7922490039,230.7209386741,1.5742510826,-0.3126394892,-0.1003012212
296,-92.6010794495,-17.9427843061,231.1156932148,1.5741131933,-0.2924814484,-0.1094258115
297,-91.3691835341,-18.0978050878,231.4875678391,1.5724231845,-0.2727276283,-0.1171983558
298,-90.1379231519,-18.2614989051,231.8341764387,1.5681011641,-0.2526444695,-0.1194748234
299,-88.9099172639,-18.4297873238,232.1518286255,1.5631142143,-0.2323775879,-0.1193960590
300,-87.6902305871,-18.5952925937,232.4438836815,1.5571648667,-0.2124192044,-0.1185513227
301,-86.4735246632,-18.7604865716,232.7062993702,1.5529053588,-0.1928976322,-0.1178697577
302,-85.2596799758,-18.9242941037,232.9420025018,1.5507443853,-0.1736216298,-0.1168039369
303,-84.0498593538,-19.0852519471,233.1538129307,1.5486873546,-0.1546636244,-0.1162095797
304,-82.8475415236,-19.2451802283,233.3339059401,1.5481592995,-0.1360683409,-0.1171192818
305,-81.6557993088,-19.4049642026,233.4994788410,1.5430902134,-0.1170932579,-0.1198009483
306,-80.4710910467,-19.5620362146,233.6397225205,1.5405034844,-0.0979860696,-0.1216923254
307,-79.2925887860,-19.7222347995,233.7542268985,1.5380973831,-0.0807879053,-0.1193224822
308,-78.1178393376,-19.8838684367,233.8454024499,1.5385036270,-0.0651606706,-0.1153430108
309,-76.9369092893,-20.0409298733,233.9189921824,1.5375249651,-0.0507137096,-0.1116676021
310,-75.8079868093,-20.1892134012,233.9736909747,1.5380691978,-0.0380006507,-0.1086364104
311,-74.6771661535,-20.3337135083,234.0160817727,1.5377288197,-0.0273125506,-0.1086456646
312,-73.5616202713,-20.4760574612,234.0480951255,1.5369331095,-0.0187588056,-0.1117934473
313,-72.4542367832,-20.6164235332,234.0732290473,1.5351132355,-0.0121733123,-0.1134171143
314,-71.3635086015,-20.7608279023,234.0914644882,1.5337752495,-0.0063733854,-0.1169125264
315,-70.2914985596,-20.9080015891,234.1013560460,1.5338726046,-0.0012797266,-0.1256749324
316,-69.2219799935,-21.0521319980,234.1074716933,1.5322232952,0.0031922262,-0.1302922105
317,-68.1509580600,-21.2019093010,234.1068235136,1.5318857294,0.0071698846,-0.1219311634
318,-67.0841245351,-21.3441400023,234.1007415559,1.5327840908,0.0101262281,-0.1110160562
319,-66.0349006532,-21.4744268056,234.0935591319,1.5338531101,0.0116202707,-0.1076684384
320,-64.9984437131,-21.6001927304,234.0885007311,1.5331790886,0.0115927278,-0.1093145483
321,-63.9710328952,-21.7258438097,234.0842761525,1.5336877272,0.0110340637,-0.1127941905
322,-62.9523633260,-21.8545693188,234.0837103420,1.5318402027,0.0092194857,-0.1150551510
323,-61.9358535141,-21.9848509235,234.0863350274,1.5296031718,0.0069886896,-0.1156096714
324,-60.9281796905,-22.1119120049,234.0900443200,1.5291565361,0.0036169143,-0.1171147014
325,-59.9252335882,-22.2405050634,234.1013376839,1.5269580735,-0.0001978602,-0.1177782544
326,-58.9297787062,-22.3692492995,234.1159499628,1.5261240807,-0.0051465578,-0.1200562722
327,-57.9301313343,-22.4995448497,234.1343571511,1.5252352240,-0.0113215316,-0.1191835300
328,-56.9330304951,-22.6305343128,234.1563774088,1.5268294554,-0.0177957738,-0.1160409637
329,-55.9526784461,-22.7592160680,234.1826471525,1.5297779825,-0.0250148200,-0.1158689826
330,-54.9713511223,-22.8847735587,234.2182820035,1.5316452380,-0.0322828638,-0.1166304181
331,-53.9895470111,-23.0120926516,234.2612071286,1.5321696737,-0.0392841289,-0.1162437655
332,-53.0094181276,-23.1405696170,234.3131878060,1.5315172065,-0.0460854004,-0.1146933500
333,-52.0316193124,-23.2668567484,234.3709618229,1.5312087867,-0.0528299842,-0.1130370119
334,-51.0571066084,-23.3912441025,234.4352989493,1.5315640069,-0.0595368291,-0.1101633707
335,-50.0919725663,-23.5157626764,234.5064865899,1.5325959683,-0.0665412549,-0.1112828570
336,-49.1295120261,-23.6350159644,234.5836086365,1.5334050313,-0.0734950141,-0.1129189639
337,-48.1682044590,-23.7549242795,234.6658346436,1.5345867749,-0.0803554537,-0.1148495794
338,-47.2087833916,-23.8781901311,234.7578568819,1.5332799495,-0.0871905907,-0.1156726234
339,-46.2540024368,-24.0016872974,234.8570883381,1.5322865927,-0.0939299867,-0.1168870897
340,-45.2994324141,-24.1257154432,234.9611705057,1.5321268512,-0.1009333053,-0.1160929793
341,-44.3475964012,-24.2516800019,235.0731759096,1.5316577599,-0.1073385263,-0.1137068283
342,-43.3951503420,-24.3736538085,235.1912749722,1.5313647186,-0.1137264830,-0.1114762016
343,-42.4479739616,-24.4927595169,235.3154909971,1.5324000247,-0.1203701052,-0.1109038928
344,-41.5048555902,-24.6083721845,235.4438356320,1.5329972934,-0.1273322333,-0.1116681390
345,-40.5644169359,-24.7248896392,235.5776707316,1.5358342517,-0.1344272242,-0.1124833652
346,-39.6287526717,-24.8426867930,235.7179456909,1.5386005974,-0.1432363220,-0.1144230339
347,-38.6978557302,-24.9585616201,235.8671748419,1.5400069248,-0.1528037055,-0.1168043392
348,-37.7733289263,-25.0716557197,236.0252672130,1.5409990492,-0.1625887963,-0.1177722688
349,-36.8529208179,-25.1869166240,236.1928564433,1.5395531907,-0.1708245216,-0.1166830119
350,-35.9319525828,-25.3019928387,236.3694054522,1.5381672433,-0.1764469286,-0.1147039126
351,-35.0076780814,-25.4160081488,236.5503026744,1.5358457185,-0.1806197448,-0.1139566512
352,-34.0802784226,-25.5266202978,236.7324410836,1.5360806355,-0.1834866490,-0.1165099612
353,-33.1468774586,-25.6387564172,236.9163117256,1.5370637843,-0.1863924696,-0.1178236801
354,-32.2075983008,-25.7526039256,237.1035408990,1.5382341042,-0.1893838588,-0.1180987605
355,-31.2633047924,-25.8694638383,237.2917075876,1.5401454938,-0.1924002915,-0.1172843333
356,-30.3160291314,-25.9879599263,237.4844152160,1.5416258095,-0.1959999982,-0.1186601198
357,-29.3649113047,-26.1099915998,237.6797015111,1.5422672619,-0.1995516739,-0.1191634856
358,-28.4125429074,-26.2362992328,237.8842459834,1.5426285949,-0.2032963971,-0.1177655496
359,-27.4547621934,-26.3614666387,238.0904865522,1.5445943898,-0.2066944487,-0.1138289553
360,-26.4981250338,-26.4905913304,238.2979572099,1.5452679828,-0.2109050272,-0.1123644215
361,-25.5400349810,-26.6134206117,238.5102243174,1.5473460576,-0.2163419785,-0.1146946075
362,-24.5809487792,-26.7320697079,238.7242795175,1.5499913633,-0.2229188693,-0.1165338843
363,-23.6211724132,-26.8551503114,238.9449609598,1.5509266864,-0.2291980644,-0.1164352778
364,-22.6586071028,-26.9780135394,239.1766055121,1.5520746813,-0.2364726824,-0.1152496523
365,-21.6943882071,-27.0992077434,239.4151742099,1.5536944471,-0.2451174862,-0.1144719489
366,-20.7508939909,-27.2201896005,239.6594506155,1.5570147758,-0.2546076547,-0.1149497380
367,-19.8031633039,-27.3405724188,239.9166575016,1.5617171102,-0.2655730260,-0.1173906479
368,-18.8564518703,-27.4600473278,240.1831740836,1.5641234208,-0.2770628086,-0.1170165300
369,-17.9136549314,-27.5825840836,240.4680964518,1.5635857834,-0.2886145901,-0.1144165499
370,-16.9776410545,-27.7030311933,240.7610622421,1.5642071455,-0.2998061133,-0.1133293079
371,-16.0421741942,-27.8219685729,241.0662290015,1.5630651480,-0.3114296312,-0.1148305001
372,-15.1123937410,-27.9399962905,241.3836650847,1.5636792429,-0.3224788277,-0.1171482168
373,-14.1889965610,-28.0604489106,241.7073198962,1.5629968906,-0.3338007497,-0.1181599309
374,-13.2665667307,-28.1836925490,242.0441215821,1.5613106746,-0.3446078323,-0.1169723244
375,-12.3491424110,-28.3053833499,242.3873866763,1.5602598228,-0.3541539869,-0.1157327249
376,-11.4326979803,-28.4255467032,242.7401235425,1.5600580591,-0.3626732772,-0.1140935828
377,-10.5215203249,-28.5449193013,243.1015732461,1.5602077017,-0.3710984107,-0.1131806494
378,-9.6153581547,-28.6631204810,243.4714797028,1.5591129209,-0.3796480286,-0.1113973210
379,-8.7157524889,-28.7788364618,243.8459611687,1.5583703524,-0.3882249634,-0.1113391453
380,-7.8204274594,-28.8951094019,244.2282526872,1.5592087432,-0.3967643550,-0.1128584224
381,-6.9311511718,-29.0080037969,244.6145634081,1.5601065462,-0.4055826941,-0.1149133382
382,-6.0508321211,-29.1234238992,245.0098888367,1.5595438752,-0.4143898387,-0.1139706630
383,-5.1767482622,-29.2366497048,245.4108700004,1.5604747189,-0.4236903385,-0.1123749368
384,-4.3124073289,-29.3470143109,245.8152312057,1.5602413908,-0.4333570891,-0.1112129896
385,-3.4484059179,-29.4562250342,246.2281442567,1.5598963943,-0.4425900634,-0.1069764815
386,-2.5879473686,-29.5620690390,246.6538357920,1.5585112431,-0.4521658988,-0.1034967178
387,-1.7524888269,-29.6626217770,247.0800914160,1.5567212671,-0.4619916916,-0.1029270503
388,-0.9149947518,-29.7614294160,247.5149388478,1.5571157437,-0.4713969012,-0.1041558717
389,-0.0862500597,-29.8578766771,247.9570991552,1.5551508074,-0.4806622556,-0.1011894637
390,0.7421957463,-29.9561503052,248.4091828531,1.5539002118,-0.4900639943,-0.0998936710
391,1.5575455966,-30.0498492171,248.8635137280,1.5544478920,-0.4996220732,-0.1003319796
392,2.3707711258,-30.1405622400,249.3233521668,1.5553069527,-0.5091339173,-0.1006111149
393,3.1732722221,-30.2304941723,249.7905464481,1.5564323683,-0.5187877034,-0.1014243416
394,3.9747753784,-30.3204068400,250.2662193196,1.5562281787,-0.5281798086,-0.1006471421
395,4.7739332052,-30.4097774476,250.7492075256,1.5560655842,-0.5372133853,-0.0986748123
396,5.5707395524,-30.4983043121,251.2426634127,1.5543970709,-0.5446610076,-0.0954100245
397,6.3642573757,-30.5839541968,251.7404765547,1.5534286526,-0.5507373350,-0.0927094259
398,7.1584252222,-30.6675104348,252.2454453673,1.5504439624,-0.5553457422,-0.0893810935
399,7.9435822671,-30.7587257084,252.7764234214,1.5476312760,-0.5591930575,-0.0848393484
400,8.7260062683,-30.8531829244,253.3231881834,1.5464089580,-0.5620373022,-0.0818911634
401,9.5111395961,-30.9404871480,253.8595264464,1.5453299747,-0.5642453763,-0.0793311033
402,10.2934854112,-31.0273118730,254.3998947176,1.5451536438,-0.5661488932,-0.0801568295
403,11.0795236368,-31.1091601102,254.9326516083,1.5468150113,-0.5680352827,-0.0829317779
404,11.8666310154,-31.1941189125,255.4686182126,1.5491260261,-0.5700971262,-0.0847406086
405,12.6641456687,-31.2781873378,256.0023184879,1.5480749773,-0.5720910939,-0.0828068551
406,13.4603857261,-31.3638760110,256.5350707725,1.5497851761,-0.5736391589,-0.0801077945
407,14.2600696228,-31.4451526652,257.0681060417,1.5500688380,-0.5752153648,-0.0775355117
408,15.0584676118,-31.5221540089,257.6048036184,1.5478133627,-0.5764340245,-0.0731738284
409,15.8616983289,-31.5954674971,258.1452551567,1.5454395224,-0.5778417972,-0.0688348724
410,16.6654263378,-31.6666245538,258.6874206614,1.5452021651,-0.5783700640,-0.0675026795
411,17.4637996205,-31.7336937369,259.2234372624,1.5454728051,-0.5793115821,-0.0682846738
412,18.2700969094,-31.8017245636,259.7659906417,1.5434804662,-0.5799211367,-0.0670222176
413,19.0822223881,-31.8720835114,260.3090588273,1.5419738489,-0.5803697814,-0.0642416022
414,19.9021258999,-31.9387650898,260.8531181776,1.5412488477,-0.5810290435,-0.0615183207
415,20.7222328088,-32.0034913643,261.3992831835,1.5391334443,-0.5816244930,-0.0577843455
416,21.5422449354,-32.0651327115,261.9436217616,1.5387417283,-0.5826370781,-0.0557767212
417,22.3617890933,-32.1265556689,262.4889861922,1.5381461613,-0.5839582982,-0.0545333983
418,23.1797612510,-32.1846325099,263.0335497538,1.5375923319,-0.5852741623,-0.0521900907
419,23.9989344799,-32.2443332306,263.5792672464,1.5358745627,-0.5870135955,-0.0486810120
420,24.8148455765,-32.3011267276,264.1264390385,1.5355576019,-0.5893150799,-0.0466910662
421,25.6256037862,-32.3557795312,264.6736497937,1.5349963428,-0.5922473034,-0.0457986084
422,26.4349179614,-32.4083677439,265.2230862131,1.5341432000,-0.5951579706,-0.0436389355
423,27.2432494151,-32.4577920289,265.7728398014,1.5330192725,-0.5987868922,-0.0401504030
424,28.0560427918,-32.5064714320,266.3275460515,1.5324388597,-0.6039054506,-0.0354355446
425,28.8596102966,-32.5538296647,266.8822570069,1.5320170225,-0.6111482353,-0.0329536036
426,29.6578808355,-32.5954366634,267.4444384656,1.5358614145,-0.6183077540,-0.0330668538
427,30.4447810060,-32.6376552436,268.0130417981,1.5343388077,-0.6258967084,-0.0338429987
428,31.2396219342,-32.6775784373,268.5958861885,1.5330063668,-0.6329635241,-0.0325381581
429,32.0121350392,-32.7129005937,269.1676289641,1.5314578152,-0.6412190982,-0.0296024181
430,32.7952453363,-32.7498157737,269.7552345756,1.5292202382,-0.6494395356,-0.0239531450
431,33.5693675898,-32.7836930119,270.3475851041,1.5300739429,-0.6587109086,-0.0227841700
432,34.3380477839,-32.8119442244,270.9428390994,1.5332273372,-0.6690266065,-0.0245503228
433,35.1087279358,-32.8383587328,271.5589353113,1.5347838096,-0.6807654592,-0.0233735273
434,35.8600067476,-32.8653520517,272.1723358316,1.5357216791,-0.6923567253,-0.0229191576
435,36.6246426911,-32.8920423602,272.8167797334,1.5362952879,-0.7043589224,-0.0220057604
436,37.3610806599,-32.9178671430,273.4515981506,1.5343401212,-0.7159720142,-0.0179464435
437,38.1054278615,-32.9413441784,274.1103763963,1.5304194053,-0.7278888784,-0.0140901887
438,38.8445648714,-32.9625087314,274.7794096213,1.5303945642,-0.7400212823,-0.0124367232
439,39.5828562616,-32.9799920093,275.4635938651,1.5279606814,-0.7522086463,-0.0087507341
440,40.3159337494,-32.9971499786,276.1592371224,1.5238706409,-0.7638316834,-0.0019473374
441,41.0471268107,-33.0096442138,276.8694633289,1.5200397506,-0.7755711439,0.0065034598
442,41.7705232019,-33.0183870284,277.5835899777,1.5203242904,-0.7877562088,0.0110677167
443,42.4910927618,-33.0194680397,278.3147925358,1.5241960137,-0.8010771278,0.0117202748
444,43.2056532673,-33.0205038960,279.0600816138,1.5270351030,-0.8153091408,0.0125491564
445,43.9089464280,-33.0202730343,279.8159716995,1.5253896335,-0.8294522476,0.0169544005
446,44.6042193118,-33.0193821959,280.5902552898,1.5220271081,-0.8433230578,0.0229172292
447,45.2905512327,-33.0129047126,281.3757975345,1.5207608320,-0.8571033158,0.0268615460
448,45.9689001610,-33.0023899432,282.1768810254,1.5174347621,-0.8713502584,0.0303920528
449,46.6418553385,-32.9908440868,282.9875880039,1.5180712452,-0.8852899686,0.0346454814
450,47.3026605764,-32.9788263412,283.8152073073,1.5144636612,-0.8993992888,0.0377218142
451,47.9535332739,-32.9671397014,284.6507076086,1.5125461930,-0.9120229334,0.0390117420
452,48.5954224403,-32.9506746034,285.5029948778,1.5087500398,-0.9233818720,0.0409885645
453,49.2288060903,-32.9353996873,286.3647746134,1.5021482691,-0.9330979814,0.0444188253
454,49.8558580387,-32.9178543497,287.2366529156,1.5007114599,-0.9427675040,0.0438111783
455,50.4798259682,-32.9021552073,288.1168322261,1.4993155644,-0.9525371770,0.0424720134
456,51.0983004305,-32.8854350353,289.0062907697,1.4943655191,-0.9617895074,0.0457535779
457,51.7099326819,-32.8671874904,289.9111181473,1.4817378898,-0.9703990729,0.0561307972
458,52.3123796908,-32.8447250270,290.8216459061,1.4742817027,-0.9784451107,0.0598422534
459,52.9118499440,-32.8189255837,291.7412124480,1.4678342340,-0.9861277168,0.0628492410
460,53.5060769988,-32.7915555147,292.6683336839,1.4591376068,-0.9924972443,0.0677741995
461,54.0985952496,-32.7658268754,293.6015801484,1.4528943120,-0.9977189952,0.0710143811
462,54.6894208960,-32.7381740619,294.5359348336,1.4570239070,-1.0017842431,0.0636219009
463,55.2770156233,-32.7126008236,295.4736502603,1.4628436877,-1.0046800467,0.0528943608
464,55.8683247493,-32.6922241932,296.4162248387,1.4670504517,-1.0065663746,0.0450676808
465,56.4612000030,-32.6752676380,297.3679583795,1.4650281262,-1.0078747575,0.0451190684
466,57.0618600550,-32.6597974388,298.3235618551,1.4640731188,-1.0085877925,0.0472173316
467,57.6593891698,-32.6424511014,299.2790368096,1.4610518378,-1.0093573456,0.0503226792
468,58.2612252777,-32.6267258059,300.2373906504,1.4631363202,-1.0102246338,0.0495431189
469,58.8626203527,-32.6091027435,301.1982882474,1.4656826890,-1.0112960970,0.0478413030
470,59.4646432860,-32.5951735261,302.1623941579,1.4684117786,-1.0128218900,0.0454154162
471,60.0694913107,-32.5827709008,303.1282895273,1.4715786594,-1.0148538035,0.0439000527
472,60.6736928761,-32.5713023470,304.0998739439,1.4719358009,-1.0175497100,0.0454970455
473,61.2738861303,-32.5601392801,305.0751171742,1.4709068648,-1.0218560529,0.0484336820
474,61.8650383147,-32.5474850289,306.0513867017,1.4697306947,-1.0282595227,0.0502950926
475,62.4506505600,-32.5365801759,307.0315900179,1.4712711725,-1.0372828053,0.0503982872
476,63.0276889751,-32.5251078112,308.0158179821,1.4705599296,-1.0479079596,0.0535461012
477,63.5916402491,-32.5133601506,309.0115140500,1.4650683148,-1.0598969056,0.0586960270
478,64.1398972134,-32.5005566710,310.0090475250,1.4650293774,-1.0730586907,0.0588622818
479,64.6729392970,-32.4858924504,311.0122955095,1.4627776573,-1.0862928184,0.0607149599
480,65.1917847282,-32.4716132357,312.0209800349,1.4543198081,-1.0990389903,0.0686205441
481,65.6954493059,-32.4555384044,313.0352360680,1.4475318195,-1.1118222995,0.0765377103
482,66.1860990533,-32.4360978000,314.0481688400,1.4453353783,-1.1253201197,0.0799478803
483,66.6609087394,-32.4157599448,315.0673157914,1.4431544678,-1.1390474793,0.0830689656
484,67.1198308572,-32.3956452964,316.0941886414,1.4366625476,-1.1524794879,0.0887351825
485,67.5596195849,-32.3744687657,317.1224110616,1.4300087871,-1.1658906130,0.0927125034
486,67.9818728415,-32.3526019637,318.1559064729,1.4259048053,-1.1792774204,0.0934137783
487,68.3880580054,-32.3294775292,319.1931350108,1.4194579863,-1.1910556884,0.0958510066
488,68.7828140058,-32.3066860219,320.2331040572,1.4103748885,-1.2003417891,0.0996475792
489,69.1703953264,-32.2831994772,321.2739835274,1.4035841913,-1.2077224590,0.1042059401
490,69.5570132188,-32.2580041204,322.3134647173,1.4036391821,-1.2138366305,0.1043564579
491,69.9415506121,-32.2343381508,323.3537840627,1.4029272097,-1.2183709289,0.1063580535
492,70.3230913500,-32.2108603126,324.3937687635,1.4055623831,-1.2233396408,0.1058499673
493,70.6989774094,-32.1885228041,325.4341932448,1.4056967890,-1.2285547192,0.1074476391
494,71.0675113270,-32.1670060719,326.4741770258,1.4098168113,-1.2341814448,0.1050711124
495,71.4285488920,-32.1467563005,327.5132964815,1.4139368329,-1.2396247874,0.1016921625
496,71.7832117147,-32.1282377478,328.5583427879,1.4153787499,-1.2454669595,0.0994326374
497,72.1274729109,-32.1095313589,329.6029753220,1.4155050660,-1.2517756227,0.0982508839
498,72.4690336515,-32.0939560296,330.6503670996,1.4090754198,-1.2589468700,0.1047445307
499,72.7994196869,-32.0759335494,331.7022785201,1.3915862826,-1.2655558953,0.1211465041
500,73.1195871196,-32.0564641024,332.7529960056,1.3770778844,-1.2715261518,0.1348005121
501,73.4336922179,-32.0339612806,333.7961071299,1.3806842592,-1.2776812871,0.1315445383
502,73.7444174030,-32.0151447965,334.8376575530,1.3896702236,-1.2826224056,0.1245264602
503,74.0531528704,-31.9964427429,335.8747132532,1.4014451499,-1.2871166343,0.1165411471
504,74.3568065654,-31.9775476354,336.9129421413,1.3936548415,-1.2892160724,0.1247642971
505,74.6511739622,-31.9609216458,337.9421601880,1.3937626520,-1.2890319933,0.1239231709
506,74.9396163431,-31.9469218207,338.9632623650,1.3878892372,-1.2838011440,0.1252122300
507,75.2337841244,-31.9320443037,339.9669891135,1.3844118655,-1.2736696519,0.1237791109
508,75.5368981243,-31.9174006052,340.9536638768,1.3866784385,-1.2615322398,0.1182543447
509,75.8485435001,-31.9038224528,341.9184105161,1.3897528028,-1.2498143791,0.1141087180
510,76.1702467968,-31.8897576242,342.8697676060,1.3935205783,-1.2397706832,0.1121519774
511,76.4955020441,-31.8761383839,343.8000052891,1.3974355342,-1.2316148660,0.1107996980
512,76.8200495725,-31.8624935685,344.7119802263,1.4032931257,-1.2260088950,0.1058696419
513,77.1426556781,-31.8475634536,345.6108537163,1.4123236994,-1.2229150156,0.0982994836
514,77.4665859232,-31.8343485996,346.5025258297,1.4207044448,-1.2230441649,0.0912822243
515,77.7853745278,-31.8203925061,347.3966379851,1.4245223695,-1.2261028238,0.0899825564
516,78.0990124903,-31.8075618963,348.2897600119,1.4256427512,-1.2328263532,0.0913839187
517,78.4019367166,-31.7920424424,349.1797427344,1.4279889109,-1.2421966128,0.0927255313
518,78.6936797116,-31.7744695199,350.0737836281,1.4291324368,-1.2540910250,0.0948854080
519,78.9702244436,-31.7580734203,350.9685945456,1.4261175741,-1.2683279789,0.1002595626
520,79.2313919122,-31.7424011839,351.8629546634,1.4196782112,-1.2851167529,0.1099790668
521,79.4777358914,-31.7265343058,352.7601234287,1.4153121844,-1.3050224051,0.1190006303
522,79.7016932585,-31.7106027674,353.6511195129,1.4118127610,-1.3266831697,0.1263010100
523,79.9024595561,-31.6936752693,354.5547064345,1.4022959913,-1.3499620347,0.1364454872
524,80.0756882155,-31.6764890732,355.4594606571,1.3888751063,-1.3748156957,0.1499964384
525,80.2268780872,-31.6620397386,356.3546759814,1.3727882136,-1.4012951871,0.1671787082
526,80.3487791627,-31.6436817432,357.2662586189,1.3588374498,-1.4289023673,0.1809065837
527,80.4434174637,-31.6253268379,358.1848766845,1.3188103973,-1.4577001903,0.2190727108
528,80.5102726562,-31.6091414124,359.0927142284,1.2398900670,-1.4867572391,0.2980653802
529,80.5543219372,-31.5929593173,360.0164328002,1.0534033603,-1.5149776591,0.4859113935
530,80.5658072497,-31.5773372579,360.9251891157,0.5923984267,-1.5397036012,0.9459481114
531,80.5508794958,-31.5646664303,361.8500558922,-0.5066536502,-1.5435533853,2.0454463854
532,80.5104501803,-31.5514757018,362.7762284147,-1.0940923603,-1.5230232758,2.6330329773
533,80.4375833959,-31.5408243484,363.6907144477,-1.3053350374,-1.4997802614,2.8412961917
534,80.3474634567,-31.5296718966,364.6188816400,-1.3802072731,-1.4789637526,2.9139582299
535,80.2357722898,-31.5134302303,365.5553789984,-1.3880468116,-1.4612803361,2.9169108076
536,80.1085401483,-31.5001060538,366.4943993649,-1.3627586859,-1.4488620604,2.8841834616
537,79.9806980487,-31.4823972118,367.4350593060,-1.3780789358,-1.4430106105,2.8965028000
538,79.8487377725,-31.4581935139,368.3752561025,-1.4388952436,-1.4413250942,2.9543914892
539,79.7173999151,-31.4368813676,369.3283396056,-1.4808792791,-1.4414692076,2.9948291978
540,79.5856573889,-31.4231743076,370.2932157841,-1.4953526371,-1.4433609868,3.0068513275
541,79.4576526392,-31.4141906999,371.2702352909,-1.4898984017,-1.4464398202,3.0007597997
542,79.3364067126,-31.4054953090,372.2542877791,-1.4821245947,-1.4492555188,2.9937993728
543,79.2199114862,-31.3971804675,373.2451771691,-1.4922565343,-1.4521167410,3.0062781566
544,79.1048762345,-31.3895115192,374.2467368455,-1.5297251871,-1.4549115396,3.0458323461
545,78.9908025315,-31.3830320015,375.2596080019,-1.5700075702,-1.4571952553,3.0885106429
546,78.8762966032,-31.3801030648,376.2852550886,-1.5927993269,-1.4590547735,3.1126694894
547,78.7587508689,-31.3801211033,377.3285145888,-1.5804728011,-1.4604617274,3.1003813122
548,78.6369302299,-31.3814226107,378.3824485461,-1.5607921725,-1.4613779245,3.0782357770
549,78.5144818104,-31.3808118648,379.4472205486,-1.5504248353,-1.4617895863,3.0663051259
550,78.3909418596,-31.3781094170,380.5212185369,-1.5502794013,-1.4618867503,3.0641435934
551,78.2639219435,-31.3755065863,381.6040832751,-1.5562199678,-1.4614705610,3.0674311157
552,78.1364359807,-31.3728815346,382.6929628149,-1.5615524908,-1.4607447634,3.0719601216
553,78.0079529571,-31.3723948251,383.7876496663,-1.5787031159,-1.4598148931,3.0882344920
554,77.8809492750,-31.3790763137,384.8914522742,-1.6079726299,-1.4582230520,3.1185824136
555,77.7537317201,-31.3875576602,385.9994103900,-1.6234584086,-1.4551782534,3.1366448008
556,77.6236133557,-31.3996608553,387.1145295712,-1.6148485183,-1.4505457279,3.1318762939
557,77.4876652480,-31.4121340152,388.2305188337,-1.5982497123,-1.4435805075,3.1206872703
558,77.3409686692,-31.4245856507,389.3422056435,-1.5940079181,-1.4343118842,3.1206247075
559,77.1852717600,-31.4385682923,390.4544528976,-1.5995137448,-1.4242538822,3.1302679434
560,77.0153244412,-31.4524817029,391.5627785408,-1.6082680753,-1.4143912363,3.1410096478
561,76.8333927527,-31.4677234796,392.6682601094,-1.6131558475,-1.4047749729,-3.1356047771
562,76.6396516097,-31.4837937509,393.7744575867,-1.6103238136,-1.3953417457,-3.1375256845
563,76.4353947802,-31.5000686699,394.8797517481,-1.6034190189,-1.3857804532,3.1394357539
564,76.2214381094,-31.5156694520,395.9792984755,-1.6013664612,-1.3765083093,3.1384021546
565,75.9969941145,-31.5322324677,397.0726239065,-1.6083261936,-1.3674871756,-3.1380442977
566,75.7610172950,-31.5482758294,398.1581042766,-1.6183601253,-1.3586885978,-3.1291215533
567,75.5188835191,-31.5664114353,399.2365701111,-1.6227610543,-1.3501986598,-3.1241493500
568,75.2701699309,-31.5891280061,400.3144786207,-1.6226721510,-1.3424856826,-3.1245874256
569,75.0178387634,-31.6148241065,401.3862373246,-1.6236121280,-1.3355119159,-3.1239048341
570,74.7605065397,-31.6390866573,402.4521301928,-1.6261674784,-1.3292632227,-3.1197408138
571,74.4999257047,-31.6622496698,403.5170939424,-1.6292858368,-1.3234148584,-3.1124784341
572,74.2337325327,-31.6896748268,404.5761233122,-1.6400830609,-1.3175448163,-3.0995563115
573,73.9599775582,-31.7141661712,405.6344094597,-1.6545204839,-1.3113487922,-3.0787603740
574,73.6770809606,-31.7391302316,406.6946016090,-1.6535070810,-1.3051225730,-3.0766087211
575,73.3835769244,-31.7707382782,407.7559250523,-1.6407035244,-1.3003993447,-3.0899173517
576,73.0866130213,-31.7951445967,408.8164926405,-1.6376714021,-1.2953413936,-3.0893542823
577,72.7819993671,-31.8199329158,409.8764266893,-1.6352643456,-1.2918663145,-3.0920516434
578,72.4739370695,-31.8496398118,410.9381200654,-1.6388450134,-1.2886369137,-3.0905663734
579,72.1648940662,-31.8756333576,412.0023583532,-1.6273219335,-1.2863037624,-3.1013894216
580,71.8517861480,-31.8979604411,413.0688593682,-1.6058833366,-1.2845968067,-3.1215000964
581,71.5413250287,-31.9156040297,414.1327471479,-1.6006210002,-1.2837309195,-3.1239553758
582,71.2320150648,-31.9314954998,415.1967636697,-1.5952112209,-1.2825863837,-3.1238200132
583,70.9214922107,-31.9458549864,416.2677724297,-1.5890693609,-1.2817210055,-3.1248480629
584,70.6078957852,-31.9600701050,417.3391473470,-1.5855730926,-1.2806082896,-3.1246745983
585,70.2910224500,-31.9740533591,418.4114621667,-1.5840284602,-1.2797034866,-3.1232646766
586,69.9712464925,-31.9894817265,419.4832064558,-1.5824075551,-1.2784969583,-3.1231377741
587,69.6479546182,-32.0045464406,420.5581182438,-1.5781128542,-1.2771994382,-3.1260997174
588,69.3193949402,-32.0204444909,421.6341624453,-1.5725728907,-1.2758619096,-3.1326750354
589,68.9902427133,-32.0342337907,422.7073091045,-1.5664199060,-1.2746614825,-3.1412163461
590,68.6607012893,-32.0463732599,423.7786247908,-1.5600949088,-1.2738485877,3.1343441297
591,68.3292270783,-32.0564113934,424.8472862457,-1.5551300859,-1.2733011516,3.1261529548
592,68.0001417824,-32.0643754894,425.9117518385,-1.5509321325,-1.2735919483,3.1203928150
593,67.6752264538,-32.0689019131,426.9768015288,-1.5480023471,-1.2748108580,3.1160611721
594,67.3525272337,-32.0721109604,428.0436630768,-1.5421240380,-1.2765912156,3.1093636778
595,67.0360933718,-32.0777813913,429.1075884753,-1.5341286945,-1.2781792195,3.1017162868
596,66.7206141245,-32.0826139583,430.1698109582,-1.5271633254,-1.2795502742,3.0933815727
597,66.4031302060,-32.0843963287,431.2327226715,-1.5201512755,-1.2810380474,3.0844931052
598,66.0888708936,-32.0856461767,432.2925623976,-1.5160636198,-1.2826132666,3.0775763039
599,65.7813045071,-32.0870165497,433.3478435645,-1.5154174831,-1.2840257030,3.0770591235
600,65.4799705660,-32.0893329343,434.3977639759,-1.5172550516,-1.2855274032,3.0791325843
601,65.1797804705,-32.0886485808,435.4433901293,-1.5113893211,-1.2865858321,3.0745127222
602,64.8829623013,-32.0893026458,436.4945108205,-1.4976525844,-1.2873403458,3.0619666574
603,64.5890791597,-32.0854911537,437.5371204768,-1.4838619879,-1.2882089575,3.0502690019
604,64.2966156531,-32.0782850546,438.5760921990,-1.4763160789,-1.2891296141,3.0444777898
605,64.0051903483,-32.0691534700,439.6068640604,-1.4725693205,-1.2902549097,3.0415319553
606,63.7217489025,-32.0588937841,440.6312054559,-1.4706903294,-1.2912879157,3.0436678368
607,63.4341250256,-32.0479308626,441.6575794769,-1.4647370190,-1.2918168304,3.0384986116
608,63.1556505501,-32.0366952464,442.6756050923,-1.4599637669,-1.2915422821,3.0398086046
609,62.8768731476,-32.0266012054,443.6860480125,-1.4632207766,-1.2914284064,3.0445666956
610,62.5987732516,-32.0178593186,444.6934766461,-1.4605998346,-1.2917015910,3.0433421466
611,62.3225333706,-32.0083486036,445.6980705658,-1.4501587198,-1.2909073054,3.0331026145
612,62.0444369678,-31.9982921793,446.6965753491,-1.4436442196,-1.2901977295,3.0273355504
613,61.7688370804,-31.9869429295,447.6861193864,-1.4394763257,-1.2896143263,3.0224998386
614,61.4935094878,-31.9734074936,448.6681110875,-1.4414319224,-1.2892785393,3.0246749068
615,61.2216084886,-31.9605185140,449.6421822233,-1.4438212891,-1.2890596451,3.0277264436
616,60.9480933984,-31.9450640762,450.6170749752,-1.4410237414,-1.2887115788,3.0254224565
617,60.6769599205,-31.9264930467,451.5869278019,-1.4332079110,-1.2878121580,3.0178598473
618,60.4073355289,-31.9088376632,452.5487043052,-1.4288844500,-1.2869497686,3.0142950431
619,60.1364357270,-31.8883324619,453.5029753236,-1.4284883990,-1.2863184683,3.0143179143
620,59.8626451267,-31.8601317717,454.4521808094,-1.4296761707,-1.2860097493,3.0149833336
621,59.5883703808,-31.8327503914,455.3997197114,-1.4285790557,-1.2858525736,3.0116269072
622,59.3165497912,-31.8037781430,456.3430263573,-1.4241220812,-1.2857315820,3.0054653945
623,59.0478915899,-31.7768708479,457.2803641046,-1.4181169720,-1.2856285594,2.9986203121
624,58.7705572157,-31.7467667913,458.2112250054,-1.4116425385,-1.2853948569,2.9909177586
625,58.4995893543,-31.7172146291,459.1362376043,-1.4040458628,-1.2848880586,2.9827158928
626,58.2272072769,-31.6845027718,460.0619397373,-1.3909969657,-1.2836696750,2.9696410730
627,57.9561486549,-31.6479068529,460.9820658960,-1.3771889993,-1.2814412762,2.9565857666
628,57.6847390923,-31.6104275000,461.9031668983,-1.3666950188,-1.2788284098,2.9459800556
629,57.4137577407,-31.5681264807,462.8169072643,-1.3584510811,-1.2763780585,2.9393377839
630,57.1456325441,-31.5257711705,463.7196471443,-1.3531914823,-1.2742935835,2.9356542285
631,56.8764035652,-31.4867297329,464.6249801054,-1.3484511030,-1.2721940371,2.9326196823
632,56.6053725299,-31.4467174198,465.5230489835,-1.3464931187,-1.2701417866,2.9305879302
633,56.3363888109,-31.4073315186,466.4163352245,-1.3452627681,-1.2687050222,2.9307429981
634,56.0681253874,-31.3650046470,467.3014649979,-1.3416861040,-1.2682530830,2.9283451887
635,55.7990582214,-31.3261384412,468.1755034636,-1.3413996393,-1.2688636606,2.9266880402
636,55.5354485510,-31.2862656755,469.0442599362,-1.3386741865,-1.2697996092,2.9250421644
637,55.2826777721,-31.2449635722,469.9045848385,-1.3337722605,-1.2705505439,2.9252001424
638,55.0305404436,-31.2037814418,470.7534060861,-1.3272614700,-1.2707504829,2.9202750534
639,54.7783970301,-31.1652607060,471.5930031365,-1.3245498502,-1.2713115998,2.9171141868
640,54.5319928412,-31.1259245914,472.4155939985,-1.3271094503,-1.2717868265,2.9210951533
641,54.2881010266,-31.0862286910,473.2248153940,-1.3330982361,-1.2731170589,2.9275187374
642,54.0494573701,-31.0471166323,474.0198725135,-1.3380014808,-1.2743514544,2.9330590591
643,53.8123569434,-31.0096425554,474.8033031280,-1.3406462404,-1.2753735314,2.9343837421
644,53.5777906774,-30.9725418128,475.5795298994,-1.3431670307,-1.2764621160,2.9364034541
645,53.3476732668,-30.9369747334,476.3513220514,-1.3436240154,-1.2773654489,2.9380308233
646,53.1207191629,-30.9004493900,477.1191680671,-1.3442510905,-1.2786653100,2.9410191679
647,52.8957810507,-30.8650889741,477.8842567340,-1.3442555309,-1.2806299993,2.9418698874
648,52.6714352604,-30.8315362161,478.6472929945,-1.3440525071,-1.2840804301,2.9403745003
649,52.4557438560,-30.7978497801,479.4104531912,-1.3432238208,-1.2893704232,2.9413283267
650,52.2442300229,-30.7662692701,480.1771575758,-1.3412291089,-1.2964891382,2.9388139146
651,52.0383224311,-30.7327652303,480.9434804353,-1.3317760174,-1.3060224323,2.9264495084
652,51.8389094975,-30.6996409992,481.7100096551,-1.3109763434,-1.3167998423,2.9017831208
653,51.6522234372,-30.6623875260,482.4887541304,-1.2721691033,-1.3286877808,2.8603824066
654,51.4800094910,-30.6250328631,483.2539923498,-1.2313542745,-1.3427926197,2.8183308957
655,51.3259947322,-30.5831594249,484.0290655638,-1.1984414391,-1.3603303044,2.7848384794
656,51.1838533250,-30.5363450932,484.8082137996,-1.1521462472,-1.3792053168,2.7350151994
657,51.0600928804,-30.4885212136,485.5758847955,-1.0914370133,-1.3995905284,2.6720057991
658,50.9616586936,-30.4406951415,486.3617645502,-0.9977334527,-1.4196094632,2.5770602645
659,50.8853813815,-30.3926734177,487.1307637744,-0.8894087463,-1.4411878829,2.4686479196
660,50.8332283035,-30.3404374708,487.9230178181,-0.7369805912,-1.4617319027,2.3168655012
661,50.8010539895,-30.2911158200,488.7132741176,-0.5351439100,-1.4796535843,2.1150389658
662,50.7853970333,-30.2418083884,489.4880067286,-0.2486110725,-1.4909488966,1.8290404944
663,50.7919108157,-30.1939004154,490.2831198029,0.0933116186,-1.4926764409,1.4876578375
664,50.8227049367,-30.1463172408,491.0781256483,0.4065847784,-1.4850738109,1.1754257383
665,50.8725741656,-30.0965350808,491.8610053272,0.6440443194,-1.4705613398,0.9402371431
666,50.9473345294,-30.0442728409,492.6598218053,0.8127949026,-1.4530035720,0.7736551588
667,51.0372975395,-29.9919323461,493.4438805666,0.9388980430,-1.4334231510,0.6481430471
668,51.1524904196,-29.9386857879,494.2439250655,1.0364767565,-1.4120545899,0.5524129392
669,51.2893171149,-29.8852111816,495.0462428632,1.1097361542,-1.3900696437,0.4803370913
670,51.4434062300,-29.8328629182,495.8341382281,1.1711649895,-1.3680397455,0.4192268427
671,51.6187079416,-29.7788962199,496.6356096192,1.2194310468,-1.3467595678,0.3722851064
672,51.8106893814,-29.7237894836,497.4214440156,1.2588891426,-1.3271291632,0.3340595096
673,52.0191597120,-29.6676673159,498.2226594524,1.2865593196,-1.3078899913,0.3079924470
674,52.2438536800,-29.6139219881,499.0267659189,1.3071515484,-1.2894161617,0.2868645149
675,52.4803233226,-29.5601248551,499.8184746181,1.3266313535,-1.2715512170,0.2664375839
676,52.7343297395,-29.5047947501,500.6194022881,1.3412333333,-1.2540099708,0.2512645296
677,53.0065448224,-29.4497465555,501.4189993872,1.3569019188,-1.2361878911,0.2363793981
678,53.2929877034,-29.3969956495,502.2092937391,1.3689939473,-1.2179981910,0.2243819953
679,53.5982553084,-29.3440521397,503.0066781947,1.3788481623,-1.1993723779,0.2143098646
680,53.9231250745,-29.2887984081,503.7941397018,1.3865759880,-1.1804826545,0.2096064067
681,54.2660025186,-29.2368152922,504.5860538589,1.3917736290,-1.1623209632,0.2052688299
682,54.6180258756,-29.1855221548,505.3744386857,1.3990007587,-1.1445042681,0.1964453582
683,54.9864917375,-29.1313291039,506.1473331443,1.4101337305,-1.1269585337,0.1857962649
684,55.3712800816,-29.0749572337,506.9231394088,1.4265115676,-1.1105146051,0.1696745967
685,55.7671410142,-29.0213278110,507.6994949126,1.4302965808,-1.0923999548,0.1632285575
686,56.1717394921,-28.9710584813,508.4603643347,1.4375570247,-1.0734066287,0.1505564855
687,56.5997264723,-28.9186153217,509.2268270969,1.4404773135,-1.0524472083,0.1449766727
688,57.0495593576,-28.8696127732,509.9822905806,1.4413218306,-1.0303710069,0.1450263424
689,57.5201537099,-28.8226332693,510.7220604208,1.4418046391,-1.0074606748,0.1452114891
690,58.0076693669,-28.7718992242,511.4607975600,1.4447973156,-0.9828820295,0.1417542741
691,58.5121631033,-28.7215695464,512.1698309414,1.4499371879,-0.9566583514,0.1368056252
692,59.0377088210,-28.6697760871,512.8772537185,1.4556288394,-0.9292517800,0.1319561983
693,59.5832110897,-28.6187141119,513.5704575255,1.4614416694,-0.9017950639,0.1272422843
694,60.1442962905,-28.5670866958,514.2262123638,1.4673916915,-0.8748509127,0.1229743983
695,60.7219805671,-28.5156128405,514.8808461312,1.4735586990,-0.8482186541,0.1198816246
696,61.3152490070,-28.4657517956,515.5164307515,1.4773400142,-0.8221112580,0.1184696924
697,61.9169769827,-28.4155189083,516.1183604899,1.4817792582,-0.7971245486,0.1159780634
698,62.5377221841,-28.3678395708,516.7231427749,1.4861568998,-0.7740958402,0.1117905233
699,63.1689132480,-28.3168073625,517.3027280000,1.4913077299,-0.7533126988,0.1081583584
700,63.8184500054,-28.2653405616,517.8832025967,1.4939406365,-0.7338437753,0.1085325372
701,64.4773057876,-28.2126776399,518.4572574664,1.4928680388,-0.7143986239,0.1108362546
702,65.1447573323,-28.1622761173,519.0118438448,1.4936214156,-0.6951244173,0.1096556485
703,65.8239676461,-28.1054362835,519.5627466007,1.4963061369,-0.6763960044,0.1045200042
704,66.5203399376,-28.0454903452,520.1021105147,1.5008473006,-0.6572758477,0.1016634054
705,67.2319723859,-27.9870556137,520.6242646959,1.5001923528,-0.6373764691,0.1045287216
706,67.9585536084,-27.9301422318,521.1488856330,1.4952934772,-0.6166476894,0.1109695632
707,68.6926880189,-27.8687270394,521.6439893869,1.4941309695,-0.5947600980,0.1122642512
708,69.4445863786,-27.8045690606,522.1354627693,1.4958665532,-0.5719465774,0.1105787187
709,70.2099907060,-27.7376830456,522.6100318912,1.4996470157,-0.5483033498,0.1078372894
710,70.9858551767,-27.6694065231,523.0508901151,1.5040004002,-0.5245200410,0.1051040939
711,71.7797835344,-27.6017239362,523.4908875329,1.5076608102,-0.5000240335,0.1038458809
712,72.5905107908,-27.5373236821,523.9092592206,1.5129751317,-0.4751939692,0.1028122034
713,73.4119684913,-27.4690789965,524.2942430977,1.5181048947,-0.4499694608,0.1020074502
714,74.2510271345,-27.4008174531,524.6795573164,1.5208322007,-0.4244618903,0.1011939374
715,75.1011401827,-27.3330234177,525.0314684977,1.5227333522,-0.3987619356,0.1006946248
716,75.9674286619,-27.2639956320,525.3800367455,1.5243537223,-0.3728710682,0.0982876500
717,76.8459896522,-27.1954609824,525.7095319332,1.5258694131,-0.3468361111,0.0949938582
718,77.7381255732,-27.1303601467,526.0021149473,1.5252689809,-0.3202776736,0.0928280566
719,78.6446781105,-27.0646276973,526.2891979102,1.5252304073,-0.2938089887,0.0914228480
720,79.5662782740,-26.9994728667,526.5531179483,1.5255170064,-0.2667273670,0.0908362555
721,80.4945349036,-26.9337121836,526.7750119865,1.5266477225,-0.2397151239,0.0905426508
722,81.4402729192,-26.8676031363,526.9893386996,1.5293747112,-0.2123999296,0.0897854530
723,82.3942083955,-26.7984016088,527.1575945568,1.5341690191,-0.1855768813,0.0884391035
724,83.3612506552,-26.7291375228,527.3204519896,1.5365373423,-0.1587967168,0.0883251371
725,84.3384931289,-26.6566361290,527.4587332985,1.5395062190,-0.1328076765,0.0889599574
726,85.3162766588,-26.5846713935,527.5573335810,1.5424501911,-0.1074394758,0.0870261680
727,86.3090801625,-26.5127929481,527.6484839895,1.5443215918,-0.0822148821,0.0851064730
728,87.3098845963,-26.4435478872,527.7158964881,1.5460109702,-0.0568826742,0.0850110457
729,88.3185463214,-26.3734332684,527.7444781238,1.5466129061,-0.0319113498,0.0868655138
730,89.3392958101,-26.3035334793,527.7634592056,1.5479695395,-0.0073778983,0.0896036843
731,90.3607956063,-26.2295985260,527.7567525261,1.5486098434,0.0167376346,0.0906130986
732,91.3857638924,-26.1566498100,527.7140095619,1.5483247966,0.0414566231,0.0896567639
733,92.4179777457,-26.0831996917,527.6607048949,1.5477341588,0.0665599958,0.0879270961
734,93.4485191241,-26.0104124243,527.5664172449,1.5481834795,0.0920054144,0.0865772990
735,94.4889217051,-25.9387953342,527.4570630821,1.5495168079,0.1169170637,0.0851279467
736,95.5261034039,-25.8675249769,527.3190618263,1.5525071743,0.1412341996,0.0856877746
737,96.5721494686,-25.7952726101,527.1445859377,1.5545481848,0.1648944560,0.0873065077
738,97.6164816304,-25.7233044044,526.9541869181,1.5591976424,0.1873394870,0.0869770500
739,98.6582430377,-25.6517954570,526.7435052876,1.5607633541,0.2083106178,0.0836693200
740,99.7003921780,-25.5812156536,526.5013814093,1.5607639264,0.2292024302,0.0823915020
741,100.7486949831,-25.5144921680,526.2457278466,1.5610375839,0.2498634252,0.0830539203
742,101.7988224987,-25.4504197387,525.9566629385,1.5599097717,0.2712245723,0.0817017932
743,102.8418256592,-25.3848674813,525.6567767980,1.5591770869,0.2927480122,0.0775354350
744,103.8857534855,-25.3233958332,525.3335910007,1.5559999277,0.3138674768,0.0749578377
745,104.9259024345,-25.2636126960,524.9754655919,1.5550320351,0.3352090187,0.0753929223
746,105.9670583653,-25.2073359125,524.6035330973,1.5544765635,0.3561500552,0.0770543232
747,107.0045404571,-25.1463519867,524.2072042074,1.5547901488,0.3765022085,0.0775838397
748,108.0372125863,-25.0824891423,523.7824351164,1.5550337304,0.3949148559,0.0783275127
749,109.0660651729,-25.0186540617,523.3418691893,1.5582091826,0.4105283556,0.0806046081
750,110.0905651688,-24.9545731603,522.8854454814,1.5608683230,0.4226194332,0.0805163951
751,111.1150697739,-24.8893653548,522.4122636374,1.5643357534,0.4321011779,0.0780783463
752,112.1404379065,-24.8245973355,521.9261020746,1.5701649078,0.4388883709,0.0777540784
753,113.1672874500,-24.7606982151,521.4295061719,1.5759808236,0.4439009135,0.0797942506
754,114.1969036929,-24.6947975012,520.9283441629,1.5816309137,0.4473224902,0.0817512757
755,115.2326723823,-24.6257087310,520.4236708309,1.5855866450,0.4493175140,0.0837739299
756,116.2760298718,-24.5561058619,519.9179674691,1.5871489530,0.4506667331,0.0858480751
757,117.3281219218,-24.4834791469,519.4106031734,1.5872525685,0.4518147213,0.0880739199
758,118.3829781996,-24.4082076203,518.9020617812,1.5870040471,0.4529598276,0.0917771317
759,119.4497820154,-24.3298483527,518.3867310992,1.5880533992,0.4544375051,0.0958294939
760,120.5033017825,-24.2502992762,517.8696234734,1.5890194589,0.4556387160,0.0965267320
761,121.5668154258,-24.1685210277,517.3482876736,1.5880993552,0.4566515544,0.0939425057
762,122.6927886942,-24.0834756730,516.7909582872,1.5895768153,0.4575614178,0.0918616551
763,123.7092189501,-24.0093840924,516.2873607002,1.5906304040,0.4584816388,0.0911512836
764,124.7884378159,-23.9329877533,515.7518815198,1.5913643931,0.4597272716,0.0907231384
765,125.8764600009,-23.8563995340,515.2122189396,1.5918757719,0.4609785851,0.0921955827
766,126.9716528741,-23.7764823448,514.6675755723,1.5927274429,0.4620362209,0.0957013741
767,128.0703319660,-23.6924087288,514.1212396513,1.5933222687,0.4633974822,0.0985199070
768,129.1714703929,-23.6052284487,513.5715776470,1.5938283163,0.4646513848,0.1001016293
769,130.2760797077,-23.5162740871,513.0153379561,1.5946476320,0.4657154503,0.1008200488
770,131.3863322848,-23.4261845838,512.4562975030,1.5946648299,0.4665945139,0.1010075634
771,132.4979278308,-23.3362262887,511.8923501158,1.5960686227,0.4674292285,0.0992525181
772,133.6125162480,-23.2456633229,511.3245387839,1.5980624196,0.4678453634,0.0963009063
773,134.7397353619,-23.1572270413,510.7554291584,1.5974557833,0.4676746544,0.0974994755
774,135.8770368768,-23.0679357146,510.1828584627,1.5987907553,0.4670659098,0.1007382008
775,137.0168666251,-22.9790010446,509.6147964109,1.5955814684,0.4671370381,0.0998904505
776,138.1614902896,-22.8859570405,509.0419094954,1.5938750949,0.4674670076,0.0962103277
777,139.3119820427,-22.7979972784,508.4643760052,1.5917498369,0.4668695273,0.0914704519
778,140.4680286899,-22.7120268963,507.8830829421,1.5916446431,0.4668689515,0.0879692449
779,141.6385118586,-22.6275481184,507.2956028510,1.5945754978,0.4669294792,0.0916236100
780,142.8217952797,-22.5431867149,506.7015460294,1.5956649687,0.4673234467,0.0951208362
781,144.0033920961,-22.4523765778,506.1081657873,1.5964061726,0.4675590248,0.0959502505
782,145.1901450754,-22.3596541846,505.5135036177,1.5943932945,0.4679027581,0.0943347580
783,146.3847495794,-22.2688831566,504.9146342871,1.5928296723,0.4683249851,0.0942126787
784,147.5858300296,-22.1786286402,504.3117263577,1.5927407681,0.4686156019,0.0954998849
785,148.7954295451,-22.0862013502,503.7040029488,1.5931615726,0.4689701824,0.0960745567
786,150.0074303841,-21.9931057845,503.0913031365,1.5941418630,0.4691942755,0.0951060095
787,151.2257994307,-21.9008081115,502.4760185984,1.5941139262,0.4695778976,0.0942299621
788,152.4505250175,-21.8086191845,501.8576864744,1.5941729109,0.4701585098,0.0936356452
789,153.6797023031,-21.7143425757,501.2356663995,1.5955742067,0.4704100803,0.0954387111
790,154.9179211647,-21.6175977934,500.6130681027,1.5954151489,0.4707175016,0.0970424877
791,156.1608886794,-21.5202759173,499.9889108813,1.5927717038,0.4712736926,0.0960085832
792,157.4091393898,-21.4207414790,499.3689161066,1.5866667189,0.4719292575,0.0935195982
793,158.6617272282,-21.3244965326,498.7462717502,1.5821246478,0.4727749680,0.0935507723
794,159.9150380167,-21.2281377934,498.1235648032,1.5784962203,0.4732793233,0.0946152665
795,161.1711738312,-21.1295378649,497.4896384091,1.5782895530,0.4734817527,0.0936189849
796,162.4227704778,-21.0323339591,496.8529193884,1.5809655009,0.4730108196,0.0932340162
797,163.6769070413,-20.9375498726,496.2110287842,1.5856958128,0.4724278727,0.0931092551
798,164.9295521182,-20.8439187233,495.5711560735,1.5897055929,0.4717422423,0.0939522911
799,166.1854559044,-20.7480119885,494.9317781249,1.5927969632,0.4715068489,0.0963198593
800,167.4425015370,-20.6530488791,494.2939681388,1.5923924237,0.4713808515,0.0977751210
801,168.6979133567,-20.5581447695,493.6552523548,1.5921114711,0.4712634213,0.0979701434
802,169.9538680208,-20.4619249529,493.0202930294,1.5903537011,0.4710002103,0.0983110976
803,171.2050966337,-20.3680204393,492.3811100168,1.5914860297,0.4713158357,0.0956025913
804,172.4590696360,-20.2728728472,491.7407397795,1.5939101865,0.4709547288,0.0947378532
805,173.7143705958,-20.1780018225,491.1023358445,1.5963413779,0.4698060681,0.0933724247
806,174.9669969312,-20.0857579350,490.4680106005,1.5969837190,0.4685167177,0.0908863011
807,176.2303045735,-19.9940931489,489.8418322374,1.5939913233,0.4675702431,0.0962342867
808,177.4974971518,-19.8977792932,489.2150087472,1.5941463004,0.4665142466,0.1034682827
809,178.7550241108,-19.7939583770,488.5939346019,1.5888031092,0.4647088824,0.1017855043
810,180.0071315250,-19.6895152860,487.9718305660,1.5886459248,0.4626375584,0.0981240173
811,181.2556120710,-19.5945383959,487.3503632971,1.5868927070,0.4599916837,0.0964107734
812,182.5019074611,-19.5035599502,486.7329455812,1.5856194258,0.4582965624,0.0935922897
813,183.7473294242,-19.4148125982,486.1211378243,1.5838263094,0.4571893241,0.0919307205
814,184.9978731125,-19.3245699920,485.5083918149,1.5835655481,0.4566392409,0.0940444709
815,186.2462400816,-19.2324663140,484.8966016320,1.5843905587,0.4558527048,0.0970509305
816,187.4900331789,-19.1364191171,484.2858393622,1.5846003230,0.4556914467,0.0963211157
817,188.7337700403,-19.0387322816,483.6795359243,1.5828075906,0.4562786022,0.0952632953
818,189.9709922932,-18.9426757943,483.0710739487,1.5829867720,0.4577915119,0.0933392603
819,191.2110548694,-18.8501598805,482.4578699405,1.5833593330,0.4595446649,0.0905232843
820,192.4412396386,-18.7610979560,481.8467707948,1.5857818323,0.4614464038,0.0903077200
821,193.6703726853,-18.6739340508,481.2345871632,1.5879071342,0.4640075427,0.0914414072
822,194.8923040258,-18.5846995965,480.6227642480,1.5902184617,0.4671556575,0.0936789451
823,196.1115922690,-18.4935142018,480.0118985783,1.5897701179,0.4705477390,0.0961379099
824,197.3260199301,-18.4007127034,479.3936881367,1.5917978049,0.4740203975,0.0976968117
825,198.5291312580,-18.3054907412,478.7772166323,1.5922166136,0.4769238684,0.0965061036
826,199.7252468852,-18.2131710169,478.1546307372,1.5947638572,0.4799282288,0.0939499984
827,200.9180933252,-18.1233933772,477.5330804545,1.5946248543,0.4831247062,0.0914308658
828,202.1084064535,-18.0380134222,476.9117873980,1.5932599050,0.4865831623,0.0916360322
829,203.2899969063,-17.9510901645,476.2867970361,1.5928581585,0.4895950463,0.0935796262
830,204.4657891226,-17.8646379031,475.6637182739,1.5910753731,0.4926789962,0.0958890957
831,205.6290121217,-17.7775202514,475.0420568689,1.5894156056,0.4958571213,0.0973819602
832,206.7722284098,-17.6924724279,474.4258985117,1.5885959972,0.4985575153,0.0978789299
833,207.9027489778,-17.6079044002,473.8126697033,1.5885694383,0.5008573945,0.0992928426
834,209.0151090043,-17.5247413000,473.2046189460,1.5899593929,0.5027195576,0.1022314379
835,210.1068769183,-17.4426883435,472.6069838921,1.5884586213,0.5046666125,0.1021969064
836,211.1796287901,-17.3611714040,472.0183411300,1.5861252127,0.5067449885,0.1015018065
837,212.2350033972,-17.2810574814,471.4404618956,1.5821654261,0.5083298649,0.1002615282
838,213.2767982179,-17.2026199701,470.8667957029,1.5798311557,0.5089507172,0.1003355930
839,214.2974110446,-17.1275708347,470.3045346915,1.5785464032,0.5087921869,0.1012219063
840,215.3003008438,-17.0535024202,469.7523914368,1.5769612421,0.5072437665,0.1011086057
841,216.2834532151,-16.9808007705,469.2148516884,1.5757091642,0.5040586582,0.1004507487
842,217.2503017548,-16.9084766869,468.6893660389,1.5742373035,0.4989491012,0.0997892438
843,218.2062649136,-16.8370083430,468.1803450212,1.5735770746,0.4911737429,0.0997580522
844,219.1527883033,-16.7668966750,467.6883435224,1.5731431868,0.4808214518,0.0993259782
845,220.0965924282,-16.6961777139,467.2065547109,1.5726191268,0.4675011118,0.0989376181
846,221.0391074121,-16.6261056765,466.7490978343,1.5718323678,0.4519678830,0.0974183245
847,221.9748161832,-16.5555287887,466.3028371718,1.5703302991,0.4350446638,0.0949584947
848,222.9198879867,-16.4854401836,465.8918546571,1.5637525844,0.4173535568,0.0928352063
849,223.8598148253,-16.4191577279,465.5035335229,1.5576332675,0.3994335257,0.0899377817
850,224.7951624417,-16.3530779212,465.1196044224,1.5563328300,0.3810800129,0.0863092410
851,225.7361075567,-16.2887926740,464.7687733011,1.5512814790,0.3613558760,0.0833379300
852,226.6870522173,-16.2230208981,464.4337816255,1.5506633584,0.3413036667,0.0837382312
853,227.6396275380,-16.1592169388,464.1051633712,1.5489141034,0.3204217200,0.0838717157
854,228.6071209036,-16.0894348400,463.8097201814,1.5483281712,0.3001892123,0.0863943300
855,229.5728266112,-16.0224106500,463.5232472195,1.5448752371,0.2796577959,0.0894341627
856,230.5492674839,-15.9501002793,463.2652294414,1.5434638101,0.2589475507,0.0930685526
857,231.5316632438,-15.8737140275,463.0324099103,1.5382647998,0.2384206357,0.0942141714
858,232.5054531084,-15.7951279308,462.8109809820,1.5333383947,0.2183357684,0.0948227616
859,233.4851922553,-15.7161947630,462.6244756364,1.5284380861,0.1978040936,0.0941706711
860,234.4722164564,-15.6369790753,462.4636666610,1.5248194669,0.1770260381,0.0944262709
861,235.4605321555,-15.5587343447,462.3029988223,1.5246112541,0.1550951840,0.0953222526
862,236.4609003087,-15.4797280504,462.1788292835,1.5240408475,0.1310395619,0.0943604780
863,237.4527418539,-15.4008539238,462.0567764086,1.5270024487,0.1055048330,0.0903129345
864,238.4580956857,-15.3246842313,461.9798933340,1.5295280269,0.0786636667,0.0865003051
865,239.4763985877,-15.2519303423,461.9336025677,1.5315764280,0.0511666460,0.0847443562
866,240.4914581943,-15.1830540465,461.8975262617,1.5319910759,0.0231013257,0.0849673596
867,241.5225320487,-15.1123229015,461.9116878871,1.5305195760,-0.0052397092,0.0857174836
868,242.5612761505,-15.0417123789,461.9552400823,1.5289376983,-0.0342186618,0.0865413244
869,243.5960607162,-14.9721999086,462.0121311636,1.5259781808,-0.0639994249,0.0879906280
870,244.6432831653,-14.8974566662,462.1248306328,1.5199566078,-0.0938756619,0.0911345070
871,245.6911114436,-14.8230752853,462.2691276428,1.5151555870,-0.1235374039,0.0936095232
872,246.7229263213,-14.7407737249,462.4247685046,1.5073362726,-0.1532164716,0.0937497950
873,247.7646729027,-14.6581754917,462.6316728162,1.5026214460,-0.1821010608,0.0917166552
874,248.7962674114,-14.5775320210,462.8450133786,1.4983639436,-0.2105851018,0.0916776517
875,249.8351059734,-14.4992023431,463.1158571505,1.4943376328,-0.2391438217,0.0905585961
876,250.8704909870,-14.4217733819,463.4180452879,1.4902541946,-0.2677382134,0.0903597334
877,251.9042902917,-14.3468263860,463.7281545605,1.4871329958,-0.2962354466,0.0935535282
878,252.9403338822,-14.2659918334,464.0880851186,1.4833304367,-0.3247123888,0.0987696694
879,253.9704220958,-14.1867360228,464.4754632567,1.4822291557,-0.3532995697,0.1022342747
880,254.9797645097,-14.1046126890,464.8787939125,1.4778977811,-0.3827013091,0.1010270281
881,255.9901131455,-14.0188277360,465.3215981505,1.4817202709,-0.4110020919,0.0991988317
882,256.9900625523,-13.9382507435,465.7842967942,1.4780974706,-0.4383728337,0.1012047090
883,257.9896961389,-13.8568950872,466.2926705795,1.4717165002,-0.4640989533,0.1059590791
884,258.9820745132,-13.7687307791,466.8278731904,1.4662402485,-0.4894643645,0.1133458716
885,259.9564963004,-13.6774883923,467.3702257657,1.4637467241,-0.5142901819,0.1209989232
886,260.9315702095,-13.5791433520,467.9551217188,1.4603942863,-0.5387787629,0.1255631520
887,261.8896507286,-13.4767284985,468.5612949909,1.4558182489,-0.5625386837,0.1284409344
888,262.8335247606,-13.3736407567,469.1782647163,1.4537855285,-0.5850053542,0.1309535842
889,263.7688885723,-13.2680603801,469.8308321685,1.4505682587,-0.6055498434,0.1329809658
890,264.6835080452,-13.1582703989,470.4993476036,1.4427344847,-0.6235841735,0.1351080283
891,265.6025473635,-13.0477729781,471.1940353350,1.4380360970,-0.6401256162,0.1370627000
892,266.5099422645,-12.9359513092,471.9042628870,1.4321326390,-0.6551139345,0.1393908098
893,267.4067158516,-12.8207054473,472.6221941610,1.4276907928,-0.6684277991,0.1424508588
894,268.3037417255,-12.7073853946,473.3581871463,1.4245683509,-0.6813371552,0.1439658116
895,269.1919972743,-12.5937229401,474.1010256901,1.4249817572,-0.6938047074,0.1437316365
896,270.0759543979,-12.4824270325,474.8616986368,1.4260155815,-0.7061297157,0.1413113223
897,270.9557068757,-12.3741364229,475.6324822544,1.4278468203,-0.7172195504,0.1394825991
898,271.8332258782,-12.2715992168,476.4153754195,1.4261895914,-0.7256547087,0.1409471676
899,272.7110364416,-12.1766722984,477.2047414451,1.4245141757,-0.7311559343,0.1432266229
900,273.5753564312,-12.0777435057,477.9947950348,1.4213737192,-0.7354870096,0.1457157917
901,274.4358167005,-11.9762005481,478.7878080127,1.4191372304,-0.7386279623,0.1494618442
902,275.2899921185,-11.8735514330,479.5807064520,1.4172454487,-0.7417575390,0.1513819722
903,276.1429509212,-11.7678022272,480.3769267832,1.4163700061,-0.7442018181,0.1530623222
904,276.9912437701,-11.6613653828,481.1727381664,1.4155277948,-0.7470689094,0.1533272669
905,277.8324270669,-11.5535182219,481.9686572635,1.4156494616,-0.7497074561,0.1507908933
906,278.6745587993,-11.4479458397,482.7610834424,1.4199228351,-0.7518362651,0.1476770238
907,279.5072390302,-11.3468755700,483.5544347925,1.4234725476,-0.7536327365,0.1450463138
908,280.3331970929,-11.2473500853,484.3490362887,1.4251066413,-0.7540669289,0.1448574573
909,281.1502702528,-11.1525308059,485.1302044361,1.4247549581,-0.7530859128,0.1457837142
910,281.9604299532,-11.0569467625,485.9052097845,1.4227100873,-0.7503554596,0.1480523349
911,282.7644831694,-10.9619662994,486.6676514675,1.4199477493,-0.7456881859,0.1497648508
912,283.5662158481,-10.8669086226,487.4204009678,1.4168866550,-0.7395217184,0.1514989540
913,284.3552595699,-10.7687511478,488.1514966050,1.4159421410,-0.7323797314,0.1513865742
914,285.1367763058,-10.6763474300,488.8608335029,1.4165388603,-0.7247957598,0.1492407945
915,285.9164796999,-10.5862254823,489.5530539662,1.4192514420,-0.7157240468,0.1432247852
916,286.6827610587,-10.4952517144,490.2245961323,1.4206882620,-0.7046265389,0.1383659787
917,287.4553650051,-10.4131368736,490.8740822234,1.4272695621,-0.6919780792,0.1339301457
918,288.2220757492,-10.3352801808,491.5018290829,1.4323373542,-0.6791450411,0.1293244684
919,288.9796751914,-10.2601287905,492.0993213508,1.4392047005,-0.6654852847,0.1249462323
920,289.7373319980,-10.1908614714,492.6826584842,1.4446640764,-0.6516995651,0.1206218600
921,290.4877645493,-10.1236473253,493.2379544010,1.4506761055,-0.6369629179,0.1180194684
922,291.2285305831,-10.0619767404,493.7639512285,1.4610420708,-0.6224692219,0.1101615021
923,291.9602076549,-10.0037395800,494.2655743576,1.4734692076,-0.6071621720,0.0995399764
924,292.6680749491,-9.9541536129,494.7324800536,1.4871781893,-0.5920750747,0.0821573045
925,293.3720922579,-9.9107686568,495.1944133398,1.4923270756,-0.5753481448,0.0656019599
926,294.0617690579,-9.8690943336,495.6277146965,1.4984034952,-0.5562425967,0.0522025252
927,294.7619233834,-9.8363692825,496.0467879580,1.5025569418,-0.5347510657,0.0479513877
928,295.4639875159,-9.8183797420,496.4526728641,1.4960433857,-0.5097230299,0.0496182771
929,296.1518506673,-9.7981078523,496.8112999145,1.4955116961,-0.4822588846,0.0505502345
930,296.8573968852,-9.7781849472,497.1591175425,1.4965853336,-0.4522053352,0.0520814335
931,297.5462400647,-9.7596974280,497.4464324239,1.4993664508,-0.4192576328,0.0551247441
932,298.2470593475,-9.7391468526,497.7246470606,1.5065509118,-0.3822355674,0.0505048878
933,298.9616512360,-9.7223770802,497.9765930183,1.5166830923,-0.3430142899,0.0417264540
934,299.6543171783,-9.7103011920,498.1562663318,1.5271646186,-0.3031264829,0.0303320147
935,300.3805579077,-9.6981860723,498.3573651556,1.5303818778,-0.2620953907,0.0204264437
936,301.0831806990,-9.6925418773,498.4874112421,1.5330430693,-0.2202116018,0.0129329253
937,301.8291734401,-9.6920902354,498.6280441053,1.5360138473,-0.1786350232,0.0115176931
938,302.5820497587,-9.6966548602,498.7373358808,1.5372171625,-0.1372379962,0.0144247203
939,303.3074097292,-9.6964271288,498.7820375820,1.5358825070,-0.0950750787,0.0204877277
940,304.0517042432,-9.6925559330,498.8376295342,1.5351947577,-0.0514275969,0.0245782439
941,304.7630106040,-9.6828687965,498.8050153746,1.5424763196,-0.0069527065,0.0233963001
942,305.4943497232,-9.6643421238,498.7747331450,1.5459005057,0.0367743034,0.0237284128
943,306.2191648064,-9.6522833150,498.7212632470,1.5455534002,0.0797907579,0.0199916409
944,306.9206151909,-9.6449113096,498.5977433562,1.5488136267,0.1209353602,0.0166889931
945,307.6420568592,-9.6375366190,498.4715124216,1.5565931680,0.1575180346,0.0130347980
946,308.3395908687,-9.6263509646,498.2981149205,1.5615550761,0.1904108556,0.0107168256
947,309.0521138996,-9.6210436703,498.1369623604,1.5613216425,0.2203165248,0.0122895835
948,309.7618074698,-9.6146051549,497.9529198881,1.5628647547,0.2462164383,0.0158685050
949,310.4567833789,-9.6012170872,497.7345879876,1.5654933176,0.2681982800,0.0164754870
950,311.1552748096,-9.5885114361,497.5106763363,1.5695066271,0.2872375750,0.0169860873
951,311.8532337707,-9.5716466324,497.2742840992,1.5707929992,0.3051891872,0.0176856911
952,312.5463081187,-9.5512610889,497.0168969092,1.5739813945,0.3236939188,0.0183988219
953,313.2401810431,-9.5319478847,496.7501592563,1.5758920673,0.3415384702,0.0196437292
954,313.9334845273,-9.5167751385,496.4663902968,1.5797276020,0.3601558608,0.0207998753
955,314.6243643245,-9.4988125521,496.1764735556,1.5809218478,0.3800867643,0.0211993085
956,315.3140447423,-9.4836296592,495.8782110839,1.5793100766,0.4029916355,0.0216023681
957,315.9873926967,-9.4721557549,495.5464927441,1.5781236564,0.4287008421,0.0222153774
958,316.6631267983,-9.4682795687,495.2145876644,1.5765441755,0.4560317504,0.0207035354
959,317.3071583587,-9.4596635124,494.8378322100,1.5777977394,0.4859377685,0.0186741307
960,317.9562124781,-9.4443415612,494.4633838743,1.5765487283,0.5199554276,0.0163543838
961,318.5977847065,-9.4346256842,494.0702687353,1.5768954797,0.5562320888,0.0194666310
962,319.1973530554,-9.4268095879,493.6094351335,1.5813465068,0.5956990700,0.0237147990
963,319.8039046917,-9.4204732692,493.1602668949,1.5888024967,0.6364056321,0.0286984061
964,320.3595111798,-9.4122703658,492.6493921012,1.5931728970,0.6779547661,0.0279705191
965,320.9236103127,-9.4016922473,492.1638609571,1.5944763184,0.7203767184,0.0287234044
966,321.4550312283,-9.3877906797,491.6553953205,1.5962784333,0.7627451410,0.0297124452
967,321.9329080766,-9.3736498423,491.0850312042,1.6022220793,0.8052359308,0.0322890598
968,322.4044947656,-9.3538002556,490.5378148708,1.6081525147,0.8479855083,0.0367456156
969,322.8225528672,-9.3373908256,489.9396607051,1.6168484679,0.8903734551,0.0430056842
970,323.2300080750,-9.3205026969,489.3701986265,1.6246038344,0.9311149416,0.0485519281
971,323.6111976597,-9.3064300303,488.7952856817,1.6288236220,0.9692220442,0.0510284496
972,323.9534051034,-9.2991170234,488.1890431621,1.6307788474,1.0048514607,0.0501179669
973,324.2957772213,-9.2898277315,487.5975482065,1.6316030988,1.0378333831,0.0471733819
974,324.6266312407,-9.2851179374,486.9964884208,1.6333030047,1.0681686489,0.0457670178
975,324.9344735062,-9.2858697414,486.3707484946,1.6372255709,1.0969170761,0.0475454870
976,325.2407507835,-9.2874623771,485.7516722223,1.6438973101,1.1255494312,0.0546245108
977,325.5134798387,-9.2885778335,485.1049006415,1.6525540611,1.1540780789,0.0618754712
978,325.7788307582,-9.2810108674,484.4639401921,1.6659699452,1.1823031532,0.0721262325
979,326.0317310351,-9.2715508089,483.8210117323,1.6771287607,1.2110569750,0.0829021811
980,326.2456273918,-9.2592615523,483.1441342569,1.6960741595,1.2411770347,0.1000298744
981,326.4469347466,-9.2503663729,482.4782104542,1.7097905018,1.2716817106,0.1130089901
982,326.6282082381,-9.2426737303,481.8105202419,1.7162967488,1.3034960477,0.1174034546
983,326.7741577670,-9.2332794092,481.1125253226,1.7203459563,1.3370479023,0.1201596843
984,326.9116680023,-9.2161697633,480.4358278762,1.7393598392,1.3701319184,0.1364435601
985,327.0058234667,-9.2028998015,479.7132641545,1.7937219464,1.4023033314,0.1885153398
986,327.0944758966,-9.1981705172,479.0112394199,1.8975256853,1.4330599585,0.2906545527
987,327.1696926924,-9.1883244328,478.3099263299,2.0115398254,1.4639396313,0.4077476562
988,327.1992191713,-9.1740137024,477.5788105369,2.1856210744,1.4945044813,0.5813728464
989,327.2187288239,-9.1540188365,476.8686436669,2.5221453405,1.5206921448,0.9186349185
990,327.2109175201,-9.1298246878,476.1464240356,-3.0282154490,1.5320442067,1.6510018219
991,327.1636980768,-9.1062914680,475.3942534759,-2.3803900811,1.5176784412,2.2986415057
992,327.1069266115,-9.0871279083,474.6600783285,-2.0692545383,1.4947892195,2.6066967030
993,327.0202223338,-9.0664271878,473.9035742347,-1.9208574196,1.4688104665,2.7526037618
994,326.9288991701,-9.0435695886,473.1571911711,-1.8393750933,1.4437708402,2.8337408296
995,326.8105744675,-9.0161514654,472.4047806409,-1.7848991403,1.4210932834,2.8861947845
996,326.6691085161,-8.9889693998,471.6380642575,-1.7524405287,1.4004610854,2.9182169018
997,326.5187552803,-8.9652412806,470.8699449546,-1.7192666063,1.3827009339,2.9531675081
998,326.3542219314,-8.9464612390,470.0932023072,-1.6947621564,1.3664341140,2.9783984109
999,326.1750086820,-8.9313458320,469.3069876391,-1.6796013515,1.3514139776,2.9935837996
1000,325.9893592252,-8.9162498857,468.5160546170,-1.6783698877,1.3370876156,2.9979309460
1001,325.7876151836,-8.9083780831,467.7133235283,-1.6774337037,1.3235125522,3.0003860363
1002,325.5710660874,-8.8940665579,466.9038213497,-1.6798720479,1.3124947554,2.9979357870
1003,325.3416046412,-8.8722437530,466.0892933952,-1.6758095716,1.3043396917,2.9997868131
1004,325.1028188957,-8.8548309839,465.2653573896,-1.6762251665,1.2991096100,2.9968098083
1005,324.8618109331,-8.8333299397,464.4350445527,-1.6672700684,1.2962309559,3.0051912321
1006,324.6176183634,-8.8058274944,463.6010263248,-1.6482606822,1.2942093609,3.0241949042
1007,324.3633282597,-8.7781718271,462.7480188912,-1.6402285306,1.2925063538,3.0318344584
1008,324.1080853041,-8.7546452917,461.8864811185,-1.6418992836,1.2905070697,3.0272269534
1009,323.8534827071,-8.7302801626,461.0158133109,-1.6553699500,1.2886826828,3.0127497967
1010,323.5964737882,-8.7061935435,460.1382180315,-1.6649904218,1.2868193074,3.0025969224
1011,323.3353105797,-8.6783667684,459.2538438451,-1.6620978167,1.2855334299,3.0042202340
1012,323.0667628986,-8.6409195208,458.3589436713,-1.6546703100,1.2840378527,3.0101440952
1013,322.7970786408,-8.6039170663,457.4544214938,-1.6521059711,1.2823577921,3.0144065312
1014,322.5237797202,-8.5641011334,456.5380880607,-1.6501371668,1.2806944746,3.0180807607
1015,322.2459284924,-8.5351267053,455.6215189375,-1.6458182186,1.2791634063,3.0213038045
1016,321.9638383472,-8.5081838196,454.6921143120,-1.6473792647,1.2775545046,3.0189148387
1017,321.6793112353,-8.4842276932,453.7546543106,-1.6498553506,1.2756260644,3.0165003552
1018,321.3909227363,-8.4602436109,452.8122652138,-1.6451796515,1.2738442884,3.0198296050
1019,321.0956820420,-8.4294917717,451.8629250848,-1.6439062867,1.2722834409,3.0205405965
1020,320.7990330315,-8.4056758341,450.9056435619,-1.6475057999,1.2704202985,3.0160615508
1021,320.5003979654,-8.3848867041,449.9485815067,-1.6470460183,1.2688398699,3.0161041411
1022,320.2019265235,-8.3642596285,448.9876294825,-1.6495266283,1.2670467710,3.0148387634
1023,319.9034601797,-8.3458765497,448.0241165450,-1.6543815575,1.2652016460,3.0103934147
1024,319.6006726406,-8.3194900777,447.0573420076,-1.6615636085,1.2632974156,3.0047809499
1025,319.2969074429,-8.2884740639,446.0914126887,-1.6622292280,1.2613908623,3.0069433260
1026,318.9843529726,-8.2588656155,445.1271155490,-1.6437919252,1.2603346719,3.0232967562
1027,318.6682357606,-8.2302537911,444.1553796736,-1.6511291490,1.2588425361,3.0163470690
1028,318.3483067262,-8.2055555707,443.1838824483,-1.6555217071,1.2579920383,3.0094707258
1029,318.0357063401,-8.1827436282,442.2159157041,-1.6583865625,1.2588680290,3.0068447669
1030,317.7270962842,-8.1602900476,441.2465172699,-1.6561518222,1.2610885216,3.0106853678
1031,317.4234208751,-8.1385845608,440.2734992855,-1.6545531773,1.2641808942,3.0152463614
1032,317.1267298546,-8.1176168552,439.2976660417,-1.6553727646,1.2676595236,3.0190645033
1033,316.8294455024,-8.0933871444,438.3219656609,-1.6494320538,1.2719370414,3.0257521654
1034,316.5391151105,-8.0742451876,437.3449220212,-1.6452030357,1.2771835913,3.0341118516
1035,316.2560192525,-8.0608219253,436.3697153802,-1.6355591405,1.2827493020,3.0476833690
1036,315.9760867774,-8.0529232503,435.3904541670,-1.6263303387,1.2890188836,3.0598511668
1037,315.7077190558,-8.0491403050,434.4113055467,-1.6268457549,1.2956171405,3.0645265675
1038,315.4487777609,-8.0499070864,433.4237031184,-1.6409697217,1.3025296672,3.0563793913
1039,315.1945590990,-8.0515664925,432.4390934516,-1.6521344780,1.3108520497,3.0481225641
1040,314.9525154520,-8.0570529127,431.4527019751,-1.6713606483,1.3210387967,3.0301750377
1041,314.7147814917,-8.0545388612,430.4595264547,-1.6891307899,1.3333316517,3.0110878145
1042,314.4923626227,-8.0557502337,429.4737261455,-1.7030801008,1.3482005059,2.9946776930
1043,314.2846229617,-8.0502201041,428.4887172230,-1.7065548975,1.3639302264,2.9902962561
1044,314.0898876070,-8.0462034452,427.4994820806,-1.6981678952,1.3793815746,2.9989664431
1045,313.9128854591,-8.0308662574,426.5085521849,-1.6890622265,1.3947232332,3.0111212258
1046,313.7524169422,-8.0268151006,425.5152306706,-1.6949845327,1.4083572651,3.0075208515
1047,313.5989159034,-8.0251907456,424.5163738289,-1.7079232013,1.4218475340,2.9942730091
1048,313.4593445993,-8.0230545038,423.5184937883,-1.7292110237,1.4352371052,2.9710315575
1049,313.3370630746,-8.0250554065,422.5236198199,-1.7704290865,1.4486306356,2.9285663332
1050,313.2247036123,-8.0184155687,421.5209302091,-1.7939494177,1.4623711591,2.9045421290
1051,313.1354287758,-8.0137079167,420.5222798023,-1.8336968262,1.4754621251,2.8677803768
1052,313.0570011786,-8.0085433270,419.5161257809,-1.9139914807,1.4869636745,2.7914212324
1053,312.9937369631,-8.0024991875,418.5141512476,-2.0106859368,1.4977735907,2.6983691481
1054,312.9403357116,-7.9910391197,417.5153564015,-2.1144783594,1.5083144911,2.5954739382
1055,312.8997206253,-7.9834888422,416.5106840291,-2.2363218588,1.5195636404,2.4753952516
1056,312.8784144584,-7.9683298948,415.5105823338,-2.4320559117,1.5289368550,2.2810350271
1057,312.8610334607,-7.9504089942,414.5044102537,-2.7231750137,1.5357312301,1.9892633045
1058,312.8589669866,-7.9237636652,413.4989083828,-3.0974226002,1.5364558740,1.6145895668
1059,312.8737880823,-7.8977042490,412.4859602659,2.8496451127,1.5315278699,1.2804909620
1060,312.8973914338,-7.8766291070,411.4905413794,2.5899115374,1.5252344643,1.0205097215
1061,312.9310566869,-7.8592133060,410.4911012075,2.3859188900,1.5178616067,0.8141267248
1062,312.9789104483,-7.8389592225,409.4924753954,2.2156638186,1.5102304244,0.6424309642
1063,313.0322882212,-7.8141640764,408.4914611846,2.0792916964,1.5017637119,0.5052493959
1064,313.1009153720,-7.7899666122,407.4926109721,1.9845131509,1.4917513948,0.4097410445
1065,313.1801276953,-7.7665277137,406.4895547253,1.9323330199,1.4807828409,0.3590839719
1066,313.2710148657,-7.7425774551,405.4865902099,1.8934368384,1.4706045889,0.3210607359
1067,313.3756838458,-7.7216987662,404.4885869153,1.8463570016,1.4617268054,0.2747427160
1068,313.4870488167,-7.7026475376,403.4931729842,1.8060941014,1.4530394222,0.2349164468
1069,313.6096090221,-7.6874855489,402.4991506811,1.7779622451,1.4439167775,0.2074845178
1070,313.7423397402,-7.6751035181,401.5061065819,1.7630212139,1.4348088541,0.1938354515
1071,313.8815712031,-7.6626531039,400.5178260343,1.7532484923,1.4261656773,0.1842542197
1072,314.0308769627,-7.6499397673,399.5346741525,1.7572350049,1.4174982990,0.1889885316
1073,314.1945648709,-7.6424893951,398.5552685238,1.7623332373,1.4086649574,0.1972942956
1074,314.3603419755,-7.6308519622,397.5796661871,1.7519832492,1.4004127097,0.1875047766
1075,314.5299604254,-7.6191808760,396.6081104689,1.7380163726,1.3922751252,0.1734984084
1076,314.7083688831,-7.6056677936,395.6397825486,1.7313554980,1.3846379882,0.1685032176
1077,314.8996622649,-7.5955160615,394.6765441858,1.7317400810,1.3770469872,0.1715401177
1078,315.0958977411,-7.5821776187,393.7213620708,1.7289409140,1.3698288734,0.1697421582
1079,315.2950837593,-7.5674481070,392.7634289020,1.7288230040,1.3626724735,0.1705497399
1080,315.4995065820,-7.5513033427,391.8105694319,1.7350559170,1.3554202659,0.1774075593
1081,315.7122558296,-7.5352053338,390.8659469536,1.7320442861,1.3482530378,0.1752840415
1082,315.9286907565,-7.5108839105,389.9121996624,1.7208888093,1.3416789523,0.1640406249
1083,316.1396685517,-7.4845263267,389.0057104737,1.7014627680,1.3352887872,0.1444557550
1084,316.3544556553,-7.4547857201,388.0877851136,1.6840899138,1.3288452159,0.1279146224
1085,316.5739895111,-7.4326002908,387.1840940903,1.6703375096,1.3223826881,0.1138018240
1086,316.7977362085,-7.4100878299,386.2917657909,1.6620536457,1.3155420535,0.1047301092
1087,317.0255141785,-7.3955953301,385.4171478730,1.6517338653,1.3084413000,0.0940056627
1088,317.2548065119,-7.3855640663,384.5640295367,1.6397297105,1.3010166338,0.0795200728
1089,317.4897683866,-7.3841932023,383.7327861868,1.6186155929,1.2934908164,0.0579561833
1090,317.7279869667,-7.3896624958,382.9347048019,1.5840020417,1.2867450068,0.0235403419
1091,317.9591306914,-7.3898822209,382.1619452201,1.5460185215,1.2803456592,-0.0139915074
1092,318.1863790996,-7.3890932573,381.4042349219,1.5136472492,1.2745485617,-0.0446609081
1093,318.4085713576,-7.3959040029,380.6747938958,1.4910848607,1.2695901165,-0.0652630636
1094,318.6301185484,-7.4167320962,379.9704360235,1.4729934746,1.2655030901,-0.0835711282
1095,318.8449724891,-7.4403632710,379.2866393007,1.4501334361,1.2619716265,-0.1072854035
1096,319.0537861731,-7.4671097213,378.6195675602,1.4265599801,1.2596237811,-0.1314937258
1097,319.2498843002,-7.4893077064,377.9536434634,1.4152944970,1.2587070955,-0.1448677152
1098,319.4396294406,-7.5104402701,377.2831307333,1.4243014465,1.2597609695,-0.1390062989
1099,319.6203223358,-7.5320585884,376.6128942596,1.4431288650,1.2642230644,-0.1241397619
1100,319.7968794988,-7.5583730459,375.9529251521,1.4510370127,1.2712684591,-0.1198356627
1101,319.9613432315,-7.5732804900,375.3005727672,1.4418231870,1.2814622152,-0.1304406590
1102,320.1174548649,-7.5890394897,374.6491316452,1.4312565231,1.2959817145,-0.1419455229
1103,320.2560273582,-7.5983638815,374.0015392462,1.4286925129,1.3161050582,-0.1467844840
1104,320.3839806568,-7.6183006098,373.3583438603,1.4511418520,1.3420647685,-0.1284155495
1105,320.4869335377,-7.6347233361,372.7008089595,1.4781810263,1.3729056810,-0.1034198453
1106,320.5822626835,-7.6534071711,372.0681294328,1.5056107384,1.4071189178,-0.0787917008
1107,320.6295968192,-7.6668562546,371.4155009462,1.5238598452,1.4445703078,-0.0618544561
1108,320.6733153138,-7.6789140108,370.7912783320,1.5568720275,1.4849639683,-0.0295455368
1109,320.6579929725,-7.6805893387,370.1344428771,1.6451075706,1.5266257328,0.0571037876
1110,320.6420172241,-7.6812530223,369.5118463024,2.9406727780,1.5632963113,1.3496459079
1111,320.6026439733,-7.6842974849,368.8968679411,-1.7920557566,1.5273934129,2.8981592894
1112,320.5037414363,-7.6764121710,368.2479839003,-1.7062567972,1.4824426586,2.9854093418
1113,320.4149400922,-7.6649209381,367.6370007046,-1.6754482566,1.4364065793,3.0197935548
1114,320.2560209234,-7.6458967653,366.9916052433,-1.6646064292,1.3909511696,3.0296841004
1115,320.0959905321,-7.6297317558,366.3798596541,-1.6741094011,1.3453871091,3.0176683948
1116,319.9036763864,-7.6101883084,365.7698441659,-1.6737820202,1.2994821434,3.0179661154
1117,319.6619815958,-7.5832324983,365.1313050805,-1.6680961797,1.2528787478,3.0273421306
1118,319.4162995294,-7.5520600191,364.5354299203,-1.6607313755,1.2067465020,3.0377527897
1119,319.1125293457,-7.5225524735,363.9142741192,-1.6478923058,1.1617533328,3.0501260769
1120,318.8032849901,-7.4899790172,363.3338474023,-1.6393151019,1.1167608337,3.0553982952
1121,318.4712511279,-7.4584025773,362.7683634701,-1.6317161922,1.0742961543,3.0589989930
1122,318.0889873022,-7.4288895443,362.1813474355,-1.6250026745,1.0333984655,3.0617537456
1123,317.7094203881,-7.4051412834,361.6286586573,-1.6194344740,0.9952002284,3.0638003551
1124,317.2875993269,-7.3771576451,361.0630877383,-1.6132480664,0.9598544595,3.0680917909
1125,316.8534614896,-7.3387831864,360.5222862491,-1.6037217311,0.9275446907,3.0735535850
1126,316.3952976376,-7.3006104790,359.9847988704,-1.5935720098,0.8990875991,3.0799590186
1127,315.9015280592,-7.2685602112,359.4369749076,-1.5842330841,0.8741776886,3.0839235191
1128,315.4019267885,-7.2424088819,358.8970588760,-1.5772358919,0.8530836259,3.0866384462
1129,314.8827545750,-7.2145512750,358.3499571905,-1.5741193092,0.8350829478,3.0876202785
1130,314.3505436332,-7.1913178500,357.7951876804,-1.5712417058,0.8184520565,3.0891048860
1131,313.8037773433,-7.1681769265,357.2432827315,-1.5688775486,0.8033213636,3.0909325611
1132,313.2302398305,-7.1370483728,356.6778626205,-1.5675978250,0.7890003356,3.0917204377
1133,312.6477138843,-7.1073497867,356.1203723331,-1.5645502417,0.7758409256,3.0938762063
1134,312.0423298546,-7.0824478081,355.5541918070,-1.5615360232,0.7661601047,3.0945322803
1135,311.4234250400,-7.0570961897,354.9824722546,-1.5597051024,0.7603366184,3.0941532921
1136,310.7904876462,-7.0290537155,354.3991657166,-1.5566416981,0.7600319240,3.0936206207
1137,310.1508469789,-6.9974737697,353.8003774064,-1.5565481168,0.7641601871,3.0913645051
1138,309.5061675540,-6.9614809497,353.1836437960,-1.5604116507,0.7690052424,3.0893561105
1139,308.8528047802,-6.9228454531,352.5515718437,-1.5635226865,0.7722958649,3.0896583751
1140,308.1915091351,-6.8788937653,351.9110653827,-1.5667605782,0.7742350028,3.0905443663
1141,307.5189425839,-6.8382694916,351.2611477944,-1.5667501674,0.7754023390,3.0917104512
1142,306.8419108714,-6.7992675285,350.6084292464,-1.5682885461,0.7764986346,3.0910120305
1143,306.1554985843,-6.7589116014,349.9406149976,-1.5695478452,0.7779658472,3.0905403367
1144,305.4575039771,-6.7146089982,349.2684853329,-1.5675041850,0.7794634021,3.0923635108
1145,304.7592643444,-6.6788534273,348.5870659111,-1.5669183583,0.7813332533,3.0937846269
1146,304.0509150324,-6.6436295159,347.8927087577,-1.5687584994,0.7827572925,3.0935786100
1147,303.3409700393,-6.6174986986,347.1917207542,-1.5674836996,0.7846103037,3.0953405769
1148,302.6269428290,-6.5928761075,346.4832833140,-1.5639968433,0.7866036261,3.0990936261
1149,301.9063326921,-6.5662183054,345.7642721489,-1.5619899705,0.7886254886,3.1034285644
1150,301.1820135435,-6.5393459313,345.0347698269,-1.5610793422,0.7909359941,3.1066340052
1151,300.4558698856,-6.5175378628,344.3013971632,-1.5578436484,0.7932793396,3.1111986828
1152,299.7274875470,-6.4981771391,343.5572454997,-1.5587639561,0.7953816942,3.1131638399
1153,299.0016783719,-6.4886787452,342.8122523447,-1.5600242688,0.7978119129,3.1118918947
1154,298.2701302714,-6.4792606346,342.0564554581,-1.5637263940,0.8007773524,3.1076892266
1155,297.5431574418,-6.4722651645,341.3010017068,-1.5643623912,0.8040971657,3.1050443624
1156,296.8162851093,-6.4602328176,340.5387812808,-1.5655702198,0.8089822559,3.1041202666
1157,296.0932973993,-6.4507863731,339.7699380358,-1.5688529831,0.8146849382,3.1004936288
1158,295.3714991766,-6.4414320340,338.9914076908,-1.5737071023,0.8208185762,3.0958667733
1159,294.6557989918,-6.4286164552,338.2098340591,-1.5744711448,0.8271838078,3.0957713669
1160,293.9453309215,-6.4137867535,337.4237034125,-1.5730787486,0.8346147321,3.0982596688
1161,293.2327572643,-6.3984739138,336.6297912318,-1.5700075867,0.8435919301,3.0993868189
1162,292.5251621755,-6.3829264386,335.8278704965,-1.5676821553,0.8545967885,3.1000482716
1163,291.8295407534,-6.3637004357,335.0171557759,-1.5648337755,0.8679439156,3.1021546413
1164,291.1488532239,-6.3499489056,334.2002797153,-1.5589979174,0.8828918770,3.1049877283
1165,290.4744166669,-6.3403509568,333.3663405006,-1.5572382861,0.8987708357,3.1067187576
1166,289.8286740465,-6.3415347954,332.5273015848,-1.5566654642,0.9152487092,3.1076793857
1167,289.1910214196,-6.3363764798,331.6705646947,-1.5587610274,0.9317003525,3.1071602339
1168,288.5647889242,-6.3284960482,330.7998259742,-1.5592260771,0.9476153789,3.1106344873
1169,287.9572139904,-6.3281464307,329.9216979114,-1.5612171836,0.9616924154,3.1106234485
1170,287.3590060384,-6.3313388632,329.0323420566,-1.5696190699,0.9746914775,3.1033853757
1171,286.7776143755,-6.3375785198,328.1362822024,-1.5786439739,0.9874474179,3.0954424813
1172,286.2074959779,-6.3379551810,327.2383649136,-1.5758004760,1.0012258149,3.0986813226
1173,285.6390871756,-6.3352627819,326.3261743948,-1.5728203332,1.0143333662,3.1003661123
1174,285.0844681615,-6.3378560995,325.4061329441,-1.5730193152,1.0270249333,3.1020646722
1175,284.5384351037,-6.3444020578,324.4760210772,-1.5716463095,1.0398011267,3.1042751781
1176,283.9973438628,-6.3445155925,323.5338743766,-1.5678938620,1.0527245285,3.1085966869
1177,283.4686028714,-6.3480730590,322.5857218476,-1.5635768453,1.0652112053,3.1116394272
1178,282.9426743833,-6.3465528800,321.6249118186,-1.5605226065,1.0767073065,3.1143211401
1179,282.4252250958,-6.3409719651,320.6565713694,-1.5618537825,1.0867327793,3.1104953078
1180,281.9120425099,-6.3383584795,319.6737798666,-1.5658064708,1.0952691047,3.1038153699
1181,281.4059412256,-6.3345478706,318.6843987966,-1.5642996504,1.1021295360,3.1040984296
1182,280.9052813416,-6.3283263160,317.6879280222,-1.5633112921,1.1073066517,3.1045707062
1183,280.4113808090,-6.3267853261,316.6841576110,-1.5686691877,1.1106498562,3.1012197350
1184,279.9183898254,-6.3284454805,315.6771908559,-1.5717651253,1.1122076993,3.0995186178
1185,279.4221275343,-6.3186734409,314.6683745713,-1.5695585393,1.1135917500,3.1031739572
1186,278.9237379631,-6.3117823741,313.6525518441,-1.5673832965,1.1149464630,3.1063897959
1187,278.4239769756,-6.3065510683,312.6321203673,-1.5667535637,1.1172557889,3.1072406621
1188,277.9210431508,-6.2996975799,311.6072526478,-1.5649605672,1.1204174594,3.1076153055
1189,277.4187712766,-6.2916371640,310.5766750457,-1.5681608805,1.1239642599,3.1022814955
1190,276.9106639336,-6.2844247368,309.5340242849,-1.5700816400,1.1274265868,3.0961150453
1191,276.4068345405,-6.2740097650,308.4929616241,-1.5612579576,1.1305107058,3.1009762389
1192,275.9034288810,-6.2587039782,307.4443906849,-1.5499874095,1.1330385521,3.1124528828
1193,275.4028224351,-6.2518297579,306.3889404120,-1.5445673782,1.1342620644,3.1166450824
1194,274.8983637802,-6.2476698010,305.3233514986,-1.5510970018,1.1350960247,3.1096711625
1195,274.3906678524,-6.2372830717,304.2507171414,-1.5635458866,1.1355321164,3.0970954229
1196,273.8733515245,-6.2160505435,303.1742302059,-1.5671568867,1.1357268518,3.0885454761
1197,273.3474722481,-6.1881719311,302.0941936391,-1.5647657024,1.1356385624,3.0856488106
1198,272.8220582779,-6.1577654209,301.0157460753,-1.5551668667,1.1352662976,3.0908589995
1199,272.2904541121,-6.1293827649,299.9279570513,-1.5454298849,1.1345701827,3.0975981458
1200,271.7598670099,-6.1134165711,298.8327928221,-1.5457017159,1.1334878298,3.0959987686
1201,271.2292063101,-6.0985659725,297.7270039244,-1.5503723629,1.1318315532,3.0926183064
1202,270.7001241010,-6.0789030123,296.6191058442,-1.5575652580,1.1293113758,3.0898338959
1203,270.1678453597,-6.0571093465,295.5048220195,-1.5641314247,1.1254215947,3.0899358654
1204,269.6262888205,-6.0340604200,294.3830013684,-1.5733092060,1.1199060287,3.0860109841
1205,269.0751515673,-6.0023985257,293.2549346639,-1.5835157228,1.1137595867,3.0829536252
1206,268.5138285052,-5.9751326480,292.1316708075,-1.5832801769,1.1067713455,3.0868344782
1207,267.9436862312,-5.9485874683,291.0107063192,-1.5807412237,1.0993650936,3.0933851498
1208,267.3637808163,-5.9265547615,289.8905632971,-1.5791781897,1.0911331622,3.0967961274
1209,266.7689668022,-5.9056004676,288.7691001343,-1.5830949602,1.0828518077,3.0908114781
1210,266.1591664053,-5.8836152485,287.6511895662,-1.5845486808,1.0744994761,3.0845607259
1211,265.5323451899,-5.8511813319,286.5347963874,-1.5804182132,1.0657581819,3.0836643245
1212,264.8912337057,-5.8204158920,285.4201991002,-1.5708160252,1.0570761544,3.0874566559
1213,264.2439268223,-5.7964458092,284.3132113958,-1.5568838106,1.0487284788,3.0971408049
1214,263.5943393455,-5.7817987298,283.2003771460,-1.5527225585,1.0417330716,3.1017494429
1215,262.9292685825,-5.7624310537,282.0847156121,-1.5584681621,1.0339646407,3.0938032275
1216,262.2570212969,-5.7361408731,280.9653049065,-1.5673250294,1.0261713081,3.0839974000
1217,261.5715063351,-5.7027834574,279.8564786284,-1.5707692082,1.0194718167,3.0756071549
1218,260.8758925277,-5.6692592745,278.7523282871,-1.5701385050,1.0145933769,3.0694393614
1219,260.1829460472,-5.6396114436,277.6595171578,-1.5579061067,1.0118143534,3.0792824779
1220,259.4857491179,-5.6102153691,276.5631201441,-1.5472980622,1.0094632980,3.0877154795
1221,258.7972180169,-5.5934112539,275.4563197625,-1.5550683815,1.0073213568,3.0862081570
1222,258.0990064068,-5.5674098100,274.3477263651,-1.5577587425,1.0052035451,3.0853278629
1223,257.3971978556,-5.5273911239,273.2301665577,-1.5639901481,1.0040678669,3.0850511761
1224,256.6848943607,-5.4921292404,272.1164032566,-1.5654248477,1.0024007238,3.0831982443
1225,255.9676257516,-5.4563271428,270.9983051897,-1.5708401958,1.0019774586,3.0782093327
1226,255.2416521043,-5.4243046077,269.8829944918,-1.5723913212,1.0017187447,3.0754084176
1227,254.5225957350,-5.3965807932,268.7663076568,-1.5722923821,1.0017684419,3.0761366868
1228,253.8018753855,-5.3655820269,267.6460336408,-1.5719181789,1.0018269101,3.0775089600
1229,253.0782989450,-5.3259495698,266.5121152931,-1.5746516264,1.0017885255,3.0768022668
1230,252.3529532798,-5.2861351161,265.3749730600,-1.5778144608,1.0011726450,3.0765908083
1231,251.6174883644,-5.2439954350,264.2356204866,-1.5800867880,0.9992242037,3.0737399072
1232,250.8743798809,-5.1947309138,263.0957504118,-1.5835891165,0.9969233057,3.0695724636
1233,250.1250108847,-5.1438557351,261.9553991546,-1.5824254858,0.9953163676,3.0691372423
1234,249.3748561449,-5.0949274711,260.8183038164,-1.5784441019,0.9939254679,3.0726909982
1235,248.6257313600,-5.0504653422,259.6760067720,-1.5793210711,0.9925275693,3.0730762846
1236,247.8783497362,-5.0119299209,258.5299486182,-1.5814661365,0.9916211082,3.0723110028
1237,247.1316496129,-4.9769416002,257.3860932242,-1.5837379382,0.9912929907,3.0707901293
1238,246.3807785794,-4.9378780349,256.2345948951,-1.5837920144,0.9918474934,3.0694159702
1239,245.6293699816,-4.8998957589,255.0842511769,-1.5806674868,0.9925275110,3.0702839127
1240,244.8777292427,-4.8708001170,253.9269840424,-1.5779135053,0.9931659112,3.0726596713
1241,244.1255563373,-4.8457277927,252.7706305279,-1.5765773606,0.9936560192,3.0743313442
1242,243.3741610042,-4.8216950989,251.6112476034,-1.5784144145,0.9941538577,3.0734825429
1243,242.6138286851,-4.7887775020,250.4392601363,-1.5812125223,0.9943027215,3.0715665246
1244,241.8487341123,-4.7580195681,249.2718934522,-1.5819062877,0.9946345527,3.0710334886
1245,241.0770603355,-4.7299026878,248.1011914219,-1.5811256732,0.9949879742,3.0718636580
1246,240.3025024252,-4.6975708973,246.9262545547,-1.5781528514,0.9952076053,3.0740400468
1247,239.5205386505,-4.6600425619,245.7433464075,-1.5764389007,0.9953225723,3.0760566640
1248,238.7371372760,-4.6208714488,244.5543979634,-1.5760763922,0.9955197947,3.0757846684
1249,237.9426594914,-4.5696713677,243.3597199702,-1.5763340436,0.9956952386,3.0741244959
1250,237.1521174727,-4.5228545188,242.1640038736,-1.5766188620,0.9956715978,3.0722323067
1251,236.3547702159,-4.4611882472,240.9677094948,-1.5749249678,0.9953270703,3.0718390639
1252,235.5531837418,-4.4008171990,239.7667290970,-1.5728787972,0.9949795122,3.0723777187
1253,234.7471395114,-4.3440728254,238.5677323934,-1.5679319199,0.9944388993,3.0748860427
1254,233.9432463232,-4.2943799455,237.3688561989,-1.5603428953,0.9939588277,3.0801088008
1255,233.1357846692,-4.2424706942,236.1604711193,-1.5616293688,0.9927080201,3.0790810512
1256,232.3261478614,-4.1839060417,234.9492473980,-1.5668784268,0.9910602830,3.0753636284
1257,231.5147921808,-4.1320550087,233.7336306679,-1.5669665642,0.9883142584,3.0774373529
1258,230.6909409746,-4.0768753542,232.5127935329,-1.5736508766,0.9853405503,3.0741136736
1259,229.8615182833,-4.0247831608,231.2998531826,-1.5779882198,0.9823837103,3.0683945376
1260,229.0223987663,-3.9674058228,230.0821055645,-1.5770860787,0.9803526181,3.0693111782
1261,228.1958712738,-3.9162280510,228.8739333840,-1.5713634148,0.9781792482,3.0753929648
1262,227.3622805796,-3.8640647937,227.6570480123,-1.5708049679,0.9765572725,3.0776855550
1263,226.5288367390,-3.8176986477,226.4424629945,-1.5706790955,0.9750363246,3.0782439328
1264,225.6884026128,-3.7718199222,225.2273851623,-1.5720542662,0.9738891262,3.0755877734
1265,224.8457781298,-3.7318236270,224.0127138219,-1.5757774200,0.9727780308,3.0692663389
1266,224.0048389033,-3.6893115945,222.8064439159,-1.5748242577,0.9722029355,3.0677454583
1267,223.1586776556,-3.6428517396,221.5950321953,-1.5720738953,0.9715321445,3.0680646308
1268,222.3173505999,-3.5982404258,220.3868246252,-1.5712799686,0.9707963818,3.0672012932
1269,221.4717700496,-3.5524704604,219.1737798732,-1.5717030501,0.9701379231,3.0640232612
1270,220.6274194786,-3.5041232465,217.9618179665,-1.5728354266,0.9700676146,3.0613659626
1271,219.7843015861,-3.4557608823,216.7548387562,-1.5687230075,0.9703021652,3.0636079687
1272,218.9380286185,-3.4138490318,215.5377206997,-1.5665986084,0.9707769864,3.0657040374
1273,218.1009015915,-3.3846233790,214.3254867599,-1.5681670975,0.9714696936,3.0664077189
1274,217.2677195204,-3.3513791636,213.1186361852,-1.5700830748,0.9726742018,3.0655805434
1275,216.4347177433,-3.3188163837,211.9079755775,-1.5724795431,0.9739334024,3.0643681334
1276,215.6053318857,-3.2830116201,210.6984521450,-1.5751137677,0.9754398193,3.0628071801
1277,214.7730157970,-3.2439094152,209.4855762531,-1.5782243857,0.9773011000,3.0605514835
1278,213.9458775785,-3.1999510666,208.2715051689,-1.5787723425,0.9791468879,3.0608905285
1279,213.1278344247,-3.1613163911,207.0610884319,-1.5742412681,0.9812127078,3.0687511736
1280,212.3117881064,-3.1311876956,205.8463645039,-1.5724955293,0.9833408757,3.0760622123
1281,211.4999347688,-3.0963670867,204.6265580476,-1.5760372494,0.9856807504,3.0756647165
1282,210.6901826214,-3.0623283392,203.4025473473,-1.5847676035,0.9880834024,3.0694997936
1283,209.8789054156,-3.0157410142,202.1780490833,-1.5885802375,0.9905267815,3.0667205732
1284,209.0747570776,-2.9674659403,200.9525326765,-1.5909665389,0.9930954710,3.0634436987
1285,208.2712721386,-2.9201025849,199.7251610936,-1.5887738862,0.9959744966,3.0639716887
1286,207.4756559916,-2.8723122378,198.4962542986,-1.5874857435,0.9994185089,3.0619314427
1287,206.6860040307,-2.8300311146,197.2676134766,-1.5894589408,1.0028746659,3.0583653413
1288,205.9025687519,-2.7824617665,196.0413179187,-1.5856984893,1.0069645348,3.0599103741
1289,205.1222890251,-2.7398263919,194.8067255845,-1.5833558051,1.0125215955,3.0612153654
1290,204.3505724110,-2.6998814088,193.5722586310,-1.5829790903,1.0192668236,3.0600258830
1291,203.5890638250,-2.6550244323,192.3331951252,-1.5790297867,1.0264445553,3.0652085142
1292,202.8405045182,-2.6135873958,191.0856239890,-1.5789654154,1.0333983125,3.0698265163
1293,202.0952613723,-2.5841642895,189.8323240211,-1.5861775346,1.0401389889,3.0652541781
1294,201.3571611599,-2.5515600352,188.5754733262,-1.5881434468,1.0472146709,3.0650630289
1295,200.6280506519,-2.5207399515,187.3154513994,-1.5924572035,1.0544591623,3.0625068335
1296,199.9014455819,-2.4860816264,186.0471220913,-1.5968190200,1.0611416170,3.0560039360
1297,199.1958960920,-2.4544307200,184.7837079689,-1.5947036949,1.0677559983,3.0603995094
1298,198.4931142660,-2.4191924085,183.5172857230,-1.5842194048,1.0744038124,3.0699152907
1299,197.7904594462,-2.3838827168,182.2417817868,-1.5865877755,1.0797996494,3.0670773585
1300,197.0929972555,-2.3474158640,180.9625124741,-1.5882161749,1.0840500439,3.0643897076
1301,196.3997370299,-2.3099961985,179.6817502576,-1.5878719153,1.0879405582,3.0620709843
1302,195.7208122417,-2.2809115657,178.4114062487,-1.5901936724,1.0906741331,3.0577291946
1303,195.0451727173,-2.2512608432,177.1381453257,-1.5855015388,1.0930366245,3.0618823248
1304,194.3769189901,-2.2274133689,175.8609655606,-1.5795108010,1.0956489031,3.0677719611
1305,193.7121412788,-2.2052716926,174.5764042085,-1.5786947129,1.0982635657,3.0694397935
1306,193.0615333648,-2.1841865300,173.2881577655,-1.5834416648,1.1009260296,3.0666044971
1307,192.4116206309,-2.1615429946,171.9957588200,-1.5869702188,1.1036296402,3.0636643896
1308,191.7725174052,-2.1448733675,170.7036930851,-1.5896017570,1.1063572774,3.0616221520
1309,191.1301075066,-2.1224760470,169.4106129158,-1.5901543661,1.1091944418,3.0614925179
1310,190.4978637286,-2.1077968150,168.1208345762,-1.5874413905,1.1119979468,3.0634135816
1311,189.8626756175,-2.0889753266,166.8245050122,-1.5857304203,1.1147057193,3.0625970447
1312,189.2235724224,-2.0608728592,165.5265863341,-1.5842764201,1.1175601034,3.0619221414
1313,188.5875376297,-2.0302930668,164.2244525609,-1.5815876306,1.1200637673,3.0629665542
1314,187.9590594506,-2.0027575042,162.9199642054,-1.5781040885,1.1220465462,3.0681403347
1315,187.3399995554,-1.9834337019,161.6105036159,-1.5819617898,1.1238245687,3.0682032928
1316,186.7204426798,-1.9554755872,160.2933895496,-1.5971454755,1.1250322886,3.0574476127
1317,186.1021611545,-1.9183734561,158.9795357824,-1.6030695282,1.1259567150,3.0538989761
1318,185.4805692208,-1.8816035044,157.6652529040,-1.6046453150,1.1270784356,3.0542749073
1319,184.8598109783,-1.8478546142,156.3510612573,-1.6047007583,1.1278141890,3.0537812394
1320,184.2359750986,-1.8123848520,155.0361845911,-1.6053755100,1.1287849781,3.0515882945
1321,183.6170706191,-1.7792896929,153.7218894711,-1.6036574918,1.1297876662,3.0528473376
1322,182.9975375973,-1.7457687546,152.4101867849,-1.5962805168,1.1308658702,3.0596081654
1323,182.3809257014,-1.7149684740,151.0936085590,-1.5935634017,1.1317757831,3.0635806408
1324,181.7675491197,-1.6860261054,149.7814392447,-1.5942213726,1.1328045273,3.0645628298
1325,181.1487232452,-1.6543229655,148.4603473523,-1.5955098315,1.1338181415,3.0632715176
1326,180.5389245750,-1.6252491170,147.1456528390,-1.5983739573,1.1351561076,3.0621652234
1327,179.9312063314,-1.5996316410,145.8318074336,-1.5955988922,1.1369735049,3.0634948444
1328,179.3327425044,-1.5800803909,144.5183214111,-1.5977419093,1.1389032349,3.0619463217
1329,178.7308770423,-1.5559630618,143.2002829112,-1.5963778155,1.1404046267,3.0616888019
1330,178.1353954113,-1.5346883553,141.8819170316,-1.5929084796,1.1419580293,3.0642598506
1331,177.5370141885,-1.5151113296,140.5622854397,-1.5871049806,1.1432519563,3.0689894130
1332,176.9326790706,-1.4893783958,139.2345348767,-1.5839622255,1.1436077356,3.0700213146
1333,176.3288144984,-1.4638152195,137.9103129428,-1.5844820864,1.1428718236,3.0697716417
1334,175.7191587422,-1.4418722834,136.5831836286,-1.5844190257,1.1405719123,3.0704543327
1335,175.1144037454,-1.4255808498,135.2677554013,-1.5871883776,1.1368443261,3.0697263711
1336,174.5092312670,-1.4249564712,133.9586238158,-1.5941417320,1.1320047116,3.0651296336
1337,173.9002460490,-1.4202199598,132.6532751314,-1.5999055154,1.1262017078,3.0615868135
1338,173.2823902994,-1.4079714597,131.3486092707,-1.6065660954,1.1192595564,3.0562378184
1339,172.6556144366,-1.4038108647,130.0516604158,-1.6117395098,1.1115929452,3.0518328973
1340,172.0190402971,-1.3910243663,128.7640367571,-1.6146420427,1.1024720886,3.0501753790
1341,171.3750399953,-1.3805350740,127.4866832876,-1.6125067690,1.0928765508,3.0551266278
1342,170.7164961261,-1.3572753423,126.2141838386,-1.6087647099,1.0827995472,3.0616531443
1343,170.0504837888,-1.3406079007,124.9523905710,-1.6100731914,1.0721959389,3.0631733308
1344,169.3672098659,-1.3136448835,123.6910047220,-1.6125764375,1.0615075719,3.0630427959
1345,168.6698417352,-1.2756652309,122.4439335707,-1.6109986041,1.0508094014,3.0639602337
1346,167.9582123641,-1.2359634126,121.2091651981,-1.6088455805,1.0401757028,3.0650208966
1347,167.2313884049,-1.1881865402,119.9800802951,-1.6076320835,1.0292562778,3.0647496864
1348,166.4881534584,-1.1393154099,118.7597641828,-1.6057224213,1.0181888145,3.0657471299
1349,165.7298918649,-1.0892648958,117.5491858333,-1.6017277796,1.0064992803,3.0673590284
1350,164.9604642492,-1.0444989491,116.3515834031,-1.5973097985,0.9942255357,3.0703371765
1351,164.1729629745,-0.9961938443,115.1598089810,-1.5932702538,0.9818390097,3.0698788086
1352,163.3716365676,-0.9427836768,113.9701108511,-1.5927392785,0.9697708310,3.0668161497
1353,162.5596284257,-0.8875833517,112.7939342318,-1.5918213811,0.9574157795,3.0637112288
1354,161.7315916914,-0.8226084469,111.6261897101,-1.5879422319,0.9457643979,3.0647047544
1355,160.8922170862,-0.7643096768,110.4721277423,-1.5837571500,0.9350966019,3.0675033503
1356,160.0417497293,-0.7105362008,109.3306548492,-1.5761532938,0.9256891702,3.0732512528
1357,159.1867845145,-0.6657906672,108.1981670912,-1.5748937800,0.9176907184,3.0745456833
1358,158.3223985508,-0.6236616394,107.0749569895,-1.5702823656,0.9108327960,3.0768342599
1359,157.4475297560,-0.5817931453,105.9611348184,-1.5602191970,0.9041725338,3.0768747397
1360,156.5702328017,-0.5425339843,104.8409573749,-1.5637422380,0.8979326919,3.0744305610
1361,155.6844010081,-0.4968977163,103.7331712484,-1.5572216475,0.8913488585,3.0773542421
1362,154.7948153908,-0.4568476671,102.6292506999,-1.5559144522,0.8853322627,3.0790550881
1363,153.8984996425,-0.4221539509,101.5219095459,-1.5605388116,0.8801216271,3.0800279676
1364,152.9862096903,-0.3781820311,100.4243252521,-1.5579574783,0.8745291070,3.0793855450
1365,152.0653158101,-0.3338217414,99.3275834840,-1.5617742506,0.8697205139,3.0768248027
1366,151.1391445904,-0.2882339503,98.2343434248,-1.5655519549,0.8651746279,3.0709431975
1367,150.2115425853,-0.2513275152,97.1449921482,-1.5650699149,0.8619251667,3.0732940776
1368,149.2810910166,-0.2141456902,96.0616313428,-1.5642277394,0.8578403145,3.0763806060
1369,148.3398775762,-0.1785799541,94.9806282323,-1.5673761681,0.8533949054,3.0741878517
1370,147.3906830982,-0.1405426266,93.8996754787,-1.5731001412,0.8475914948,3.0681121133
1371,146.4310238416,-0.1006347169,92.8352612203,-1.5690515460,0.8403646055,3.0702597500
1372,145.4658617167,-0.0575816530,91.7770883233,-1.5672291779,0.8320578299,3.0726159264
1373,144.4918701883,-0.0164501947,90.7216672097,-1.5652091293,0.8231278500,3.0754792720
1374,143.5167587239,0.0159131761,89.6788182050,-1.5614181380,0.8151359232,3.0774525909
1375,142.5302802602,0.0507627110,88.6345016986,-1.5608207229,0.8098514540,3.0773674273
1376,141.5362099618,0.0863053261,87.5960524535,-1.5606075810,0.8061643302,3.0758730559
1377,140.5429009492,0.1260477266,86.5554937563,-1.5642011794,0.8031320171,3.0734175649
1378,139.5431789387,0.1698193204,85.5106830657,-1.5665982457,0.8008995373,3.0714563513
1379,138.5437678049,0.2199880394,84.4676498204,-1.5675768216,0.8005523150,3.0709532134
1380,137.5444046393,0.2643408004,83.4250264575,-1.5688155144,0.8020470628,3.0690203103
1381,136.5433251380,0.3086793403,82.3754070907,-1.5715663606,0.8041958574,3.0676974442
1382,135.5384994753,0.3639612902,81.3221960908,-1.5724265093,0.8062162570,3.0677507328
1383,134.5375792107,0.4209826569,80.2604073319,-1.5727251845,0.8081670212,3.0723699171
1384,133.5347341852,0.4764531177,79.2057348383,-1.5643186828,0.8094034346,3.0824342926
1385,132.5267179999,0.5266827826,78.1485985549,-1.5621969037,0.8103177721,3.0848855361
1386,131.5214438769,0.5713528717,77.0938770474,-1.5614333516,0.8112574922,3.0825468301
1387,130.5056247153,0.6136596364,76.0379102930,-1.5596418093,0.8124622694,3.0799445169
1388,129.4935409835,0.6586169877,74.9768986613,-1.5600197794,0.8128844411,3.0765768645
1389,128.4838277699,0.7032795977,73.9197211696,-1.5595560944,0.8126621816,3.0772309798
1390,127.4767985477,0.7506414286,72.8651138527,-1.5585410434,0.8122310278,3.0797123612
1391,126.4651837735,0.7959736202,71.8111750611,-1.5580471480,0.8113937797,3.0820833110
1392,125.4517640438,0.8403633239,70.7489518745,-1.5599762613,0.8103932708,3.0813616333
1393,124.4365091397,0.8852454313,69.6890202880,-1.5622136453,0.8091273472,3.0793629289
1394,123.4182644988,0.9320589426,68.6257056584,-1.5645491444,0.8079160536,3.0764755505
1395,122.4000235067,0.9798781098,67.5634934508,-1.5671339663,0.8065599263,3.0742260977
1396,121.3823112057,1.0291171373,66.5065642969,-1.5662814587,0.8043241797,3.0753767074
1397,120.3601812951,1.0752604151,65.4448924390,-1.5646166160,0.8012613172,3.0779906262
1398,119.3348376747,1.1194227646,64.3869626705,-1.5644607453,0.7982127997,3.0785033846
1399,118.3033698780,1.1646044973,63.3297080844,-1.5658068440,0.7955735121,3.0756255102
1400,117.2690631371,1.2112501330,62.2737554383,-1.5677486658,0.7928733685,3.0740444518
1401,116.2360168260,1.2589815144,61.2199037590,-1.5684803819,0.7902945033,3.0741754274
1402,115.1971900261,1.3045142655,60.1636572414,-1.5715876330,0.7879401068,3.0715362320
1403,114.1491097657,1.3545410596,59.1049089925,-1.5737700512,0.7858820262,3.0685597260
1404,113.0949216040,1.4091247824,58.0493228972,-1.5712272981,0.7840356775,3.0698601373
1405,112.0334745284,1.4661010300,56.9946095703,-1.5675449070,0.7826562106,3.0734499380
1406,110.9643077364,1.5278980678,55.9349451377,-1.5657502743,0.7814855495,3.0740863601
1407,109.9015239429,1.5768291591,54.8794044927,-1.5679076714,0.7807154413,3.0710747491
1408,108.8435258507,1.6311824193,53.8260458279,-1.5701769856,0.7801461986,3.0694471356
1409,107.7885674856,1.6779085703,52.7670844125,-1.5738945570,0.7796819744,3.0687608347
1410,106.7295847593,1.7251226677,51.6994342208,-1.5770651619,0.7788941595,3.0684044767
1411,105.6622392876,1.7727624418,50.6245363915,-1.5792137000,0.7783456434,3.0664085249
1412,104.5892231353,1.8358010866,49.5682266509,-1.5774760441,0.7780421648,3.0632832044
1413,103.5289984291,1.8942866306,48.5239939366,-1.5690783175,0.7791442805,3.0705294469
1414,102.4763024991,1.9487970744,47.4820567081,-1.5589935030,0.7801873107,3.0835335361
1415,101.4211727620,1.9908731889,46.4264744962,-1.5621952768,0.7803952332,3.0829479672
1416,100.3612085541,2.0356810001,45.3637712618,-1.5701669212,0.7804993947,3.0755859045
1417,99.3024990205,2.0859640952,44.3095166697,-1.5709514633,0.7810717843,3.0738443786
1418,98.2416875238,2.1406911199,43.2585334118,-1.5670873195,0.7816940815,3.0739396721
1419,97.1845120063,2.1925213534,42.2091144827,-1.5649319349,0.7820921477,3.0743958812
1420,96.1174362844,2.2447782547,41.1546798418,-1.5621549307,0.7821188504,3.0746024496
1421,95.0448745978,2.3019931852,40.0960022095,-1.5603437865,0.7821823617,3.0738360579
1422,93.9729946624,2.3659589635,39.0361482291,-1.5577288802,0.7823317046,3.0750867694
1423,92.9096049424,2.4233125545,37.9792682037,-1.5561457677,0.7833568812,3.0765435968
1424,91.8500403821,2.4772808993,36.9209643703,-1.5584817375,0.7841158731,3.0740970702
1425,90.8009207990,2.5223020613,35.8648512347,-1.5621766652,0.7848050834,3.0723811167
1426,89.7510480119,2.5783949347,34.8086965695,-1.5636360835,0.7853216479,3.0738946552
1427,88.7017190569,2.6368895698,33.7503131795,-1.5680578734,0.7857944250,3.0721911343
1428,87.6487640862,2.7010983025,32.6916233854,-1.5706593030,0.7862930042,3.0699265490
1429,86.5965799504,2.7685286358,31.6347404062,-1.5700688634,0.7871532896,3.0701136180
1430,85.5477628703,2.8383510619,30.5838709468,-1.5677480005,0.7881037334,3.0720512148
1431,84.4925565194,2.9123120655,29.5294019161,-1.5663343865,0.7890927331,3.0745600453
1432,83.4459947458,2.9758090355,28.4757804874,-1.5659232446,0.7898770728,3.0761309148
1433,82.4004211621,3.0368673729,27.4207985532,-1.5664258900,0.7906120541,3.0779021859
1434,81.3558219235,3.0936789980,26.3633881523,-1.5685116178,0.7912449508,3.0762060069
1435,80.3110954039,3.1528105640,25.3075667285,-1.5701659729,0.7919031369,3.0745371058
1436,79.2701349274,3.2091970084,24.2480812268,-1.5727545756,0.7926684708,3.0734260378
1437,78.2243229097,3.2696776500,23.1921676134,-1.5709507051,0.7928398077,3.0718511299
1438,77.1888031425,3.3255080040,22.1296449032,-1.5760262010,0.7934560013,3.0721748670
1439,76.1545122185,3.3834256491,21.0733717624,-1.5743633531,0.7932822984,3.0765367572
1440,75.1231052697,3.4366224573,20.0088688675,-1.5782542173,0.7938010686,3.0794514774
1441,74.0863488285,3.4886307626,18.9415659711,-1.5847038452,0.7939213468,3.0747400297
1442,73.0477565028,3.5434513868,17.8814424612,-1.5869455480,0.7941109512,3.0694111208
1443,72.0122718243,3.5990284250,16.8244427085,-1.5840047692,0.7952660078,3.0731501851
1444,70.9542536248,3.6670764448,15.7678982114,-1.5780471120,0.7960268980,3.0767989851
1445,69.9124063589,3.7211163416,14.6996082755,-1.5837320975,0.7958181288,3.0734592719
1446,68.8623056581,3.7832886871,13.6305733144,-1.5861491669,0.7956612930,3.0726037153
1447,67.8203281452,3.8424243137,12.5669984595,-1.5845559880,0.7960442919,3.0755406980
1448,66.7555091566,3.9105307716,11.5011053282,-1.5821637553,0.7965942909,3.0769650782
1449,65.7034653015,3.9676426121,10.4408142516,-1.5788901921,0.7973373332,3.0789308522
1450,64.6404438041,4.0270692975,9.3739942982,-1.5778406490,0.7977117986,3.0768664920
1451,63.5938047642,4.0815583735,8.3077344992,-1.5806162617,0.7987070071,3.0747060489
1452,62.5452289797,4.1389798246,7.2426383491,-1.5796496537,0.7993112849,3.0751294952
1453,61.5077430587,4.1943475604,6.1745047544,-1.5827919132,0.8001436524,3.0752227280
1454,60.4716895877,4.2456432401,5.1101991314,-1.5824368982,0.8004554765,3.0789660150
1455,59.4375511436,4.2953663910,4.0433625821,-1.5854275756,0.8008010576,3.0808550544
1456,58.3986965588,4.3521571368,2.9688794219,-1.5857445528,0.8008750802,3.0818093928
1457,57.3590809946,4.4140906529,1.8910444667,-1.5870346830,0.8013523858,3.0836723696
1458,56.3233841628,4.4679665397,0.8201388895,-1.5871956214,0.8014690540,3.0831318030
1459,55.2874223934,4.5229595944,-0.2503938542,-1.5863632517,0.8023003290,3.0852580454
1460,54.2603828621,4.5678623313,-1.3197883324,-1.5830185242,0.8027772707,3.0890562829
1461,53.2396715461,4.6077582314,-2.3895951334,-1.5814604261,0.8030719680,3.0912623702
1462,52.2188845667,4.6431817900,-3.4560459026,-1.5805476055,0.8032687225,3.0920563566
1463,51.1983631404,4.6775903050,-4.5248971716,-1.5806512570,0.8034265163,3.0929779230
1464,50.1877260736,4.7071801138,-5.5860501767,-1.5788990224,0.8035119431,3.0992300015
1465,49.1799803403,4.7320032238,-6.6491529055,-1.5790918474,0.8030167003,3.1049729070
1466,48.1756480452,4.7495175984,-7.7145645202,-1.5821034232,0.8025389311,3.1084481078
1467,47.1685065618,4.7606568389,-8.7854979082,-1.5873716765,0.8021959890,3.1071401143
1468,46.1521749510,4.7838862640,-9.8675764160,-1.5917027418,0.8023386432,3.1045900303
1469,45.1354884485,4.8205181752,-10.9275759990,-1.5945175888,0.8033454941,3.1015952336
1470,44.1255517315,4.8593626393,-11.9807260035,-1.5955999885,0.8051948155,3.0997090846
1471,43.1318917376,4.8877738556,-13.0141994230,-1.5893539894,0.8078300523,3.1078194462
1472,42.1424964946,4.9098827303,-14.0362225111,-1.5772888315,0.8103399203,3.1178084688
1473,41.1601689217,4.9191166042,-15.0547525345,-1.5714092565,0.8130593230,3.1173603789
1474,40.1879910020,4.9291409000,-16.0672510663,-1.5668846999,0.8163616623,3.1127316489
1475,39.2381327070,4.9368000542,-17.0727397242,-1.5654104363,0.8204939158,3.1092989735
1476,38.3165030076,4.9396904093,-18.0756741906,-1.5691372119,0.8247823093,3.1062726716
1477,37.4116628083,4.9391096861,-19.0758643037,-1.5739868473,0.8279548623,3.1034946170
1478,36.5214266072,4.9426606539,-20.0671326366,-1.5755442593,0.8310608404,3.1057529792
1479,35.6438175757,4.9541156353,-21.0476174385,-1.5690494582,0.8346352823,3.1121971154
1480,34.7787750807,4.9573510566,-22.0051004997,-1.5593611023,0.8379699492,3.1195365742
1481,33.9285812946,4.9552667838,-22.9569054440,-1.5547109240,0.8406747736,3.1230609022
1482,33.0899957136,4.9551783122,-23.9109176737,-1.5600212164,0.8430543135,3.1205668994
1483,32.2962597081,4.9569158923,-24.8509632395,-1.5656429452,0.8448647861,3.1232166446
1484,31.5134938597,4.9539287602,-25.7772418211,-1.5706056485,0.8463348297,3.1263092012
1485,30.7351406393,4.9509459552,-26.6967523320,-1.5809660465,0.8473045255,3.1232639178
1486,29.9662856021,4.9440500083,-27.5941654690,-1.5948270356,0.8488985433,3.1160596999
1487,29.2176354802,4.9314189967,-28.4626352235,-1.6014836310,0.8503261622,3.1146177380
1488,28.5065431190,4.9216777616,-29.3066470779,-1.6021499392,0.8514416500,3.1239984512
1489,27.8191573196,4.9099443999,-30.1370226507,-1.6093106632,0.8506882726,3.1289806905
1490,27.1539853353,4.8818875314,-30.9521925060,-1.6254533650,0.8477871396,3.1246991448
1491,26.4988093828,4.8571429816,-31.7391058483,-1.6397282668,0.8416548050,3.1191592947
1492,25.8662531624,4.8308469902,-32.4904925509,-1.6511668486,0.8334605212,3.1173037741
1493,25.2488176427,4.8033408634,-33.2079867966,-1.6578635280,0.8227849718,3.1203127668
1494,24.6437607600,4.7898634719,-33.8857854329,-1.6632783739,0.8096085347,3.1251050402
1495,24.0437374272,4.7855170282,-34.5348773061,-1.6715238652,0.7941321427,3.1287223306
1496,23.4545337956,4.7810061118,-35.1430776129,-1.6748691090,0.7761779980,3.1322794136
1497,22.8724065755,4.7736875626,-35.7155887871,-1.6759930122,0.7550687063,3.1372400220
1498,22.2974505454,4.7645114847,-36.2568766218,-1.6834224379,0.7290682057,3.1398651252
1499,21.7291886612,4.7552331659,-36.7630143383,-1.6898507065,0.6975928098,-3.1414827032
1500,21.1548948375,4.7551180610,-37.2212188584,-1.6904978012,0.6629283296,-3.1403322864
1501,20.5816238932,4.7481595293,-37.6362949083,-1.6864800564,0.6265113030,-3.1380688943
1502,20.0197468739,4.7367198938,-38.0126220830,-1.6869889722,0.5883073039,-3.1348715019
1503,19.4675378215,4.7173610893,-38.3516035565,-1.6838768159,0.5471561269,-3.1291358260
1504,18.9242850206,4.6955589108,-38.6513525335,-1.6804060877,0.5051448830,-3.1253041622
1505,18.3792810975,4.6758868462,-38.9061852487,-1.6743113366,0.4633145818,-3.1234680805
1506,17.8267559420,4.6597746159,-39.1356896082,-1.6685778778,0.4198896643,-3.1247115292
1507,17.2729566401,4.6400848861,-39.3314282501,-1.6640592736,0.3731919026,-3.1273927037
1508,16.7173270966,4.6130617694,-39.5031452397,-1.6635917767,0.3225491511,-3.1320769904
1509,16.1639063754,4.5874859393,-39.6378473756,-1.6650916384,0.2676487211,-3.1383450011
1510,15.6078933745,4.5704156613,-39.7372046916,-1.6638029424,0.2088084825,3.1394355701
1511,15.0644214043,4.5436578399,-39.7932423662,-1.6594161925,0.1488139829,3.1350431260
1512,14.5237704752,4.5225824733,-39.8109037415,-1.6545566578,0.0898762767,3.1318620665
1513,13.9902782794,4.5155794890,-39.8061429798,-1.6522483153,0.0311624395,3.1308394699
1514,13.4662752027,4.5130347212,-39.7756646612,-1.6527544427,-0.0272034676,3.1318242358
1515,12.9650340139,4.4948914050,-39.7115065961,-1.6537828474,-0.0844818024,3.1334715405
1516,12.4655388603,4.4936996569,-39.6249616108,-1.6533750319,-0.1415128876,3.1359412384
1517,11.9736183980,4.4940767492,-39.5006366450,-1.6518650889,-0.1987253264,3.1389306792
1518,11.4922682238,4.4847085391,-39.3553927689,-1.6524737425,-0.2553918812,-3.1411087283
1519,11.0148275058,4.4888467019,-39.1841487123,-1.6550919819,-0.3117791732,-3.1366114212
1520,10.5478117249,4.4867361936,-38.9939273325,-1.6599950118,-0.3682604222,-3.1302367451
1521,10.0900234831,4.4883603770,-38.7777982652,-1.6632039513,-0.4242738807,-3.1245738190
1522,9.6385050678,4.4898919458,-38.5218158200,-1.6645784240,-0.4803000605,-3.1215796700
1523,9.2001817930,4.4868627810,-38.2433443097,-1.6659523667,-0.5367641990,-3.1207154102
1524,8.7690170472,4.4881844774,-37.9347837122,-1.6647447139,-0.5932774242,-3.1212660567
1525,8.3483835179,4.4841193485,-37.6008750091,-1.6645614883,-0.6487148895,-3.1228453677
1526,7.9425143109,4.4869466502,-37.2385593744,-1.6643701719,-0.7032226726,-3.1231677568
1527,7.5445596495,4.4931827651,-36.8548001877,-1.6687748033,-0.7571459406,-3.1197020111
1528,7.1612370106,4.5115307857,-36.4489103503,-1.6746710448,-0.8096139877,-3.1126214897
1529,6.7980109466,4.5237881106,-36.0172907342,-1.6798827054,-0.8608556872,-3.1050030584
1530,6.4532406453,4.5272673423,-35.5543584269,-1.6837996788,-0.9113903796,-3.0974372780
1531,6.1299128933,4.5241506695,-35.0693354001,-1.6874923237,-0.9607351080,-3.0895563985
1532,5.8236489316,4.5176928561,-34.5617592559,-1.6923573015,-1.0090971847,-3.0810087686
1533,5.5340404550,4.5108088818,-34.0269422591,-1.6956920835,-1.0568141704,-3.0733701114
1534,5.2654930945,4.5021761814,-33.4757180355,-1.6994332977,-1.1021789252,-3.0655179928
1535,5.0155728768,4.4947158267,-32.8997277564,-1.7046585765,-1.1450962760,-3.0572766996
1536,4.7844651688,4.4808873278,-32.3098346984,-1.7159305693,-1.1847652044,-3.0441024673
1537,4.5743772277,4.4594109712,-31.6908475694,-1.7307759589,-1.2208005263,-3.0270092559
1538,4.3815748228,4.4319531635,-31.0603050102,-1.7483781646,-1.2523478239,-3.0048493916
1539,4.2055975990,4.3910692496,-30.4125395765,-1.7681738477,-1.2805070971,-2.9799317239
1540,4.0352000589,4.3548036598,-29.7546885457,-1.7941078289,-1.3056002577,-2.9520118328
1541,3.8775955421,4.3027294450,-29.0802098738,-1.8221267483,-1.3269806724,-2.9226811113
1542,3.7408309662,4.2469073132,-28.3895551496,-1.8411186999,-1.3460479630,-2.9000398589
1543,3.6106951039,4.1929413755,-27.6858770740,-1.8553278749,-1.3618609768,-2.8826202517
1544,3.4852198602,4.1433466300,-26.9692572974,-1.8605668286,-1.3747282188,-2.8744695401
1545,3.3607773544,4.0963588455,-26.2461445349,-1.8627225858,-1.3839687724,-2.8698280577
1546,3.2421231231,4.0510609438,-25.5078886801,-1.8570512041,-1.3904419009,-2.8710642546
1547,3.1213956718,4.0074187267,-24.7613951192,-1.8408898778,-1.3957461598,-2.8828156220
1548,3.0006538593,3.9520222468,-24.0043876214,-1.8316784579,-1.3989266380,-2.8919161593
1549,2.8734312955,3.9074276606,-23.2446447951,-1.8307668102,-1.4006936210,-2.8946893303
1550,2.7527942184,3.8641169903,-22.4717400325,-1.8397518993,-1.4015124307,-2.8850585592
1551,2.6383294474,3.8243744122,-21.6871407208,-1.8365675101,-1.4030570948,-2.8853947803
1552,2.5258850224,3.7746445126,-20.8918133076,-1.8300209951,-1.4053013291,-2.8898549238
1553,2.4032485249,3.7284478338,-20.0876975360,-1.8225641462,-1.4076121039,-2.8990471316
1554,2.2823210703,3.6872477398,-19.2748044024,-1.8190117496,-1.4091739606,-2.9021572778
1555,2.1665363175,3.6465632515,-18.4526758418,-1.8191367163,-1.4104843353,-2.8998552968
1556,2.0473628180,3.6076127593,-17.6168277179,-1.8122000345,-1.4121805186,-2.9046058052
1557,1.9290366929,3.5676778540,-16.7718163377,-1.8001700306,-1.4146621871,-2.9144937675
1558,1.8095484856,3.5322130804,-15.9217647114,-1.7816284516,-1.4168391050,-2.9302987042
1559,1.6968432675,3.4824941000,-15.0656682501,-1.7652044687,-1.4189697582,-2.9448878765
1560,1.5843962439,3.4350924934,-14.2159725094,-1.7558727275,-1.4207893972,-2.9520761662
1561,1.4823089543,3.3806553646,-13.3721225239,-1.7565934244,-1.4221412875,-2.9476285317
1562,1.3771684417,3.3357141572,-12.5377525847,-1.7496799918,-1.4239164650,-2.9514269634
1563,1.2728598734,3.2899623556,-11.7065692297,-1.7244614893,-1.4260451829,-2.9748160611
1564,1.1682718182,3.2506622096,-10.8846991573,-1.6914963333,-1.4278879176,-3.0054039804
1565,1.0652892675,3.2118214062,-10.0701234628,-1.6658619759,-1.4285835357,-3.0304015560
1566,0.9577323496,3.1851263180,-9.2666813059,-1.6573863102,-1.4283546927,-3.0378662264
1567,0.8532283666,3.1615411942,-8.4738875973,-1.6626852304,-1.4269096368,-3.0313405028
1568,0.7427326962,3.1443989442,-7.6916091768,-1.6770626299,-1.4244225814,-3.0159587495
1569,0.6180587724,3.1300058158,-6.9233670713,-1.6977849982,-1.4219485497,-2.9976176957
1570,0.4792041734,3.1244433674,-6.1665492555,-1.7111916887,-1.4189183665,-2.9881478235
1571,0.3498868649,3.1114316834,-5.4117505416,-1.6959332506,-1.4162537566,-3.0055766198
1572,0.2205902967,3.0955022810,-4.6596012524,-1.6508321630,-1.4135569089,-3.0512391042
1573,0.0908688817,3.0773377366,-3.9179297346,-1.6113177777,-1.4107629594,-3.0906926844
1574,-0.0435743690,3.0565318285,-3.1923205180,-1.6106082306,-1.4070780959,-3.0930759010
1575,-0.1822990049,3.0478175591,-2.4784217534,-1.6288249058,-1.4024507255,-3.0780724326
1576,-0.3258535179,3.0424556076,-1.7675364110,-1.6302665752,-1.3973945721,-3.0807420996
1577,-0.4606347529,3.0334351560,-1.0575395704,-1.5988715987,-1.3921611105,-3.1116297002
1578,-0.5955651686,3.0185260354,-0.3558529994,-1.5660728955,-1.3855344791,3.1398101272
1579,-0.7411740891,3.0059872647,0.3389151569,-1.5541364910,-1.3783594041,3.1270042889
1580,-0.8952373488,3.0111960967,1.0213447726,-1.5814770101,-1.3695370959,-3.1271069519
1581,-1.0628482977,3.0247467630,1.7000939655,-1.6113444547,-1.3584410959,-3.0963353842
1582,-1.2348342663,3.0263847177,2.3846998774,-1.6176573440,-1.3476287535,-3.0877569238
1583,-1.4188998299,3.0230309194,3.0731732237,-1.6145678887,-1.3355802858,-3.0902181487
1584,-1.6050909615,3.0148508649,3.7666389262,-1.6000864672,-1.3239812445,-3.1043320682
1585,-1.8096867059,3.0035881288,4.4591523906,-1.5860595930,-1.3129633386,-3.1183301331
1586,-2.0181252559,2.9981277073,5.1481581331,-1.5808363971,-1.3013483082,-3.1231975788
1587,-2.2385124308,3.0011397307,5.8347784640,-1.5867404013,-1.2900418747,-3.1188230369
1588,-2.4577567482,2.9994481569,6.5200493687,-1.6030056040,-1.2788923234,-3.1024997466
1589,-2.6797915773,2.9880059485,7.2076619721,-1.6176409334,-1.2678546460,-3.0870132536
1590,-2.9076250133,2.9766415066,7.9026558429,-1.6234678824,-1.2577020779,-3.0781622644
