timestamp,lidar_pose.x,lidar_pose.y,lidar_pose.z,lidar_pose.roll,lidar_pose.pitch,lidar_pose.yaw
1565944761.4452271461,353086.1307556829,4025694.7009138917,21.1364528090,-0.0056135239,0.0019778357,0.5481214443
1565944761.5445632935,353086.1307556829,4025694.7009138917,21.1364528090,-0.0056135239,0.0019778357,0.5481214443
1565944761.6450829506,353086.1307556829,4025694.7009138917,21.1364528090,-0.0056135239,0.0019778357,0.5481214443
1565944761.7450015545,353086.1307556829,4025694.7009138917,21.1364528090,-0.0056135239,0.0019778357,0.5481214443
1565944761.8450672626,353086.1307556829,4025694.7009138917,21.1364528090,-0.0056135239,0.0019778357,0.5481214443
1565944761.9450669289,353086.1307556829,4025694.7009138917,21.1364528090,-0.0056135239,0.0019778357,0.5481214443
1565944762.0443685055,353086.1307556829,4025694.7009138917,21.1364528090,-0.0056135239,0.0019778357,0.5481214443
1565944762.1452641487,353086.1307556829,4025694.7009138917,21.1364528090,-0.0056135239,0.0019778357,0.5481214443
1565944762.2452197075,353086.1307556829,4025694.7009138917,21.1364528090,-0.0056135239,0.0019778357,0.5481214443
1565944762.3455307484,353086.1307556829,4025694.7009138917,21.1364528090,-0.0056135239,0.0019778357,0.5481214443
1565944762.4453063011,353086.1307556829,4025694.7009138917,21.1364528090,-0.0056135239,0.0019778357,0.5481214443
1565944762.5445003510,353086.1307556829,4025694.7009138917,21.1364528090,-0.0056135239,0.0019778357,0.5481214443
1565944762.6452970505,353086.1307556829,4025694.7009138917,21.1364528090,-0.0056135239,0.0019778357,0.5481214443
1565944762.7454285622,353086.1307556829,4025694.7009138917,21.1364528090,-0.0056135239,0.0019778357,0.5481214443
1565944762.8452770710,353086.1307556829,4025694.7009138917,21.1364528090,-0.0056135239,0.0019778357,0.5481214443
1565944762.9452805519,353086.1307556829,4025694.7009138917,21.1364528090,-0.0056135239,0.0019778357,0.5481214443
1565944763.0455651283,353086.1307556829,4025694.7009138917,21.1364528090,-0.0056135239,0.0019778357,0.5481214443
1565944763.1452622414,353086.1307556829,4025694.7009138917,21.1364528090,-0.0056135239,0.0019778357,0.5481214443
1565944763.2463529110,353086.1307556829,4025694.7009138917,21.1364528090,-0.0056135239,0.0019778357,0.5481214443
1565944763.3390362263,353086.1307556829,4025694.7009138917,21.1364528090,-0.0056135239,0.0019778357,0.5481214443
1565944763.4391810894,353086.1307556829,4025694.7009138917,21.1364528090,-0.0056135239,0.0019778357,0.5481214443
1565944763.5392041206,353086.1307556829,4025694.7009138917,21.1364528090,-0.0056135239,0.0019778357,0.5481214443
1565944763.6393969059,353086.1307556829,4025694.7009138917,21.1364528090,-0.0056135239,0.0019778357,0.5481214443
1565944763.7393274307,353086.1307556829,4025694.7009138917,21.1364528090,-0.0056135239,0.0019778357,0.5481214443
1565944763.8392376900,353086.1307556829,4025694.7009138917,21.1364528090,-0.0056135239,0.0019778357,0.5481214443
1565944763.9390366077,353086.1307556829,4025694.7009138917,21.1364528090,-0.0056135239,0.0019778357,0.5481214443
1565944764.0389869213,353086.1307556829,4025694.7009138917,21.1364528090,-0.0056135239,0.0019778357,0.5481214443
1565944764.1389636993,353086.1307556829,4025694.7009138917,21.1364528090,-0.0056135239,0.0019778357,0.5481214443
1565944764.2389681339,353086.1307556829,4025694.7009138917,21.1364528090,-0.0056135239,0.0019778357,0.5481214443
1565944764.3390212059,353086.1307556829,4025694.7009138917,21.1364528090,-0.0056135239,0.0019778357,0.5481214443
1565944764.4391410351,353086.1307556829,4025694.7009138917,21.1364528090,-0.0056135239,0.0019778357,0.5481214443
1565944764.5391578674,353086.1307556829,4025694.7009138917,21.1364528090,-0.0056135239,0.0019778357,0.5481214443
1565944764.6389243603,353086.1307556829,4025694.7009138917,21.1364528090,-0.0056135239,0.0019778357,0.5481214443
1565944764.7387797832,353086.1307556829,4025694.7009138917,21.1364528090,-0.0056135239,0.0019778357,0.5481214443
1565944764.8389759064,353086.1307556829,4025694.7009138917,21.1364528090,-0.0056135239,0.0019778357,0.5481214443
1565944764.9389264584,353086.1307556829,4025694.7009138917,21.1364528090,-0.0056135239,0.0019778357,0.5481214443
1565944765.0386745930,353086.1307556829,4025694.7009138917,21.1364528090,-0.0056135239,0.0019778357,0.5481214443
1565944765.1389212608,353086.1307556829,4025694.7009138917,21.1364528090,-0.0056135239,0.0019778357,0.5481214443
1565944765.2392640114,353086.1307556829,4025694.7009138917,21.1364528090,-0.0056135239,0.0019778357,0.5481214443
1565944765.3393969536,353086.1307556829,4025694.7009138917,21.1364528090,-0.0056135239,0.0019778357,0.5481214443
1565944765.4389338493,353086.1307556829,4025694.7009138917,21.1364528090,-0.0056135239,0.0019778357,0.5481214443
1565944765.5383186340,353086.1307556829,4025694.7009138917,21.1364528090,-0.0056135239,0.0019778357,0.5481214443
1565944765.6388671398,353086.1307556829,4025694.7009138917,21.1364528090,-0.0056135239,0.0019778357,0.5481214443
1565944765.7386314869,353086.1307556829,4025694.7009138917,21.1364528090,-0.0056135239,0.0019778357,0.5481214443
1565944765.8382747173,353086.1307556829,4025694.7009138917,21.1364528090,-0.0056135239,0.0019778357,0.5481214443
1565944765.9385921955,353086.1307556829,4025694.7009138917,21.1364528090,-0.0056135239,0.0019778357,0.5481214443
1565944766.0387167931,353086.1307556829,4025694.7009138917,21.1364528090,-0.0056135239,0.0019778357,0.5481214443
1565944766.1389145851,353086.1307556829,4025694.7009138917,21.1364528090,-0.0056135239,0.0019778357,0.5481214443
1565944766.2390525341,353086.1307556829,4025694.7009138917,21.1364528090,-0.0056135239,0.0019778357,0.5481214443
1565944766.3392119408,353086.1307556829,4025694.7009138917,21.1364528090,-0.0056135239,0.0019778357,0.5481214443
1565944766.4391674995,353086.1307556829,4025694.7009138917,21.1364528090,-0.0056135239,0.0019778357,0.5481214443
1565944766.5391530991,353086.1307556829,4025694.7009138917,21.1364528090,-0.0056135239,0.0019778357,0.5481214443
1565944766.6389749050,353086.1307556829,4025694.7009138917,21.1364528090,-0.0056135239,0.0019778357,0.5481214443
1565944766.7392280102,353086.1307556829,4025694.7009138917,21.1364528090,-0.0056135239,0.0019778357,0.5481214443
1565944766.8389585018,353086.1307556829,4025694.7009138917,21.1364528090,-0.0056135239,0.0019778357,0.5481214443
1565944766.9389317036,353086.1307556829,4025694.7009138917,21.1364528090,-0.0056135239,0.0019778357,0.5481214443
1565944767.0391898155,353086.1307556829,4025694.7009138917,21.1364528090,-0.0056135239,0.0019778357,0.5481214443
1565944767.1389243603,353086.1307556829,4025694.7009138917,21.1364528090,-0.0056135239,0.0019778357,0.5481214443
1565944767.2388193607,353086.1307556829,4025694.7009138917,21.1364528090,-0.0056135239,0.0019778357,0.5481214443
1565944767.3389101028,353086.1307556829,4025694.7009138917,21.1364528090,-0.0056135239,0.0019778357,0.5481214443
1565944767.4388384819,353086.1307556829,4025694.7009138917,21.1364528090,-0.0056135239,0.0019778357,0.5481214443
1565944767.5386378765,353086.1307556829,4025694.7009138917,21.1364528090,-0.0056135239,0.0019778357,0.5481214443
1565944767.6386077404,353086.1307556829,4025694.7009138917,21.1364528090,-0.0056135239,0.0019778357,0.5481214443
1565944767.7386271954,353086.1307556829,4025694.7009138917,21.1364528090,-0.0056135239,0.0019778357,0.5481214443
1565944767.8386635780,353086.1307556829,4025694.7009138917,21.1364528090,-0.0056135239,0.0019778357,0.5481214443
1565944767.9387171268,353086.1307556829,4025694.7009138917,21.1364528090,-0.0056135239,0.0019778357,0.5481214443
1565944768.0391752720,353086.1307556829,4025694.7009138917,21.1364528090,-0.0056135239,0.0019778357,0.5481214443
1565944768.1388776302,353086.1307556829,4025694.7009138917,21.1364528090,-0.0056135239,0.0019778357,0.5481214443
1565944768.2389671803,353086.1307556829,4025694.7009138917,21.1364528090,-0.0056135239,0.0019778357,0.5481214443
1565944768.3390316963,353086.1307556829,4025694.7009138917,21.1364528090,-0.0056135239,0.0019778357,0.5481214443
1565944768.4388039112,353085.9301566110,4025694.5766574452,21.1356206724,-0.0063501283,0.0016265519,0.5481624894
1565944768.5387582779,353085.7026439593,4025694.4337017620,21.1343657297,-0.0059562938,0.0010600015,0.5480365961
1565944768.6384763718,353085.4679918429,4025694.2849330623,21.1327983276,-0.0051337419,0.0003822140,0.5479437513
1565944768.7385082245,353085.2274270581,4025694.1338977572,21.1317381435,-0.0049099559,0.0000556453,0.5482055384
1565944768.8384668827,353085.0043258586,4025693.9963923045,21.1304893553,-0.0061546417,-0.0003644227,0.5482242651
1565944768.9384591579,353084.7502026973,4025693.8399635376,21.1284419057,-0.0065205336,-0.0011635262,0.5477075885
1565944769.0385677814,353084.4895898178,4025693.6777030067,21.1267848043,-0.0056408909,-0.0016367528,0.5466601196
1565944769.1385066509,353084.2252532549,4025693.5136015965,21.1262509720,-0.0045575290,-0.0014569512,0.5457066349
1565944769.2385373116,353083.9535499161,4025693.3468791144,21.1266294683,-0.0043368623,-0.0008181516,0.5443308880
1565944769.3382639885,353083.7035612948,4025693.1961445143,21.1277592403,-0.0043602372,0.0000586310,0.5426895188
1565944769.4384746552,353083.4177070200,4025693.0275342530,21.1276856306,-0.0055382815,0.0001289937,0.5409873328
1565944769.5388214588,353083.1283493683,4025692.8520921809,21.1278024915,-0.0049944463,0.0002426393,0.5394287641
1565944769.6385176182,353082.8305928205,4025692.6753840642,21.1271310551,-0.0049022427,-0.0001051341,0.5375576932
1565944769.7387397289,353082.5273735859,4025692.4958371543,21.1276459194,-0.0055775776,0.0002290481,0.5361357183
1565944769.8379464149,353082.2501676200,4025692.3330138638,21.1295003815,-0.0065786155,0.0012017303,0.5349656561
1565944769.9385881424,353081.9369366608,4025692.1503043687,21.1314888265,-0.0077597747,0.0019996520,0.5337995215
1565944770.0387811661,353081.6189620311,4025691.9616688793,21.1321421637,-0.0080903983,0.0018623528,0.5331382143
1565944770.1388726234,353081.2950843659,4025691.7668675850,21.1322716872,-0.0073557959,0.0014503798,0.5326519322
1565944770.2388453484,353080.9668694680,4025691.5692343619,21.1326939399,-0.0061239701,0.0012184647,0.5323172689
1565944770.3387582302,353080.6667347693,4025691.3900466780,21.1336280843,-0.0056019941,0.0013357803,0.5319677469
1565944770.4387431145,353080.3284379803,4025691.1898362064,21.1353417332,-0.0063486646,0.0016939816,0.5317647573
1565944770.5392918587,353079.9838248471,4025690.9858822520,21.1358950873,-0.0078941774,0.0013560966,0.5317973191
1565944770.6392400265,353079.6326831238,4025690.7785600564,21.1347361188,-0.0086688679,0.0001846204,0.5314292207
1565944770.7388865948,353079.2792079256,4025690.5649730926,21.1336218736,-0.0072354641,-0.0007256774,0.5311087385
1565944770.8388156891,353078.9585655408,4025690.3714057598,21.1317251028,-0.0060302753,-0.0018528909,0.5308816088
1565944770.9387905598,353078.6006244443,4025690.1551326793,21.1287283227,-0.0046190919,-0.0032736690,0.5307347444
1565944771.0387799740,353078.2461292017,4025689.9438290573,21.1275627233,-0.0044435016,-0.0034053978,0.5306743910
1565944771.1387856007,353077.8936505113,4025689.7357179248,21.1285640542,-0.0051365499,-0.0023498215,0.5301025436
1565944771.2387342453,353077.5414442886,4025689.5310391090,21.1303893623,-0.0064813863,-0.0011017961,0.5293677194
1565944771.3387093544,353077.2265036492,4025689.3452143748,21.1314843887,-0.0065611588,-0.0005093681,0.5290229074
1565944771.4388360977,353076.8765751204,4025689.1369067258,21.1325853123,-0.0057354329,-0.0000393488,0.5286513429
1565944771.5387728214,353076.5271628231,4025688.9302659840,21.1333481757,-0.0057590421,0.0001496501,0.5285498545
1565944771.6389236450,353076.1808298990,4025688.7252873946,21.1351801431,-0.0066499886,0.0009063614,0.5292625310
1565944771.7419421673,353075.8385062490,4025688.5184183209,21.1383039657,-0.0067225239,0.0021652562,0.5313799206
1565944771.8387198448,353075.5301076972,4025688.3290796266,21.1402641994,-0.0063858355,0.0025901562,0.5335511454
1565944771.9415621758,353075.1517563305,4025688.0986819277,21.1418010997,-0.0061685372,0.0025858455,0.5356247390
1565944772.0384089947,353074.8419344520,4025687.9095066027,21.1418251383,-0.0065209975,0.0019311934,0.5370619943
1565944772.1383490562,353074.4948406274,4025687.6995236375,21.1403092434,-0.0072793757,0.0005327939,0.5383269183
1565944772.2383825779,353074.1477847841,4025687.4897047239,21.1404187550,-0.0082582993,0.0003413047,0.5397897719
1565944772.3381011486,353073.8361236194,4025687.2997931149,21.1418747696,-0.0092459676,0.0009273856,0.5411357829
1565944772.4383997917,353073.4922884033,4025687.0876410082,21.1432971549,-0.0095276113,0.0014573989,0.5425489658
1565944772.5386412144,353073.1476025841,4025686.8733085031,21.1442412779,-0.0096764336,0.0016309958,0.5444010963
1565944772.6384351254,353072.8009166464,4025686.6585168280,21.1443682605,-0.0105315250,0.0013439900,0.5463343067
1565944772.7386531830,353072.4522951646,4025686.4432403143,21.1443336458,-0.0121668008,0.0010478227,0.5480472171
1565944772.8383595943,353072.1393648949,4025686.2468337324,21.1452985257,-0.0129551448,0.0013727447,0.5500384891
1565944772.9387421608,353071.7899689994,4025686.0250886190,21.1445679580,-0.0134694864,0.0006696241,0.5526741382
1565944773.0386738777,353071.4363243973,4025685.7998196180,21.1417904211,-0.0143472156,-0.0009650686,0.5554414802
1565944773.1386082172,353071.0788071618,4025685.5705734417,21.1374715969,-0.0146106772,-0.0030262033,0.5579511513
1565944773.2384746075,353070.7229184550,4025685.3366707652,21.1335555279,-0.0135589890,-0.0044374883,0.5606372692
1565944773.3384850025,353070.3672550456,4025685.1057371334,21.1340044075,-0.0146248709,-0.0031389486,0.5639126235
1565944773.4383056164,353070.0468644004,4025684.9002280375,21.1377278686,-0.0173941926,-0.0004530942,0.5668650611
1565944773.5382957458,353069.6881533208,4025684.6647346350,21.1408152209,-0.0185235863,0.0012328379,0.5695020624
1565944773.6382684708,353069.3250219520,4025684.4230959681,21.1407177301,-0.0180978752,0.0008227795,0.5719684949
1565944773.7383699417,353068.9597597149,4025684.1721767690,21.1393160819,-0.0146575317,-0.0001741315,0.5745337239
1565944773.8381407261,353068.5887634748,4025683.9246093035,21.1409987919,-0.0145582035,0.0007833939,0.5761597382
1565944773.9387116432,353068.2545131939,4025683.7034482583,21.1439928291,-0.0153610633,0.0021988699,0.5773828641
1565944774.0387246609,353067.8761842193,4025683.4568310780,21.1457646270,-0.0183935643,0.0026233156,0.5791932711
1565944774.1386625767,353067.4949048635,4025683.2008357495,21.1485054376,-0.0188428227,0.0034370622,0.5809091335
1565944774.2386653423,353067.1130273517,4025682.9447087962,21.1532476254,-0.0186521270,0.0050484734,0.5819091221
1565944774.3385934830,353066.7303704761,4025682.6831728672,21.1575154484,-0.0165905244,0.0059984779,0.5828665959
1565944774.4386584759,353066.3765453963,4025682.4457987011,21.1571165381,-0.0168472355,0.0047840240,0.5839435024
1565944774.5391504765,353065.9754417833,4025682.1809706986,21.1553501301,-0.0189687905,0.0031072422,0.5848778848
1565944774.6385283470,353065.5759518300,4025681.9124045423,21.1552006574,-0.0188754485,0.0026504822,0.5855504106
1565944774.7385063171,353065.1753720805,4025681.6409786944,21.1569979332,-0.0173830142,0.0032674427,0.5861056205
1565944774.8378782272,353064.7724863776,4025681.3686436955,21.1612647121,-0.0168438338,0.0050317109,0.5870061956
1565944774.9386003017,353064.4072061400,4025681.1223416864,21.1657073297,-0.0168235831,0.0065049918,0.5875312736
1565944775.0383880138,353063.9966681042,4025680.8505042726,21.1700654761,-0.0188883630,0.0074687899,0.5881652767
1565944775.1385500431,353063.5818454108,4025680.5741978795,21.1732059778,-0.0208771812,0.0075432442,0.5891185325
1565944775.2383577824,353063.1654495055,4025680.2950086864,21.1740610406,-0.0211319366,0.0063176193,0.5893518106
1565944775.3385450840,353062.7434212835,4025680.0067004329,21.1720149223,-0.0194669134,0.0038572674,0.5895831855
1565944775.4385030270,353062.3606911539,4025679.7458128980,21.1694015266,-0.0182214259,0.0018056976,0.5902482718
1565944775.5389785767,353061.9330926844,4025679.4585810057,21.1688919632,-0.0185931752,0.0014199973,0.5905271739
1565944775.6384899616,353061.5073782135,4025679.1730229976,21.1720991102,-0.0194825002,0.0030477578,0.5908956188
1565944775.7384455204,353061.0800701067,4025678.8857152187,21.1774375916,-0.0199464614,0.0052984697,0.5910866966
1565944775.8383784294,353060.6490333555,4025678.5950719062,21.1828667739,-0.0199883587,0.0069404868,0.5913427726
1565944775.9386222363,353060.2574444729,4025678.3309692186,21.1877051646,-0.0201150033,0.0080044734,0.5916016467
1565944776.0395441055,353059.8198605135,4025678.0350801437,21.1919195183,-0.0204800846,0.0080548611,0.5919422467
1565944776.1389451027,353059.3808846262,4025677.7350608981,21.1951495155,-0.0198079753,0.0074529788,0.5922241144
1565944776.2388370037,353058.9380008276,4025677.4367919704,21.1986048980,-0.0213048082,0.0071747798,0.5923828187
1565944776.3379781246,353058.4924215361,4025677.1356203342,21.2002084727,-0.0224105879,0.0060016076,0.5928274505
1565944776.4387509823,353058.0885946974,4025676.8638520162,21.2006196960,-0.0231731280,0.0045726017,0.5931488972
1565944776.5393190384,353057.6372878158,4025676.5571854636,21.1999077579,-0.0229361235,0.0027943932,0.5935054200
1565944776.6389558315,353057.1875286491,4025676.2475041193,21.1993969529,-0.0208875294,0.0016017002,0.5937919631
1565944776.7389307022,353056.7343908239,4025675.9391122707,21.1993312738,-0.0205932962,0.0010223318,0.5940467496
1565944776.8378767967,353056.2805351347,4025675.6350272056,21.2021104132,-0.0225056234,0.0021658187,0.5941164617
1565944776.9386940002,353055.8735036157,4025675.3625151217,21.2060001441,-0.0236216871,0.0035894902,0.5938533432
1565944777.0393924713,353055.4218390203,4025675.0588308959,21.2101680559,-0.0248548201,0.0046679651,0.5935892470
1565944777.1389133930,353054.9708035910,4025674.7581812688,21.2110637710,-0.0267366082,0.0037655797,0.5932761779
1565944777.2389073372,353054.5195453344,4025674.4576616082,21.2074365639,-0.0282366065,0.0008314178,0.5924450658
1565944777.3381304741,353054.0728554452,4025674.1584640495,21.2036333433,-0.0278270188,-0.0014621817,0.5912563236
1565944777.4388608932,353053.6238966185,4025673.8583851461,21.1977417451,-0.0260046094,-0.0042430017,0.5888924960
1565944777.5390691757,353053.2235728540,4025673.5928336270,21.1954937862,-0.0233600411,-0.0044926824,0.5856863419
1565944777.6388885975,353052.7803645458,4025673.3076763884,21.1985905332,-0.0228581697,-0.0017415034,0.5809667297
1565944777.7389705181,353052.3383498110,4025673.0370429456,21.2049296861,-0.0253746894,0.0019541548,0.5748440124
1565944777.8443489075,353051.8948066076,4025672.7721581855,21.2106964184,-0.0274651598,0.0043227330,0.5668858459
1565944777.9451591969,353051.4478817091,4025672.5069373418,21.2123855415,-0.0267453443,0.0038698272,0.5571337793
1565944778.0451753139,353051.0011996577,4025672.2446786934,21.2099184461,-0.0226282231,0.0013027368,0.5459613899
1565944778.1451654434,353050.5507231039,4025671.9924986307,21.2033484238,-0.0190887826,-0.0025812013,0.5325949786
1565944778.2451193333,353050.1031225875,4025671.7562716217,21.1940360130,-0.0157726445,-0.0068345088,0.5167814672
1565944778.3450050354,353049.7049157477,4025671.5644957111,21.1865255884,-0.0155157352,-0.0092480834,0.5005126758
1565944778.4447801113,353049.2714632918,4025671.3738735323,21.1822148983,-0.0164170652,-0.0093785256,0.4816032456
1565944778.5448017120,353048.8447003780,4025671.2011632174,21.1791586497,-0.0179644707,-0.0088997230,0.4613638349
1565944778.6449773312,353048.4228814553,4025671.0405070907,21.1754156153,-0.0179468665,-0.0089876640,0.4393950451
1565944778.7448785305,353048.0048284678,4025670.8946455372,21.1699025048,-0.0172001234,-0.0100257278,0.4159525851
1565944778.8448607922,353047.6338325745,4025670.7744603953,21.1648167073,-0.0152163316,-0.0108715562,0.3936353620
1565944778.9449198246,353047.2286607664,4025670.6578951161,21.1599168853,-0.0134105338,-0.0112437607,0.3678007619
1565944779.0446949005,353046.8310156048,4025670.5612854669,21.1564828522,-0.0132020831,-0.0107994388,0.3405065740
1565944779.1450498104,353046.4390142353,4025670.4839055291,21.1532265639,-0.0143896874,-0.0103837929,0.3117028229
1565944779.2447435856,353046.0540687898,4025670.4220248377,21.1499631817,-0.0148090955,-0.0101229248,0.2813967019
1565944779.3445560932,353045.7134482658,4025670.3779890072,21.1468393879,-0.0136868823,-0.0100898550,0.2527310090
1565944779.4452404976,353045.3399228572,4025670.3465633090,21.1418125537,-0.0128264924,-0.0109120364,0.2192134968
1565944779.5454192162,353044.9771548596,4025670.3281236477,21.1375073150,-0.0107266451,-0.0112588025,0.1847725783
1565944779.6451015472,353044.6236103195,4025670.3290911526,21.1339098798,-0.0098183270,-0.0111875840,0.1492579863
1565944779.7453343868,353044.2793590251,4025670.3478133650,21.1304277125,-0.0105194092,-0.0110970079,0.1128088950
1565944779.8447594643,353043.9774190808,4025670.3771229791,21.1267738736,-0.0115815607,-0.0113564618,0.0793978430
1565944779.9452276230,353043.6513254514,4025670.4232167960,21.1214585658,-0.0116689472,-0.0123291779,0.0410963557
1565944780.0451383591,353043.3347098051,4025670.4808262531,21.1152797515,-0.0096701600,-0.0136484183,0.0010065766
1565944780.1451148987,353043.0328999434,4025670.5563102085,21.1123133342,-0.0089183356,-0.0130434574,-0.0411786116
1565944780.2453601360,353042.7374125178,4025670.6486591855,21.1094802100,-0.0084008207,-0.0125140513,-0.0855132461
1565944780.3451704979,353042.4737107044,4025670.7463473538,21.1051341047,-0.0092172814,-0.0130689509,-0.1258244615
1565944780.4450531006,353042.1853658958,4025670.8685855260,21.0973591274,-0.0097585483,-0.0151846744,-0.1713724053
1565944780.5455906391,353041.9018936603,4025671.0017710063,21.0873695818,-0.0084829731,-0.0181553154,-0.2176140303
1565944780.6451048851,353041.6268335937,4025671.1459087967,21.0779615923,-0.0059123678,-0.0203506865,-0.2637986431
1565944780.7448010445,353041.3655506347,4025671.2967004282,21.0692803664,-0.0023823666,-0.0218890580,-0.3095083211
1565944780.8446733952,353041.1439178353,4025671.4428025363,21.0605861607,-0.0006707020,-0.0236143359,-0.3502302370
1565944780.9447278976,353040.9128308713,4025671.6131995721,21.0497206764,-0.0002801825,-0.0260047846,-0.3942627409
1565944781.0449583530,353040.7010014734,4025671.7883789022,21.0394064464,-0.0013521222,-0.0278913330,-0.4368616660
1565944781.1447429657,353040.5077025543,4025671.9630869054,21.0315025831,-0.0019229344,-0.0283950348,-0.4779359911
1565944781.2448244095,353040.3306771826,4025672.1340917866,21.0258616895,-0.0009976792,-0.0278113316,-0.5169975354
1565944781.3446617126,353040.1847079226,4025672.2826838112,21.0221257122,0.0005957465,-0.0268009267,-0.5502376221
1565944781.4450178146,353040.0372678017,4025672.4457145049,21.0169877628,0.0015206470,-0.0265305889,-0.5853577327
1565944781.5450310707,353039.9056806954,4025672.6075551272,21.0102154667,0.0001969610,-0.0273696144,-0.6180431931
1565944781.6449768543,353039.7894895477,4025672.7640871531,21.0012812824,-0.0032187089,-0.0295096954,-0.6481456226
1565944781.7449941635,353039.6888648308,4025672.9091221928,20.9926459936,-0.0062738123,-0.0315404569,-0.6754152077
1565944781.8441793919,353039.6085003747,4025673.0215390134,20.9881142575,-0.0050604099,-0.0317445317,-0.6975813148
1565944781.9448466301,353039.5308601435,4025673.1287885276,20.9854332534,-0.0014903129,-0.0309863485,-0.7194652085
1565944782.0446641445,353039.4648141359,4025673.2207231992,20.9832086896,0.0019131636,-0.0303466205,-0.7372864005
1565944782.1447148323,353039.4142056183,4025673.2993912827,20.9806892505,0.0029076669,-0.0302335619,-0.7521307455
1565944782.2447929382,353039.3798497038,4025673.3653514930,20.9796948825,0.0010590587,-0.0295881937,-0.7641815966
1565944782.3444044590,353039.3567150032,4025673.4115787824,20.9812072391,0.0000914837,-0.0278871818,-0.7729843708
1565944782.4448616505,353039.3386664024,4025673.4530605511,20.9841438173,-0.0015803373,-0.0255034708,-0.7812657095
1565944782.5452213287,353039.3213338458,4025673.4823670839,20.9856715467,-0.0007646846,-0.0241510958,-0.7869883782
1565944782.6449713707,353039.3077151789,4025673.5047544087,20.9849551762,-0.0000892035,-0.0242346901,-0.7911935825
1565944782.7450799942,353039.2986646259,4025673.5170463091,20.9839315226,0.0007680837,-0.0246368830,-0.7935491578
1565944782.8443882465,353039.2957797649,4025673.5210808413,20.9833174549,0.0006852725,-0.0249326839,-0.7940070461
1565944782.9450497627,353039.2960000917,4025673.5193184693,20.9845280404,0.0009342256,-0.0242486630,-0.7935246894
1565944783.0461747646,353039.2967028331,4025673.5163566987,20.9858821861,0.0019680884,-0.0234953200,-0.7937655727
1565944783.1450178623,353039.2967028331,4025673.5163566987,20.9858821861,0.0019680884,-0.0234953200,-0.7937655727
1565944783.2448976040,353039.2967028331,4025673.5163566987,20.9858821861,0.0019680884,-0.0234953200,-0.7937655727
1565944783.3448693752,353039.2984942732,4025673.5147754569,20.9883713872,0.0015602563,-0.0220647044,-0.7935219297
1565944783.4450447559,353039.2984942732,4025673.5147754569,20.9883713872,0.0015602563,-0.0220647044,-0.7935219297
1565944783.5450646877,353039.2984942732,4025673.5147754569,20.9883713872,0.0015602563,-0.0220647044,-0.7935219297
1565944783.6450965405,353039.2984942732,4025673.5147754569,20.9883713872,0.0015602563,-0.0220647044,-0.7935219297
1565944783.7451689243,353039.2986397116,4025673.5137675256,20.9903520568,0.0027638929,-0.0209224741,-0.7943065988
1565944783.8443090916,353039.2988307230,4025673.5147386910,20.9909668947,0.0027839957,-0.0205592311,-0.7946809175
1565944783.9451026917,353039.2980891612,4025673.5184938917,20.9920460263,0.0027450432,-0.0198959245,-0.7959529591
1565944784.0455155373,353039.2944520292,4025673.5256838980,20.9926133535,0.0026453135,-0.0194876111,-0.7972578844
1565944784.1449565887,353039.2873554527,4025673.5370488963,20.9923491243,0.0025590261,-0.0195033173,-0.7991071378
1565944784.2448494434,353039.2783163500,4025673.5535821603,20.9916221127,0.0028453977,-0.0197423730,-0.8020817579
1565944784.3447449207,353039.2676348513,4025673.5716951024,20.9909782111,0.0030057538,-0.0198903090,-0.8055104716
1565944784.4446656704,353039.2572003401,4025673.5915316204,20.9909976411,0.0029982787,-0.0196446063,-0.8089650551
1565944784.5458855629,353039.2442001103,4025673.6170849930,20.9907542767,0.0029121513,-0.0194848882,-0.8137008694
1565944784.6447851658,353039.2296735255,4025673.6462674285,20.9905373484,0.0029269121,-0.0192729116,-0.8191569710
1565944784.7447624207,353039.2132912154,4025673.6779524651,20.9903325096,0.0028572904,-0.0190147037,-0.8250384304
1565944784.8448240757,353039.1947098862,4025673.7154007093,20.9897653006,0.0028002042,-0.0189207373,-0.8314448219
1565944784.9448068142,353039.1740177496,4025673.7556914985,20.9888198938,0.0028938546,-0.0190013817,-0.8385850228
1565944785.0449423790,353039.1539174396,4025673.7956507439,20.9879064611,0.0030225820,-0.0190679834,-0.8455441742
1565944785.1385207176,353039.1301101497,4025673.8429933353,20.9869982439,0.0030547231,-0.0190327481,-0.8537888959
1565944785.2387225628,353039.1075634960,4025673.8903189418,20.9859269736,0.0030754495,-0.0191073375,-0.8619548053
1565944785.3386673927,353039.0808170087,4025673.9474371541,20.9848230675,0.0033398581,-0.0190822025,-0.8721802893
1565944785.4387612343,353039.0522163159,4025674.0099990233,20.9838245684,0.0040096212,-0.0189396669,-0.8834977034
1565944785.5388417244,353039.0213514548,4025674.0797093157,20.9824524922,0.0046620767,-0.0189432930,-0.8958123541
1565944785.6388757229,353038.9893214358,4025674.1554547446,20.9812123505,0.0054228164,-0.0188007620,-0.9095727777
1565944785.7388608456,353038.9598057788,4025674.2307274090,20.9793843762,0.0061444939,-0.0190210369,-0.9235299004
1565944785.8381588459,353038.9273818471,4025674.3209067322,20.9773389141,0.0071523041,-0.0192027610,-0.9408935848
1565944785.9386184216,353038.8951619514,4025674.4172265180,20.9752035931,0.0083425843,-0.0193562947,-0.9599905807
1565944786.0385437012,353038.8639207762,4025674.5219655121,20.9727078800,0.0093645427,-0.0196390093,-0.9806333722
1565944786.1382467747,353038.8345657900,4025674.6343719964,20.9700321511,0.0100436923,-0.0199312007,-1.0032487733
1565944786.2384643555,353038.8098824944,4025674.7421441097,20.9678224558,0.0107927009,-0.0200039996,-1.0252620525
1565944786.3385987282,353038.7836624497,4025674.8698501536,20.9657811345,0.0124833387,-0.0197624469,-1.0517611845
1565944786.4387814999,353038.7616947662,4025675.0051303464,20.9635037990,0.0147418463,-0.0195457618,-1.0805949477
1565944786.5386986732,353038.7395684010,4025675.1495541586,20.9600138584,0.0188670813,-0.0198976421,-1.1117169101
1565944786.6384267807,353038.7219529469,4025675.3049507220,20.9560197087,0.0228157037,-0.0203682143,-1.1451361104
1565944786.7382953167,353038.7197488822,4025675.4526659409,20.9540855151,0.0218526659,-0.0198662681,-1.1768495355
1565944786.8376328945,353038.7301527521,4025675.6244525099,20.9519200558,0.0170692487,-0.0193550352,-1.2139107260
1565944786.9383506775,353038.7500469451,4025675.8009330831,20.9507050828,0.0120730723,-0.0182784998,-1.2534560418
1565944787.0386357307,353038.7718954480,4025675.9810071201,20.9507253238,0.0108357681,-0.0165169270,-1.2949230241
1565944787.1386129856,353038.7966421091,4025676.1673197220,20.9509175294,0.0129328663,-0.0147360357,-1.3383025661
1565944787.2387514114,353038.8247048482,4025676.3385761147,20.9513651706,0.0158267784,-0.0130684299,-1.3785727354
1565944787.3384783268,353038.8685249063,4025676.5330619644,20.9521857824,0.0173805360,-0.0111910136,-1.4246947389
1565944787.4385769367,353038.9266914261,4025676.7316118851,20.9535096335,0.0163503836,-0.0092132310,-1.4718427063
1565944787.5385432243,353038.9959434463,4025676.9330398086,20.9554138555,0.0144418630,-0.0071038164,-1.5194489980
1565944787.6383142471,353039.0743203014,4025677.1389475153,20.9569634866,0.0133737815,-0.0053870385,-1.5680196075
1565944787.7384276390,353039.1516033031,4025677.3297208948,20.9581965115,0.0137821908,-0.0040649932,-1.6121427978
1565944787.8378634453,353039.2457843992,4025677.5450664461,20.9602211954,0.0149582822,-0.0023699239,-1.6608766273
1565944787.9386353493,353039.3494136244,4025677.7648333372,20.9645410297,0.0169799326,0.0004267347,-1.7096340138
1565944788.0387613773,353039.4637076214,4025677.9816715727,20.9718978290,0.0191795522,0.0045237451,-1.7586151558
1565944788.1387031078,353039.5957462127,4025678.2055831598,20.9755171395,0.0175919572,0.0059244300,-1.8064475252
1565944788.2386105061,353039.7290749777,4025678.4110324788,20.9761936270,0.0140377697,0.0055456884,-1.8489722761
1565944788.3381276131,353039.8901479623,4025678.6429656241,20.9772088302,0.0102453696,0.0053401865,-1.8963720646
1565944788.4385392666,353040.0598142348,4025678.8743344871,20.9792987586,0.0090643894,0.0057394075,-1.9438083470
1565944788.5383839607,353040.2410166299,4025679.1042817170,20.9821536302,0.0093517343,0.0064520343,-1.9916343099
1565944788.6384506226,353040.4375117243,4025679.3335919594,20.9838674078,0.0097361169,0.0064087919,-2.0401154288
1565944788.7383859158,353040.6278933865,4025679.5355798141,20.9854317310,0.0089843069,0.0063641067,-2.0835486674
1565944788.8379468918,353040.8571731137,4025679.7563369786,20.9858406859,0.0060062067,0.0055741426,-2.1318417907
1565944788.9382350445,353041.1003809326,4025679.9759211661,20.9858257783,0.0036361654,0.0046582189,-2.1792413204
1565944789.0382516384,353041.3541997432,4025680.1946797930,20.9866890715,0.0025199179,0.0043428229,-2.2245216949
1565944789.1381492615,353041.6193683959,4025680.4114148882,20.9876405709,0.0020601782,0.0041042828,-2.2677499774
1565944789.2381348610,353041.8682430155,4025680.6057474851,20.9873306059,0.0019778517,0.0032648017,-2.3050198512
1565944789.3379998207,353042.1587082848,4025680.8205975313,20.9845063747,0.0010872836,0.0011399558,-2.3442170289
1565944789.4381568432,353042.4595138187,4025681.0308497516,20.9827916023,-0.0004804929,0.0000607318,-2.3803965023
1565944789.5382127762,353042.7692173515,4025681.2390587581,20.9821058143,-0.0025470200,-0.0002448678,-2.4132069388
1565944789.6382472515,353043.0856833785,4025681.4464566503,20.9835675775,-0.0043973854,0.0006308681,-2.4424853520
1565944789.7384049892,353043.3774073835,4025681.6361187426,20.9843534013,-0.0047467246,0.0009402386,-2.4661923251
1565944789.8387768269,353043.7095900378,4025681.8483354300,20.9849520868,-0.0041986059,0.0010603856,-2.4901576855
1565944789.9386644363,353044.0522715781,4025682.0612201965,20.9844459582,-0.0038846874,0.0005795062,-2.5120198048
1565944790.0387253761,353044.4042032321,4025682.2735339305,20.9848645707,-0.0052387855,0.0007142534,-2.5310253503
1565944790.1387259960,353044.7626103953,4025682.4841270060,20.9862023519,-0.0078322197,0.0013034063,-2.5472348884
1565944790.2386734486,353045.1264800066,4025682.6992179858,20.9878730180,-0.0088015237,0.0018939640,-2.5611175856
1565944790.3388941288,353045.4572221769,4025682.8989611007,20.9911108613,-0.0075626029,0.0031857292,-2.5714367437
1565944790.4385080338,353045.8318219166,4025683.1232547285,20.9946048534,-0.0058782753,0.0042527975,-2.5812833776
1565944790.5385286808,353046.2156152528,4025683.3504996495,20.9963546527,-0.0046790025,0.0041479201,-2.5900250760
1565944790.6385192871,353046.6079058729,4025683.5775078968,20.9976798431,-0.0048381920,0.0038370598,-2.5975916579
1565944790.7385227680,353047.0078852747,4025683.8050798494,20.9996719374,-0.0069747469,0.0039936673,-2.6037146453
1565944790.8384165764,353047.3711720082,4025684.0114596030,21.0022158919,-0.0088194214,0.0044192895,-2.6080383964
1565944790.9384069443,353047.7804620859,4025684.2469780883,21.0031840549,-0.0091209895,0.0038075562,-2.6118138034
1565944791.0384347439,353048.1947871412,4025684.4900119309,21.0037589774,-0.0078596970,0.0031233262,-2.6142172776
1565944791.1385402679,353048.6152927632,4025684.7386126714,21.0038148095,-0.0068164483,0.0023165257,-2.6154057844
1565944791.2386221886,353049.0397443742,4025684.9882974843,21.0055223754,-0.0064758894,0.0025652286,-2.6158247782
1565944791.3387496471,353049.4277291364,4025685.2151648924,21.0065882719,-0.0070484454,0.0025015872,-2.6160249534
1565944791.4386200905,353049.8647818904,4025685.4698122111,21.0079187895,-0.0075464983,0.0027526557,-2.6162592585
1565944791.5387213230,353050.3076991382,4025685.7290974855,21.0085889361,-0.0081488064,0.0024639678,-2.6162837325
1565944791.6387858391,353050.7554149939,4025685.9926178642,21.0100664574,-0.0082281834,0.0026064545,-2.6157621996
1565944791.7389450073,353051.2086012042,4025686.2598655829,21.0112198991,-0.0087337741,0.0025540312,-2.6150952922
1565944791.8389961720,353051.6214093951,4025686.5047599948,21.0106202426,-0.0088075530,0.0016527760,-2.6142930496
1565944791.9389922619,353052.0849822682,4025686.7810753011,21.0098762177,-0.0090219840,0.0008000941,-2.6130305821
1565944792.0387809277,353052.5516926945,4025687.0599341835,21.0102616585,-0.0089973731,0.0007235884,-2.6118506661
1565944792.1389346123,353053.0243760197,4025687.3423533021,21.0100482702,-0.0091792116,0.0003480263,-2.6109343139
1565944792.2385993004,353053.5027926296,4025687.6288687550,21.0093737151,-0.0095390793,-0.0002122738,-2.6098806391
1565944792.3385188580,353053.9368474091,4025687.8887657253,21.0094274079,-0.0100110160,-0.0002346393,-2.6087951441
1565944792.4384231567,353054.4243432869,4025688.1831763983,21.0097287913,-0.0098375685,0.0001496664,-2.6077875613
1565944792.5385317802,353054.9162780815,4025688.4793533296,21.0101279113,-0.0098016609,0.0004358295,-2.6068529371
1565944792.6388137341,353055.4148892857,4025688.7811683770,21.0096051964,-0.0099986744,0.0001280293,-2.6056116120
1565944792.7386746407,353055.9171585098,4025689.0864771809,21.0101780935,-0.0101447956,0.0004588012,-2.6043673269
1565944792.8386499882,353056.3738730402,4025689.3629931808,21.0102827149,-0.0106962815,0.0004636514,-2.6034371367
1565944792.9388077259,353056.8855948535,4025689.6748677297,21.0100120048,-0.0106122739,0.0001751180,-2.6024376614
1565944793.0386674404,353057.4007180398,4025689.9902567812,21.0113040588,-0.0102486955,0.0007343106,-2.6015269933
1565944793.1383790970,353057.9198667855,4025690.3085905281,21.0126108123,-0.0098521677,0.0011025305,-2.6008067783
1565944793.2386319637,353058.4432112699,4025690.6269949879,21.0134250161,-0.0102538889,0.0010719530,-2.6001302437
1565944793.3385543823,353058.9170910056,4025690.9165372271,21.0135146180,-0.0108904091,0.0007508948,-2.5992978340
1565944793.4385647774,353059.4450806868,4025691.2411852912,21.0128021628,-0.0107967592,0.0003447614,-2.5985350405
1565944793.5386245251,353059.9720941333,4025691.5650920733,21.0134217466,-0.0104693459,0.0007034915,-2.5980357253
1565944793.6386704445,353060.4995627621,4025691.8903126251,21.0143300485,-0.0101676276,0.0010917928,-2.5972766543
1565944793.7386581898,353061.0278885172,4025692.2155911163,21.0156827982,-0.0104836853,0.0015336648,-2.5964745280
1565944793.8385698795,353061.5042472220,4025692.5083389557,21.0169718964,-0.0110503945,0.0018250951,-2.5958655828
1565944793.9384503365,353062.0351113393,4025692.8355528731,21.0173750855,-0.0116447180,0.0015067860,-2.5952999456
1565944794.0384950638,353062.5668307311,4025693.1646787962,21.0179211808,-0.0116760944,0.0013277182,-2.5946157413
1565944794.1385695934,353063.0956172016,4025693.4926187834,21.0195679514,-0.0115467266,0.0017385509,-2.5938488591
1565944794.2384884357,353063.6270279724,4025693.8213032871,21.0185149582,-0.0123134904,0.0006486378,-2.5932776274
1565944794.3385717869,353064.1031864446,4025694.1164816129,21.0171648696,-0.0127831606,-0.0003215820,-2.5926060477
1565944794.4385261536,353064.6286209605,4025694.4436595580,21.0166520909,-0.0127185307,-0.0002863437,-2.5918507324
1565944794.5386006832,353065.1509103504,4025694.7679644800,21.0160518743,-0.0130888668,-0.0003113999,-2.5912723747
1565944794.6386575699,353065.6718552701,4025695.0927839051,21.0154434729,-0.0133551736,-0.0003658588,-2.5904719732
1565944794.7384080887,353066.1897216348,4025695.4156552632,21.0160934644,-0.0138165250,0.0002219122,-2.5896993491
1565944794.8383247852,353066.6539684578,4025695.7059637527,21.0160496760,-0.0140740781,0.0002618427,-2.5891945154
1565944794.9382545948,353067.1689908766,4025696.0277018538,21.0151536313,-0.0144287833,-0.0001874110,-2.5886112795
1565944795.0382654667,353067.6805809779,4025696.3482468948,21.0157495375,-0.0152442857,0.0002499781,-2.5877869013
1565944795.1383206844,353068.1897508934,4025696.6663883608,21.0164508280,-0.0161576420,0.0005741959,-2.5872079098
1565944795.2384223938,353068.6948536226,4025696.9831479313,21.0172853236,-0.0167002163,0.0007966501,-2.5866611709
1565944795.3385655880,353069.1468178436,4025697.2686165911,21.0169938842,-0.0165604274,0.0003982163,-2.5860654261
1565944795.4384849072,353069.6432465905,4025697.5808111983,21.0151940746,-0.0166592849,-0.0008515785,-2.5852786118
1565944795.5384926796,353070.1352792016,4025697.8849679329,21.0097026314,-0.0190740442,-0.0036282847,-2.5844545324
1565944795.6384105682,353070.6134567193,4025698.1904531661,21.0033521928,-0.0179678733,-0.0060113538,-2.5834208080
1565944795.7383010387,353071.0782278117,4025698.4884544993,20.9982907432,-0.0158974229,-0.0071321394,-2.5829009314
1565944795.8382754326,353071.4853558220,4025698.7496261005,20.9953951341,-0.0139286996,-0.0071826829,-2.5828255630
1565944795.9381122589,353071.9268273251,4025699.0313895610,20.9912839724,-0.0129019351,-0.0077416075,-2.5823770404
1565944796.0380668640,353072.3562796329,4025699.3025723705,20.9876935894,-0.0143092454,-0.0078387903,-2.5815346867
1565944796.1380629539,353072.7665598037,4025699.5631306218,20.9879275929,-0.0141370464,-0.0059833416,-2.5814926787
1565944796.2381377220,353073.1506086161,4025699.8146373508,21.0075411344,-0.0090229407,0.0054936249,-2.5823969836
1565944796.3389544487,353073.5306161354,4025700.0619344981,21.0349168846,-0.0053376029,0.0181735946,-2.5831435491
1565944796.4383292198,353073.8723052654,4025700.2769988896,21.0606798809,-0.0044934806,0.0277833877,-2.5844466240
1565944796.5383615494,353074.2571228066,4025700.5115911840,21.0839906486,-0.0059142158,0.0331848569,-2.5865299031
1565944796.6381871700,353074.6494059452,4025700.7481292831,21.0942038858,-0.0084441582,0.0303539048,-2.5881929378
1565944796.7383022308,353075.0388170034,4025700.9845796763,21.0884230138,-0.0100967625,0.0198353300,-2.5897414103
1565944796.8384149075,353075.4487204983,4025701.2368453881,21.0556766452,-0.0094872678,-0.0023187240,-2.5916465418
1565944796.9386885166,353075.8224303139,4025701.4665349182,21.0149590832,-0.0083821086,-0.0233265132,-2.5933643933
1565944797.0383312702,353076.2253063563,4025701.7135696262,20.9728203278,-0.0077927600,-0.0394566808,-2.5944026016
1565944797.1382439137,353076.6093161333,4025701.9458911330,20.9534232038,-0.0081539393,-0.0401635130,-2.5962059591
1565944797.2382385731,353076.9784005969,4025702.1660866262,20.9537919867,-0.0091426683,-0.0308339387,-2.5980778371
1565944797.3381621838,353077.3382540857,4025702.3794822535,20.9653851507,-0.0106567267,-0.0179567997,-2.5997609319
1565944797.4381718636,353077.6556110678,4025702.5658289413,20.9773424727,-0.0122902634,-0.0081473576,-2.6011782487
1565944797.5380594730,353078.0157990532,4025702.7793039829,20.9865140584,-0.0128285641,-0.0015814272,-2.6029489155
1565944797.6375293732,353078.3614956958,4025702.9849187597,20.9955446668,-0.0131201152,0.0032896972,-2.6045888782
1565944797.7380337715,353078.7131773082,4025703.1938323826,20.9958418374,-0.0129531679,0.0024854349,-2.6060019419
1565944797.8378314972,353079.0678090397,4025703.4042407703,20.9892881222,-0.0125270444,-0.0016194641,-2.6073711163
1565944797.9378452301,353079.3824286421,4025703.5904703438,20.9824579395,-0.0125534694,-0.0049666614,-2.6085740660
1565944798.0379483700,353079.7196862563,4025703.7879497260,20.9804076322,-0.0128676497,-0.0050281681,-2.6099722396
1565944798.1377427578,353080.0458590623,4025703.9774184949,20.9854785325,-0.0134191389,-0.0013375821,-2.6115213982
1565944798.2380282879,353080.3702588998,4025704.1664529000,20.9910784473,-0.0139048649,0.0018309995,-2.6130808272
1565944798.3383831978,353080.6965931904,4025704.3562579853,20.9945307879,-0.0139274757,0.0031073662,-2.6144240469
1565944798.4385087490,353080.9957160298,4025704.5296456204,20.9958162956,-0.0136629500,0.0025290488,-2.6154669650
1565944798.5384075642,353081.3298254476,4025704.7220645752,20.9947191381,-0.0133162241,0.0007094776,-2.6166564697
1565944798.6377053261,353081.6616374775,4025704.9139267732,20.9934045693,-0.0132859174,-0.0008136115,-2.6177021533
1565944798.7384359837,353081.9899549628,4025705.1023834269,20.9935131514,-0.0136815594,-0.0012279009,-2.6185703892
1565944798.8380682468,353082.3156812891,4025705.2878338494,20.9949924595,-0.0143223703,-0.0007904782,-2.6193415519
1565944798.9379525185,353082.6069307183,4025705.4555927911,20.9969385592,-0.0144533833,-0.0001408647,-2.6196435120
1565944799.0380227566,353082.9288790172,4025705.6426998889,20.9991059154,-0.0144307315,0.0004615484,-2.6199018732
1565944799.1380176544,353083.2502156702,4025705.8300369135,21.0001552837,-0.0137358545,0.0003651581,-2.6197926356
1565944799.2380893230,353083.5701299490,4025706.0171814901,21.0010316754,-0.0137466811,0.0002481687,-2.6190859716
1565944799.3381345272,353083.8887403023,4025706.2047125488,21.0012544928,-0.0144134514,-0.0001508088,-2.6176048545
1565944799.4383354187,353084.1731626833,4025706.3733072379,21.0019722186,-0.0152475885,-0.0001319116,-2.6156542718
1565944799.5381896496,353084.4852489828,4025706.5602668328,21.0038634198,-0.0165800823,0.0004975079,-2.6125661332
1565944799.6381008625,353084.7939846735,4025706.7494096025,21.0061536359,-0.0174653595,0.0012292897,-2.6084105072
1565944799.7379848957,353085.0991557052,4025706.9422281249,21.0080782831,-0.0180364962,0.0016350763,-2.6029708441
1565944799.8381564617,353085.4015113690,4025707.1387113584,21.0085202843,-0.0189964738,0.0012096300,-2.5958319240
1565944799.9379560947,353085.6705386154,4025707.3198454869,21.0082024084,-0.0196732624,0.0005358658,-2.5880133153
1565944800.0379872322,353085.9649028690,4025707.5259710713,21.0078655273,-0.0198004009,-0.0000584016,-2.5779756188
1565944800.1381626129,353086.2516042074,4025707.7344260812,21.0085853870,-0.0198968951,0.0000367618,-2.5665472643
1565944800.2381591797,353086.5329918714,4025707.9480350576,21.0088173256,-0.0200842167,-0.0000973318,-2.5536114219
1565944800.3382918835,353086.8096696354,4025708.1657244582,21.0076779540,-0.0215172150,-0.0010175385,-2.5383929641
1565944800.4382698536,353087.0514325492,4025708.3669378064,21.0074133384,-0.0231108779,-0.0018177933,-2.5231642555
1565944800.5382783413,353087.3129024218,4025708.5978414943,21.0064355114,-0.0242110593,-0.0029099325,-2.5045306311
1565944800.6383314133,353087.5644310383,4025708.8340326357,21.0060989477,-0.0248774787,-0.0034509505,-2.4840918745
1565944800.7382638454,353087.8051765406,4025709.0755390641,21.0049124896,-0.0237748471,-0.0044272779,-2.4631440714
1565944800.8384802341,353088.0345309647,4025709.3166433736,21.0050155104,-0.0234179097,-0.0045359372,-2.4413933920
1565944800.9383859634,353088.2508842619,4025709.5576084494,21.0059003205,-0.0235197550,-0.0041893636,-2.4184781360
1565944801.0382187366,353088.4347920315,4025709.7745933891,21.0069550693,-0.0245786271,-0.0037919544,-2.3963819457
1565944801.1382954121,353088.6240259522,4025710.0167352515,21.0085354730,-0.0246233717,-0.0032678512,-2.3707267794
1565944801.2383823395,353088.7980574196,4025710.2596236975,21.0101563223,-0.0231104661,-0.0028450300,-2.3447133772
1565944801.3383352757,353088.9578531115,4025710.5009159092,21.0105121349,-0.0202229088,-0.0032199347,-2.3190368452
1565944801.4383368492,353089.1054800260,4025710.7361805956,21.0117332695,-0.0176807638,-0.0030638305,-2.2941525427
1565944801.5382471085,353089.2304505869,4025710.9405651744,21.0136062265,-0.0170532127,-0.0024839441,-2.2729023628
1565944801.6374335289,353089.3620931670,4025711.1619101344,21.0159381138,-0.0186585920,-0.0017373950,-2.2486073308
1565944801.7380826473,353089.4828053458,4025711.3843059111,21.0196008268,-0.0199630570,-0.0003745759,-2.2230979338
1565944801.8383307457,353089.5925930180,4025711.6107329149,21.0225939291,-0.0196911608,0.0003848588,-2.1963078238
1565944801.9380588531,353089.6917641136,4025711.8411302092,21.0253008101,-0.0176029747,0.0008522828,-2.1687892024
1565944802.0380313396,353089.7718503629,4025712.0514799063,21.0278048458,-0.0153316959,0.0012665067,-2.1423852245
1565944802.1379764080,353089.8533348060,4025712.2855424928,21.0304628577,-0.0136389742,0.0016243697,-2.1122963051
1565944802.2380723953,353089.9289296265,4025712.5208793338,21.0336738297,-0.0137800075,0.0022786261,-2.0812317507
1565944802.3378808498,353089.9950319246,4025712.7588790380,21.0369232530,-0.0140110504,0.0028338351,-2.0489207062
1565944802.4380855560,353090.0495168880,4025713.0029119560,21.0398436268,-0.0136027684,0.0028976760,-2.0149104837
1565944802.5380187035,353090.0887149841,4025713.2294763098,21.0413708364,-0.0124123403,0.0023354410,-1.9826813084
1565944802.6374030113,353090.1217513133,4025713.4859606349,21.0419373072,-0.0109104705,0.0011968279,-1.9451879540
1565944802.7381629944,353090.1422669833,4025713.7464308082,21.0420887190,-0.0093227717,0.0000119350,-1.9056517637
1565944802.8388409615,353090.1496128893,4025714.0098468205,21.0423011452,-0.0069030665,-0.0009629033,-1.8650872258
1565944802.9383828640,353090.1511477128,4025714.2735400507,21.0417218175,-0.0054983580,-0.0021939279,-1.8261557086
1565944803.0385155678,353090.1494732065,4025714.5116505548,21.0407928734,-0.0052718692,-0.0033350855,-1.7931413738
1565944803.1384358406,353090.1400203599,4025714.7740640636,21.0384484338,-0.0050091752,-0.0051437401,-1.7574072000
1565944803.2384746075,353090.1214751491,4025715.0377389304,21.0351561734,-0.0037544075,-0.0072003814,-1.7227806908
1565944803.3384134769,353090.0888067611,4025715.3002917850,21.0318673003,0.0017582570,-0.0089552682,-1.6897245723
1565944803.4382090569,353090.0491725573,4025715.5554797174,21.0287898877,0.0081993158,-0.0103141263,-1.6587544552
1565944803.5384719372,353090.0119372324,4025715.7813645387,21.0247545754,0.0124435580,-0.0120607999,-1.6323424101
1565944803.6383030415,353089.9740759617,4025716.0265090191,21.0191336223,0.0125041715,-0.0143956640,-1.6042808800
1565944803.7383036613,353089.9460914791,4025716.2654354908,21.0117089083,0.0056396738,-0.0174332309,-1.5785487155
1565944803.8383750916,353089.9158969315,4025716.4955483959,21.0059753614,-0.0017746568,-0.0191552769,-1.5543914952
1565944803.9382424355,353089.8778553790,4025716.7113585575,21.0038817989,-0.0065413810,-0.0187368355,-1.5313989635
1565944804.0385189056,353089.8321526579,4025716.8964705765,21.0032200367,-0.0054843043,-0.0178652964,-1.5117135013
1565944804.1385324001,353089.7770636699,4025717.0926744309,21.0024303985,-0.0010473583,-0.0171233668,-1.4927304912
1565944804.2384538651,353089.7242466420,4025717.2784163235,21.0008442225,0.0024146490,-0.0169552210,-1.4754854785
1565944804.3384635448,353089.6748511682,4025717.4546881770,20.9977074773,0.0035473426,-0.0177213253,-1.4589664804
1565944804.4384179115,353089.6293674806,4025717.6182087823,20.9954953122,0.0025436360,-0.0179855663,-1.4432943977
1565944804.5384449959,353089.5886140874,4025717.7538335156,20.9945689894,0.0023896164,-0.0176967010,-1.4304005650
1565944804.6384985447,353089.5431099234,4025717.8941156799,20.9934095036,0.0033172982,-0.0175773128,-1.4172579669
1565944804.7384316921,353089.4988805472,4025718.0175622171,20.9930933583,0.0051546071,-0.0171263613,-1.4053651312
1565944804.8392379284,353089.4581381156,4025718.1283897241,20.9927744202,0.0061640661,-0.0168226561,-1.3940524266
1565944804.9379544258,353089.4244556676,4025718.2250941368,20.9936211043,0.0057450044,-0.0160057785,-1.3844419321
1565944805.0379123688,353089.4010753757,4025718.3004886350,20.9942817669,0.0040045319,-0.0154681704,-1.3774814596
1565944805.1375329494,353089.3787834286,4025718.3714592815,20.9956340788,0.0019501611,-0.0146540981,-1.3704706801
1565944805.2378747463,353089.3600079329,4025718.4273112384,20.9975008593,0.0004808094,-0.0136951245,-1.3645638224
1565944805.3388245106,353089.3444552083,4025718.4703498036,20.9986644678,0.0004601479,-0.0133553877,-1.3605986720
1565944805.4378602505,353089.3305382661,4025718.4987509772,21.0004455032,0.0013099262,-0.0132305664,-1.3576048024
1565944805.5378592014,353089.3224249131,4025718.5131220040,21.0017700286,0.0018829570,-0.0133677210,-1.3558000219
1565944805.6375663280,353089.3195355056,4025718.5188914998,21.0030462744,0.0021302352,-0.0133820226,-1.3553574272
1565944805.7379181385,353089.3225952311,4025718.5163270077,21.0053205717,0.0011526103,-0.0121840142,-1.3557599581
1565944805.8378803730,353089.3233652654,4025718.5152050578,21.0057740325,0.0007769656,-0.0120369526,-1.3557313647
1565944805.9378852844,353089.3233652654,4025718.5152050578,21.0057740325,0.0007769656,-0.0120369526,-1.3557313647
1565944806.0378026962,353089.3244328863,4025718.5095688952,21.0105322945,0.0006998679,-0.0093968637,-1.3555681547
1565944806.1376986504,353089.3244328863,4025718.5095688952,21.0105322945,0.0006998679,-0.0093968637,-1.3555681547
1565944806.2379758358,353089.3244328863,4025718.5095688952,21.0105322945,0.0006998679,-0.0093968637,-1.3555681547
1565944806.3380458355,353089.3244328863,4025718.5095688952,21.0105322945,0.0006998679,-0.0093968637,-1.3555681547
1565944806.4380347729,353089.3248280631,4025718.5111406180,21.0093305137,0.0004402064,-0.0102093323,-1.3557150930
1565944806.5379736423,353089.3248280631,4025718.5111406180,21.0093305137,0.0004402064,-0.0102093323,-1.3557150930
1565944806.6375772953,353089.3248280631,4025718.5111406180,21.0093305137,0.0004402064,-0.0102093323,-1.3557150930
1565944806.7382533550,353089.3248280631,4025718.5111406180,21.0093305137,0.0004402064,-0.0102093323,-1.3557150930
1565944806.8383657932,353089.3248280631,4025718.5111406180,21.0093305137,0.0004402064,-0.0102093323,-1.3557150930
1565944806.9416525364,353089.3248678099,4025718.5114675150,21.0092275529,0.0003082940,-0.0103828618,-1.3556399520
1565944807.0381641388,353089.3248678099,4025718.5114675150,21.0092275529,0.0003082940,-0.0103828618,-1.3556399520
1565944807.1381497383,353089.3248678099,4025718.5114675150,21.0092275529,0.0003082940,-0.0103828618,-1.3556399520
1565944807.2387742996,353089.3248678099,4025718.5114675150,21.0092275529,0.0003082940,-0.0103828618,-1.3556399520
1565944807.3389112949,353089.3248678099,4025718.5114675150,21.0092275529,0.0003082940,-0.0103828618,-1.3556399520
1565944807.4384813309,353089.3247952266,4025718.5106847058,21.0092255136,0.0002287330,-0.0104980961,-1.3555990795
1565944807.5383589268,353089.3247952266,4025718.5106847058,21.0092255136,0.0002287330,-0.0104980961,-1.3555990795
1565944807.6382408142,353089.3247952266,4025718.5106847058,21.0092255136,0.0002287330,-0.0104980961,-1.3555990795
1565944807.7384371758,353089.3247952266,4025718.5106847058,21.0092255136,0.0002287330,-0.0104980961,-1.3555990795
1565944807.8385558128,353089.3247952266,4025718.5106847058,21.0092255136,0.0002287330,-0.0104980961,-1.3555990795
1565944807.9385395050,353089.3247837757,4025718.5106894947,21.0094160743,0.0002148434,-0.0105019614,-1.3555786340
1565944808.0386734009,353089.3247837757,4025718.5106894947,21.0094160743,0.0002148434,-0.0105019614,-1.3555786340
1565944808.1376512051,353089.3247837757,4025718.5106894947,21.0094160743,0.0002148434,-0.0105019614,-1.3555786340
1565944808.2383432388,353089.3247837757,4025718.5106894947,21.0094160743,0.0002148434,-0.0105019614,-1.3555786340
1565944808.3384082317,353089.3247837757,4025718.5106894947,21.0094160743,0.0002148434,-0.0105019614,-1.3555786340
1565944808.4384450912,353089.3248235158,4025718.5109680560,21.0093785411,-0.0001268225,-0.0106360800,-1.3553345812
1565944808.5384953022,353089.3248235158,4025718.5109680560,21.0093785411,-0.0001268225,-0.0106360800,-1.3553345812
1565944808.6380262375,353089.3248235158,4025718.5109680560,21.0093785411,-0.0001268225,-0.0106360800,-1.3553345812
1565944808.7383363247,353089.3248235158,4025718.5109680560,21.0093785411,-0.0001268225,-0.0106360800,-1.3553345812
1565944808.8381674290,353089.3248235158,4025718.5109680560,21.0093785411,-0.0001268225,-0.0106360800,-1.3553345812
1565944808.9379341602,353089.3248319148,4025718.5110509284,21.0094993777,-0.0002293350,-0.0106798073,-1.3552422782
1565944809.0379841328,353089.3248319148,4025718.5110509284,21.0094993777,-0.0002293350,-0.0106798073,-1.3552422782
1565944809.1372640133,353089.3248319148,4025718.5110509284,21.0094993777,-0.0002293350,-0.0106798073,-1.3552422782
1565944809.2380642891,353089.3248319148,4025718.5110509284,21.0094993777,-0.0002293350,-0.0106798073,-1.3552422782
1565944809.3381440639,353089.3248319148,4025718.5110509284,21.0094993777,-0.0002293350,-0.0106798073,-1.3552422782
1565944809.4383933544,353089.3248319148,4025718.5110509284,21.0094993777,-0.0002293350,-0.0106798073,-1.3552422782
1565944809.5381836891,353089.3248321743,4025718.5112049775,21.0095713943,-0.0007447728,-0.0107489510,-1.3547785274
1565944809.6376013756,353089.3248321743,4025718.5112049775,21.0095713943,-0.0007447728,-0.0107489510,-1.3547785274
1565944809.7379243374,353089.3248321743,4025718.5112049775,21.0095713943,-0.0007447728,-0.0107489510,-1.3547785274
1565944809.8378386497,353089.3248321743,4025718.5112049775,21.0095713943,-0.0007447728,-0.0107489510,-1.3547785274
1565944809.9379215240,353089.3248321743,4025718.5112049775,21.0095713943,-0.0007447728,-0.0107489510,-1.3547785274
1565944810.0379641056,353089.3247995353,4025718.5112574324,21.0097152981,-0.0009056313,-0.0107802913,-1.3545981329
1565944810.1381661892,353089.3247995353,4025718.5112574324,21.0097152981,-0.0009056313,-0.0107802913,-1.3545981329
1565944810.2381539345,353089.3247995353,4025718.5112574324,21.0097152981,-0.0009056313,-0.0107802913,-1.3545981329
1565944810.3382337093,353089.3247995353,4025718.5112574324,21.0097152981,-0.0009056313,-0.0107802913,-1.3545981329
1565944810.4383172989,353089.3247995353,4025718.5112574324,21.0097152981,-0.0009056313,-0.0107802913,-1.3545981329
1565944810.5382261276,353089.3249051297,4025718.5114610894,21.0097440969,-0.0012028996,-0.0108773431,-1.3543720934
1565944810.6381473541,353089.3249051297,4025718.5114610894,21.0097440969,-0.0012028996,-0.0108773431,-1.3543720934
1565944810.7381591797,353089.3249051297,4025718.5114610894,21.0097440969,-0.0012028996,-0.0108773431,-1.3543720934
1565944810.8382480145,353089.3249051297,4025718.5114610894,21.0097440969,-0.0012028996,-0.0108773431,-1.3543720934
1565944810.9382596016,353089.3249051297,4025718.5114610894,21.0097440969,-0.0012028996,-0.0108773431,-1.3543720934
1565944811.0381612778,353089.3246155186,4025718.5104271430,21.0099181965,-0.0019882648,-0.0108859866,-1.3533815880
1565944811.1380550861,353089.3246155186,4025718.5104271430,21.0099181965,-0.0019882648,-0.0108859866,-1.3533815880
1565944811.2380468845,353089.3246155186,4025718.5104271430,21.0099181965,-0.0019882648,-0.0108859866,-1.3533815880
1565944811.3381111622,353089.3246155186,4025718.5104271430,21.0099181965,-0.0019882648,-0.0108859866,-1.3533815880
1565944811.4381184578,353089.3246155186,4025718.5104271430,21.0099181965,-0.0019882648,-0.0108859866,-1.3533815880
1565944811.5382599831,353089.3244471170,4025718.5105636199,21.0099703961,-0.0027099711,-0.0109622607,-1.3526044365
1565944811.6373667717,353089.3244471170,4025718.5105636199,21.0099703961,-0.0027099711,-0.0109622607,-1.3526044365
1565944811.7381403446,353089.3244471170,4025718.5105636199,21.0099703961,-0.0027099711,-0.0109622607,-1.3526044365
1565944811.8381991386,353089.3244471170,4025718.5105636199,21.0099703961,-0.0027099711,-0.0109622607,-1.3526044365
1565944811.9381206036,353089.3244471170,4025718.5105636199,21.0099703961,-0.0027099711,-0.0109622607,-1.3526044365
1565944812.0380110741,353089.3240539094,4025718.5104758684,21.0101718776,-0.0031189445,-0.0109559972,-1.3519426272
1565944812.1379084587,353089.3240539094,4025718.5104758684,21.0101718776,-0.0031189445,-0.0109559972,-1.3519426272
1565944812.2378978729,353089.3240539094,4025718.5104758684,21.0101718776,-0.0031189445,-0.0109559972,-1.3519426272
1565944812.3378460407,353089.3240539094,4025718.5104758684,21.0101718776,-0.0031189445,-0.0109559972,-1.3519426272
1565944812.4379065037,353089.3240539094,4025718.5104758684,21.0101718776,-0.0031189445,-0.0109559972,-1.3519426272
1565944812.5380098820,353089.3238961159,4025718.5106352265,21.0102071701,-0.0032772697,-0.0110484623,-1.3517642537
1565944812.6372756958,353089.3238961159,4025718.5106352265,21.0102071701,-0.0032772697,-0.0110484623,-1.3517642537
1565944812.7381889820,353089.3238961159,4025718.5106352265,21.0102071701,-0.0032772697,-0.0110484623,-1.3517642537
1565944812.8381807804,353089.3238961159,4025718.5106352265,21.0102071701,-0.0032772697,-0.0110484623,-1.3517642537
1565944812.9378204346,353089.3240674991,4025718.5106302197,21.0104267587,-0.0033258367,-0.0110369388,-1.3517532006
1565944813.0383911133,353089.3240674991,4025718.5106302197,21.0104267587,-0.0033258367,-0.0110369388,-1.3517532006
1565944813.1373987198,353089.3216005357,4025718.5087250145,21.0119602206,-0.0033395690,-0.0102580434,-1.3502140305
1565944813.2379741669,353089.3216005357,4025718.5087250145,21.0119602206,-0.0033395690,-0.0102580434,-1.3502140305
1565944813.3379011154,353089.3185267983,4025718.5108158104,21.0143084194,-0.0032072096,-0.0094466998,-1.3489912269
1565944813.4379429817,353089.3128276222,4025718.5150796846,21.0169189806,-0.0029003758,-0.0089266394,-1.3470502229
1565944813.5379576683,353089.3053386428,4025718.5240642959,21.0188210198,-0.0028959174,-0.0089090052,-1.3443795987
1565944813.6372680664,353089.2951177188,4025718.5370163624,21.0203383662,-0.0027820643,-0.0090928636,-1.3408391319
1565944813.7378475666,353089.2842245474,4025718.5519884401,21.0215189127,-0.0028319608,-0.0093453111,-1.3369207557
1565944813.8379807472,353089.2696413207,4025718.5699702152,21.0232440324,-0.0028220216,-0.0093642068,-1.3316387294
1565944813.9381175041,353089.2523743199,4025718.5898515140,21.0255024454,-0.0025136080,-0.0090604724,-1.3254532905
1565944814.0381000042,353089.2330750967,4025718.6124648130,21.0276315760,-0.0024358409,-0.0088158084,-1.3182899908
1565944814.1373965740,353089.2111717524,4025718.6376166684,21.0297391478,-0.0024069519,-0.0085664443,-1.3102145733
1565944814.2381131649,353089.1895492951,4025718.6629832415,21.0313954858,-0.0023062911,-0.0084708695,-1.3023459750
1565944814.3384881020,353089.1636084064,4025718.6930824490,21.0327394896,-0.0022859890,-0.0086348757,-1.2930531991
1565944814.4382886887,353089.1360072218,4025718.7245448167,21.0343210029,-0.0024429329,-0.0086399534,-1.2831061192
1565944814.5383648872,353089.1047286687,4025718.7590027275,21.0360574574,-0.0026766066,-0.0085292371,-1.2717542530
1565944814.6377038956,353089.0691792906,4025718.7971316474,21.0381730755,-0.0030014665,-0.0081708282,-1.2589233913
1565944814.7381055355,353089.0330074787,4025718.8366663735,21.0394936417,-0.0033771830,-0.0081637340,-1.2461512236
1565944814.8379783630,353088.9882269574,4025718.8842753666,21.0400870505,-0.0038541907,-0.0086252119,-1.2306241758
1565944814.9372737408,353088.9388759384,4025718.9365482610,21.0399658188,-0.0044476741,-0.0094415728,-1.2140181902
1565944815.0379173756,353088.8850137588,4025718.9936394282,21.0399110423,-0.0052651521,-0.0101429889,-1.1962540019
1565944815.1375215054,353088.8257272653,4025719.0513593634,21.0406052792,-0.0061683645,-0.0103482293,-1.1767155683
1565944815.2379591465,353088.7673067857,4025719.1052731797,21.0415592641,-0.0068581104,-0.0103063750,-1.1576397955
1565944815.3380925655,353088.6963955942,4025719.1682681330,21.0434103402,-0.0073159834,-0.0097731008,-1.1351260698
1565944815.4380881786,353088.6192526377,4025719.2335910415,21.0451600582,-0.0077166702,-0.0092802154,-1.1113332478
1565944815.5380103588,353088.5353108117,4025719.3014478157,21.0464782076,-0.0077744538,-0.0090161419,-1.0866266259
1565944815.6372931004,353088.4454897449,4025719.3722781879,21.0481128461,-0.0078208968,-0.0085463839,-1.0609724533
1565944815.7381124496,353088.3601218010,4025719.4387023966,21.0490589209,-0.0086159185,-0.0083995976,-1.0369343387
1565944815.8383252621,353088.2593842070,4025719.5155027704,21.0492550943,-0.0100196520,-0.0086788601,-1.0094571102
1565944815.9382846355,353088.1514854881,4025719.5931697297,21.0501199770,-0.0105444424,-0.0085293779,-0.9813276644
1565944816.0381627083,353088.0370532601,4025719.6705513606,21.0511470040,-0.0110091143,-0.0082574027,-0.9522176077
1565944816.1376872063,353087.9154911380,4025719.7454622705,21.0529271690,-0.0110115055,-0.0075529010,-0.9219187067
1565944816.2381057739,353087.7865218394,4025719.8207849334,21.0549970597,-0.0105089985,-0.0067038025,-0.8910639995
1565944816.3381495476,353087.6645941521,4025719.8883527359,21.0571804804,-0.0093009766,-0.0057987927,-0.8633370155
1565944816.4377753735,353087.5224314221,4025719.9629359199,21.0594550369,-0.0079742285,-0.0049157616,-0.8322364190
1565944816.5380263329,353087.3740569966,4025720.0399213005,21.0611223783,-0.0073594712,-0.0043950193,-0.8014144513
1565944816.6379878521,353087.2210334163,4025720.1184839336,21.0628706885,-0.0080123304,-0.0038258108,-0.7707500040
1565944816.7380557060,353087.0593778768,4025720.1958139255,21.0643276298,-0.0079393120,-0.0034466477,-0.7397221700
1565944816.8380024433,353086.9080218828,4025720.2637870200,21.0653740709,-0.0075273315,-0.0032607413,-0.7118052431
1565944816.9381783009,353086.7334466011,4025720.3388284696,21.0669443304,-0.0065784292,-0.0028206040,-0.6816062140
1565944817.0381004810,353086.5525217087,4025720.4142928119,21.0686239885,-0.0054575183,-0.0023357566,-0.6527044623
1565944817.1382040977,353086.3648661224,4025720.4918732517,21.0696002074,-0.0054961273,-0.0022449771,-0.6244686142
1565944817.2380387783,353086.1709454555,4025720.5685325866,21.0714401232,-0.0065433196,-0.0016291726,-0.5961642088
1565944817.3380362988,353085.9925705870,4025720.6354798661,21.0747213522,-0.0080951351,-0.0001917409,-0.5706648586
1565944817.4382188320,353085.7869495067,4025720.7057982613,21.0787718609,-0.0074298123,0.0014284921,-0.5433566834
1565944817.5382161140,353085.5705511866,4025720.7748451480,21.0815293094,-0.0045212190,0.0021274842,-0.5180901152
1565944817.6381614208,353085.3452066939,4025720.8466776814,21.0828772384,-0.0013862310,0.0019921187,-0.4948733180
1565944817.7380216122,353085.1126138281,4025720.9190427992,21.0845898259,0.0019383722,0.0021174461,-0.4733963195
1565944817.8381931782,353084.9006190749,4025720.9900473291,21.0882631512,0.0019235643,0.0034440635,-0.4556206025
1565944817.9378380775,353084.6595106540,4025721.0677699316,21.0957745266,0.0022161010,0.0066335569,-0.4370709750
1565944818.0376374722,353084.4097748698,4025721.1523043215,21.1022592694,0.0004453468,0.0087883377,-0.4202858403
1565944818.1378173828,353084.1451584332,4025721.2360719121,21.1044795786,0.0016078350,0.0081757831,-0.4048936824
1565944818.2378735542,353083.8687613358,4025721.3209921997,21.1026466987,0.0036438940,0.0054864067,-0.3910321889
1565944818.3379557133,353083.6122709620,4025721.3976873499,21.1011552481,0.0059654183,0.0036339825,-0.3797731441
1565944818.4380855560,353083.3203642771,4025721.4833514737,21.1051730383,0.0080483767,0.0053088539,-0.3691811603
1565944818.5380938053,353083.0246660360,4025721.5723229717,21.1144483593,0.0081653420,0.0094952446,-0.3596182621
1565944818.6380953789,353082.7196257332,4025721.6644158801,21.1231474193,0.0078767986,0.0126447154,-0.3505069269
1565944818.7380721569,353082.4029030534,4025721.7541528028,21.1275494671,0.0103722808,0.0128832482,-0.3423712805
1565944818.8378040791,353082.1090838469,4025721.8379030763,21.1288970362,0.0118177151,0.0115595799,-0.3357059689
1565944818.9376254082,353081.7746427837,4025721.9360623057,21.1300598382,0.0120580902,0.0101524626,-0.3292713184
1565944819.0377163887,353081.4412815169,4025722.0404312373,21.1367926381,0.0094205293,0.0120035231,-0.3242293191
1565944819.1376676559,353081.1046082694,4025722.1433494105,21.1438159828,0.0069208530,0.0136135408,-0.3189459251
1565944819.2376053333,353080.7591920850,4025722.2446721476,21.1462374476,0.0051037999,0.0123342773,-0.3129862093
1565944819.3376243114,353080.4295913505,4025722.3376132934,21.1418442101,0.0053759600,0.0078142478,-0.3079349519
1565944819.4377231598,353080.0595835718,4025722.4331156402,21.1395076286,0.0092369100,0.0052069454,-0.3028102767
1565944819.5377087593,353079.6944573926,4025722.5239993744,21.1435259149,0.0146311309,0.0065400107,-0.2984286632
1565944819.6375939846,353079.3299453291,4025722.6223113784,21.1501776869,0.0155487162,0.0089470802,-0.2942181141
1565944819.7376158237,353078.9545043531,4025722.7284452659,21.1520280255,0.0136796324,0.0082403973,-0.2902302099
1565944819.8375606537,353078.6120300423,4025722.8310369560,21.1527086729,0.0077209769,0.0072017250,-0.2863760261
1565944819.9368236065,353078.2288806723,4025722.9441904370,21.1530543057,0.0020055672,0.0060632109,-0.2824791935
1565944820.0377173424,353077.8374557426,4025723.0490341336,21.1512561438,0.0013167135,0.0040038041,-0.2791680158
1565944820.1383051872,353077.4448007575,4025723.1446774071,21.1530159311,0.0053253765,0.0042600039,-0.2759346938
1565944820.2379779816,353077.0435122592,4025723.2375660334,21.1526779254,0.0117867105,0.0033728346,-0.2726800310
1565944820.3380632401,353076.6751305549,4025723.3278609458,21.1501095855,0.0135292267,0.0015178904,-0.2692837149
1565944820.4380321503,353076.2763036241,4025723.4291807916,21.1495726706,0.0122805371,0.0008766315,-0.2649313705
1565944820.5380694866,353075.8735548217,4025723.5355264968,21.1467723147,0.0089169193,-0.0007677852,-0.2611153487
1565944820.6383621693,353075.4678914545,4025723.6366392020,21.1466048955,0.0065578868,-0.0006663648,-0.2568982111
1565944820.7378835678,353075.0643290582,4025723.7356163855,21.1499373876,0.0053725237,0.0012356757,-0.2531211932
1565944820.8379170895,353074.6918277766,4025723.8181027211,21.1522736426,0.0078032975,0.0022514076,-0.2495966927
1565944820.9378247261,353074.2777866632,4025723.9141093390,21.1570691218,0.0075769910,0.0042413476,-0.2456469289
1565944821.0377733707,353073.8593225383,4025724.0040077083,21.1615032022,0.0095323478,0.0056195236,-0.2413500407
1565944821.1376888752,353073.4382511442,4025724.0954922847,21.1675482431,0.0110108647,0.0076117778,-0.2376647908
1565944821.2377669811,353073.0145554509,4025724.1894863211,21.1727145872,0.0098242819,0.0085603827,-0.2336000294
1565944821.3377206326,353072.6327660645,4025724.2743778559,21.1768154662,0.0073777016,0.0088935983,-0.2291809464
1565944821.4372918606,353072.2052320362,4025724.3683669697,21.1795559246,0.0037696547,0.0082532403,-0.2245508673
1565944821.5377843380,353071.7718149331,4025724.4549328811,21.1787782578,0.0033288037,0.0058830870,-0.2189976880
1565944821.6378815174,353071.3341033683,4025724.5316724246,21.1773659869,0.0053839553,0.0038083658,-0.2114840079
1565944821.7377376556,353070.8967790885,4025724.6002165172,21.1772868940,0.0084507933,0.0029179915,-0.2028381150
1565944821.8376078606,353070.5029047751,4025724.6687999354,21.1767327038,0.0045508368,0.0020560690,-0.1934635845
1565944821.9377677441,353070.0662851604,4025724.7387911296,21.1754359153,-0.0015676196,0.0009104277,-0.1813437364
1565944822.0377244949,353069.6245062792,4025724.8033984583,21.1704326747,-0.0079683885,-0.0019151412,-0.1678262914
1565944822.1377122402,353069.1746397621,4025724.8443320231,21.1624273827,-0.0077125045,-0.0056978612,-0.1513956835
1565944822.2437314987,353068.7215935846,4025724.8693767875,21.1528969752,-0.0045181139,-0.0093370218,-0.1330293237
1565944822.3437750340,353068.2645860095,4025724.8835464264,21.1423741707,-0.0012575341,-0.0126023018,-0.1133045819
1565944822.4437797070,353067.8103435031,4025724.8908846588,21.1379359119,-0.0040335447,-0.0119532175,-0.0908486903
1565944822.5436775684,353067.3558022036,4025724.8894969365,21.1381190026,-0.0086504961,-0.0090758060,-0.0673711623
1565944822.6436545849,353066.9464468019,4025724.8826509481,21.1423861576,-0.0143463224,-0.0048704989,-0.0459490185
1565944822.7436883450,353066.4892376459,4025724.8551763808,21.1472746447,-0.0154814736,-0.0012022742,-0.0223485232
1565944822.8437993526,353066.0281388953,4025724.8068967192,21.1518791054,-0.0109137117,0.0014208490,0.0011245262
1565944822.9438884258,353065.5650892166,4025724.7505661687,21.1542911588,-0.0079804839,0.0022610013,0.0252601835
1565944823.0438923836,353065.0998913121,4025724.6900935876,21.1580499255,-0.0099964827,0.0036590441,0.0501040883
1565944823.1437935829,353064.6265830663,4025724.6264964649,21.1597689797,-0.0156071338,0.0037210685,0.0741001392
1565944823.2437708378,353064.1985193292,4025724.5548009849,21.1599257314,-0.0192533989,0.0030528543,0.0965978058
1565944823.3436396122,353063.7253603784,4025724.4539319975,21.1616844031,-0.0183833395,0.0032030012,0.1221909312
1565944823.4436752796,353063.2559501964,4025724.3367272550,21.1664915726,-0.0148543021,0.0048277244,0.1478519320
1565944823.5436334610,353062.7920908401,4025724.2064141878,21.1723763835,-0.0118348039,0.0066620764,0.1743604364
1565944823.6437656879,353062.3232424482,4025724.0692954827,21.1730092447,-0.0127443719,0.0052439086,0.2014583552
1565944823.7438001633,353061.8938229585,4025723.9351923675,21.1704929111,-0.0144986900,0.0027620160,0.2256138240
1565944823.8439750671,353061.4180904033,4025723.7720286176,21.1666498331,-0.0147896744,0.0001441426,0.2518166875
1565944823.9440777302,353060.9473972099,4025723.5914412849,21.1638910434,-0.0129014091,-0.0012587599,0.2781805153
1565944824.0442018509,353060.4856519311,4025723.3961333511,21.1652269479,-0.0101114719,-0.0002220503,0.3055911256
1565944824.1444554329,353060.0292787891,4025723.1953466865,21.1671650399,-0.0100015709,0.0008932869,0.3321623568
1565944824.2441618443,353059.6188032311,4025723.0071286806,21.1702855447,-0.0098408875,0.0023377016,0.3537643041
1565944824.3439431190,353059.1619672980,4025722.7927960828,21.1776795404,-0.0100475078,0.0055738562,0.3749222966
1565944824.4437568188,353058.7037335661,4025722.5647342983,21.1862688770,-0.0077353653,0.0085611030,0.3940774101
1565944824.5439243317,353058.2478102104,4025722.3319546832,21.1978454227,-0.0054857305,0.0122839740,0.4111989717
1565944824.6442074776,353057.7968697719,4025722.0973864500,21.2142958165,-0.0037988494,0.0176454064,0.4266395702
1565944824.7438468933,353057.3868820381,4025721.8813685989,21.2247141765,-0.0035733552,0.0188674623,0.4394917186
1565944824.8438894749,353056.9174373815,4025721.6421976020,21.2312367880,-0.0092755946,0.0172633164,0.4521314081
1565944824.9437596798,353056.4543583151,4025721.3914053603,21.2374559014,-0.0100473461,0.0159057805,0.4639801927
1565944825.0440053940,353055.9944126440,4025721.1317192214,21.2463624063,-0.0080365366,0.0162962538,0.4744513535
1565944825.1440739632,353055.5387474655,4025720.8663095040,21.2543821658,-0.0051688179,0.0159994607,0.4848541809
1565944825.2440555096,353055.1236712626,4025720.6217755983,21.2581034667,-0.0024851272,0.0139885118,0.4932697653
1565944825.3440787792,353054.6601434115,4025720.3585455678,21.2616814241,-0.0055854264,0.0121302383,0.5017014106
1565944825.4437811375,353054.1976370943,4025720.0938782124,21.2654524240,-0.0102318378,0.0109265406,0.5097408070
1565944825.5436418056,353053.7313291880,4025719.8204284846,21.2648726753,-0.0115011350,0.0076597524,0.5154819540
1565944825.6438503265,353053.2633297069,4025719.5405725846,21.2639268228,-0.0104960929,0.0051633616,0.5202171745
1565944825.7438282967,353052.8487564736,4025719.2877224050,21.2693694735,-0.0084902990,0.0068838512,0.5237730596
1565944825.8440344334,353052.3878548027,4025719.0094760614,21.2767785191,-0.0063612682,0.0088018826,0.5262614070
1565944825.9435119629,353051.9212408375,4025718.7360840105,21.2826853648,-0.0091279681,0.0094611615,0.5285114427
1565944826.0440969467,353051.4491326496,4025718.4574472671,21.2877149430,-0.0120183401,0.0095109639,0.5313547557
1565944826.1440908909,353050.9803506983,4025718.1755609922,21.2949775212,-0.0127559613,0.0106355073,0.5334454874
1565944826.2439043522,353050.5561260735,4025717.9142669332,21.2977862308,-0.0103731843,0.0092737137,0.5350338662
1565944826.3437004089,353050.0817844239,4025717.6158974585,21.3009573633,-0.0052617584,0.0083553582,0.5367997556
1565944826.4436328411,353049.6117832124,4025717.3330947459,21.3102243658,-0.0060219744,0.0109177555,0.5377375579
1565944826.5436306000,353049.1396525103,4025717.0503778737,21.3208959796,-0.0071410517,0.0133370348,0.5382274094
1565944826.6435494423,353048.6536580485,4025716.7609421285,21.3238749699,-0.0083816143,0.0110917690,0.5377183695
1565944826.7438890934,353048.2204274490,4025716.4950502194,21.3277183809,-0.0056420892,0.0102192943,0.5376030502
1565944826.8438105583,353047.7427636428,4025716.2020044974,21.3346229961,-0.0030283890,0.0108386083,0.5373093911
1565944826.9435272217,353047.2572249073,4025715.9114698605,21.3369747154,-0.0037154380,0.0089237624,0.5371823871
1565944827.0439507961,353046.7625417619,4025715.6181189362,21.3358754239,-0.0042283350,0.0058892686,0.5360387282
1565944827.1439871788,353046.2701609557,4025715.3274813164,21.3365501903,-0.0048675538,0.0046472582,0.5343224354
1565944827.2439589500,353045.8305986548,4025715.0644253800,21.3389203119,-0.0036279954,0.0046361499,0.5330431037
1565944827.3439826965,353045.3348262346,4025714.7685397626,21.3387115295,-0.0013206986,0.0031994612,0.5309875383
1565944827.4438369274,353044.8390168023,4025714.4706195216,21.3393973255,0.0026867001,0.0027092194,0.5291055698
1565944827.5436050892,353044.3414141293,4025714.1800256707,21.3437394116,0.0034963947,0.0042213395,0.5268674569
1565944827.6434056759,353043.8420892182,4025713.8936184742,21.3499349914,0.0025450998,0.0061698266,0.5245973354
1565944827.7434337139,353043.3897250340,4025713.6377242287,21.3574863841,0.0009039368,0.0085016942,0.5222669136
1565944827.8435180187,353042.8884803894,4025713.3506189212,21.3669900496,0.0015987574,0.0109008821,0.5196720533
1565944827.9434573650,353042.3851790281,4025713.0628067856,21.3736518627,0.0028532018,0.0111029733,0.5169639061
1565944828.0435619354,353041.8759888576,4025712.7779107112,21.3744858276,0.0014608723,0.0082129169,0.5145750196
1565944828.1436629295,353041.3620838976,4025712.4986964078,21.3724552143,-0.0035090715,0.0048344803,0.5125571262
1565944828.2435879707,353040.9010923782,4025712.2509274939,21.3700247094,-0.0096783607,0.0023627572,0.5114048596
1565944828.3435864449,353040.3920950661,4025711.9710829929,21.3642028008,-0.0128592868,-0.0012905425,0.5104895585
1565944828.4436690807,353039.8901675381,4025711.6888316213,21.3588851823,-0.0137803178,-0.0035569909,0.5102961015
1565944828.5436444283,353039.3968964717,4025711.4138031667,21.3593881120,-0.0166702036,-0.0021818574,0.5108172494
1565944828.6437313557,353038.9110628827,4025711.1360957008,21.3615304446,-0.0166895831,-0.0005520472,0.5115958801
1565944828.7438099384,353038.4251250539,4025710.8525692951,21.3649466788,-0.0141175558,0.0011921597,0.5122757386
1565944828.8437757492,353037.9949107340,4025710.5969253550,21.3710356556,-0.0098968037,0.0039595747,0.5132531341
1565944828.9432051182,353037.5154136821,4025710.3184461668,21.3748416725,-0.0090126035,0.0046035414,0.5143683474
1565944829.0435192585,353037.0348706130,4025710.0403700043,21.3739510385,-0.0090695763,0.0026816323,0.5160123702
1565944829.1437945366,353036.5592813857,4025709.7529670177,21.3675654427,-0.0039956760,-0.0015432318,0.5171340213
1565944829.2435767651,353036.0834103443,4025709.4675083286,21.3576958311,0.0009169059,-0.0061610042,0.5175667491
1565944829.3436162472,353035.6588874024,4025709.2199059161,21.3512894802,0.0013325829,-0.0079379441,0.5184846252
1565944829.4437394142,353035.1887868694,4025708.9526666207,21.3442443395,-0.0025302391,-0.0093955087,0.5198171241
1565944829.5437910557,353034.7277887846,4025708.6907375958,21.3365506272,-0.0063942678,-0.0108588625,0.5209335558
1565944829.6439843178,353034.2838486991,4025708.4240458505,21.3319095042,-0.0026703871,-0.0104717016,0.5210711659
1565944829.7437720299,353033.8539756280,4025708.1641394827,21.3314962016,0.0011442201,-0.0080871651,0.5217795414
1565944829.8436417580,353033.4615226440,4025707.9291065745,21.3252141143,0.0018475764,-0.0095568160,0.5235324572
1565944829.9429137707,353033.0208758309,4025707.6738932980,21.3137594089,-0.0009474919,-0.0130134280,0.5251948398
1565944830.0434358120,353032.5922334954,4025707.4313519103,21.3094742958,-0.0074628378,-0.0118459529,0.5270287373
1565944830.1435852051,353032.1805865692,4025707.1882014209,21.3119849812,-0.0109904388,-0.0076053366,0.5300078067
1565944830.2432451248,353031.7772352860,4025706.9357463531,21.3120745355,-0.0092360757,-0.0058733741,0.5342262978
1565944830.3433811665,353031.4103900249,4025706.6978080529,21.3060286390,-0.0071771612,-0.0079183390,0.5401867094
1565944830.4430308342,353031.0088650018,4025706.4294077111,21.3010490821,-0.0063453997,-0.0089750806,0.5490459572
1565944830.5435945988,353030.6187204598,4025706.1669583865,21.2995122771,-0.0087511552,-0.0079865725,0.5599429235
1565944830.6435477734,353030.2368921952,4025705.8984402870,21.2959025856,-0.0118456918,-0.0083288886,0.5735161407
1565944830.7435860634,353029.8639993601,4025705.6243931623,21.2912074338,-0.0156347780,-0.0091590017,0.5892633462
1565944830.8436694145,353029.5424562856,4025705.3691368029,21.2870556024,-0.0156436338,-0.0097644917,0.6049395917
1565944830.9445762634,353029.2043998502,4025705.0776349385,21.2824398962,-0.0137918423,-0.0103453192,0.6260701283
1565944831.0436089039,353028.8834988484,4025704.7815863136,21.2775453525,-0.0131990165,-0.0109582643,0.6506494788
1565944831.1438426971,353028.5795730473,4025704.4786906438,21.2711554364,-0.0118616361,-0.0122841163,0.6771358905
1565944831.2436935902,353028.3023093516,4025704.1726626209,21.2685359654,-0.0066997525,-0.0113959121,0.7044861243
1565944831.3437802792,353028.0715192566,4025703.8994083852,21.2696048402,-0.0029317891,-0.0089679944,0.7304092269
1565944831.4429924488,353027.8348736479,4025703.5936663286,21.2713085688,0.0020898706,-0.0066012879,0.7610821043
1565944831.5435197353,353027.6091817022,4025703.2871642467,21.2692687571,0.0045153965,-0.0067006700,0.7922423015
1565944831.6437394619,353027.3941007663,4025702.9759617625,21.2641479618,0.0055899456,-0.0083615682,0.8239809983
1565944831.7435324192,353027.1964067978,4025702.6628799024,21.2606940351,0.0062630888,-0.0087958729,0.8577142601
1565944831.8435032368,353027.0306429366,4025702.3783308421,21.2585033844,0.0056935871,-0.0086565832,0.8897688578
1565944831.9426329136,353026.8607866829,4025702.0474048611,21.2513386993,0.0084233211,-0.0110330344,0.9261932536
1565944832.0434167385,353026.7098982346,4025701.7100476637,21.2415718607,0.0136973111,-0.0143273971,0.9630341903
1565944832.1435446739,353026.5743562649,4025701.3631688827,21.2286442463,0.0211094521,-0.0185331877,1.0002689016
1565944832.2433550358,353026.4429775996,4025701.0142917791,21.2130260295,0.0243766433,-0.0233293046,1.0369403080
1565944832.3435490131,353026.3313143956,4025700.7031841800,21.2020518180,0.0218369890,-0.0253080872,1.0707944780
1565944832.4433114529,353026.2222970535,4025700.3629327649,21.1945799009,0.0165106712,-0.0250071916,1.1090635737
1565944832.5433964729,353026.1327103682,4025700.0109071350,21.1871994089,0.0151747250,-0.0246119021,1.1482345442
1565944832.6434960365,353026.0687838922,4025699.6537392009,21.1763520254,0.0182947853,-0.0261068304,1.1895474854
1565944832.7434718609,353026.0268223876,4025699.2975363634,21.1632091345,0.0225213439,-0.0285929790,1.2324276555
1565944832.8435745239,353026.0007075944,4025698.9805702865,21.1508240701,0.0244694519,-0.0307588196,1.2713016793
1565944832.9435250759,353025.9783930185,4025698.6337458380,21.1379754014,0.0206887595,-0.0323684815,1.3153439114
1565944833.0436840057,353025.9713449639,4025698.2997413804,21.1298535499,0.0134697922,-0.0313960064,1.3610005572
1565944833.1436970234,353025.9822020452,4025697.9737537201,21.1251866147,0.0069672448,-0.0288431774,1.4065640980
1565944833.2435250282,353026.0195538650,4025697.6466406332,21.1188397593,0.0076116375,-0.0275989826,1.4518072152
1565944833.3437271118,353026.0754049500,4025697.3169186148,21.1116991245,0.0106995125,-0.0269232567,1.4969004208
1565944833.4437038898,353026.1350248361,4025697.0217743199,21.1046643737,0.0115872806,-0.0266988056,1.5376448814
1565944833.5439112186,353026.2144579922,4025696.7004923047,21.0977326083,0.0123464184,-0.0260747780,1.5827298911
1565944833.6437959671,353026.3004950620,4025696.3818384078,21.0902823943,0.0088800646,-0.0257999911,1.6277850564
1565944833.7439188957,353026.3968878998,4025696.0585907479,21.0856788191,0.0028678168,-0.0238833620,1.6729236292
1565944833.8440649509,353026.5034784458,4025695.7401773939,21.0835971936,-0.0025919223,-0.0209446967,1.7153566229
1565944833.9434907436,353026.6130109602,4025695.4497080990,21.0783048430,-0.0050348467,-0.0205831668,1.7517182684
1565944834.0437994003,353026.7529546745,4025695.1203482524,21.0677910531,-0.0033174270,-0.0225839752,1.7898112179
1565944834.1439533234,353026.9048851465,4025694.7881005649,21.0549838594,0.0004957894,-0.0252894633,1.8246176789
1565944834.2436025143,353027.0620202235,4025694.4562474354,21.0462595726,0.0021406544,-0.0251342722,1.8575249931
1565944834.3435983658,353027.2182490027,4025694.1343901809,21.0465686818,0.0006784592,-0.0202781171,1.8883345432
1565944834.4433069229,353027.3660071507,4025693.8537048404,21.0521981918,0.0007700256,-0.0139731112,1.9148163733
1565944834.5437805653,353027.5429093704,4025693.5360850263,21.0570122323,0.0031524589,-0.0089405021,1.9423907008
1565944834.6438851357,353027.7261285054,4025693.2084430237,21.0570452140,0.0047182626,-0.0073563660,1.9668755815
1565944834.7439744473,353027.9126941911,4025692.8764153910,21.0526313243,0.0056494423,-0.0084009057,1.9875719829
1565944834.8439784050,353028.1042888988,4025692.5442675282,21.0467622142,0.0073404438,-0.0099255273,2.0059471365
1565944834.9440286160,353028.2774665810,4025692.2500826940,21.0454403875,0.0073725380,-0.0088862870,2.0223081542
1565944835.0439627171,353028.4704141681,4025691.9321775609,21.0469116548,0.0087022923,-0.0064143180,2.0380780014
1565944835.1440856457,353028.6647573967,4025691.6141418759,21.0474600152,0.0106445935,-0.0049859457,2.0508785266
1565944835.2439870834,353028.8701389531,4025691.2926168125,21.0406200114,0.0159953754,-0.0077338022,2.0623538972
1565944835.3440663815,353029.0781321010,4025690.9648680543,21.0287774244,0.0192114417,-0.0124858790,2.0730186621
1565944835.4435617924,353029.2568127427,4025690.6710640006,21.0184930689,0.0171154772,-0.0158943573,2.0815698069
1565944835.5438170433,353029.4478907175,4025690.3431774601,21.0071374584,0.0102534919,-0.0189646548,2.0895978229
1565944835.6437387466,353029.6459188425,4025690.0189500446,20.9954853276,0.0067457607,-0.0215284956,2.0974651087
1565944835.7436633110,353029.8512134377,4025689.7059613294,20.9831353074,0.0075309708,-0.0240188814,2.1054749174
1565944835.8437244892,353030.0637394498,4025689.3965291549,20.9665768274,0.0131020873,-0.0282007492,2.1118240093
1565944835.9434494972,353030.2503910510,4025689.1249717204,20.9531929018,0.0176064543,-0.0305046307,2.1169122636
1565944836.0438785553,353030.4485154292,4025688.8302097097,20.9420394661,0.0187407189,-0.0307659860,2.1228493678
1565944836.1441962719,353030.6320151638,4025688.5436111749,20.9355061108,0.0145462616,-0.0288136851,2.1286699109
1565944836.2374451160,353030.7919295260,4025688.2929064040,20.9290678729,0.0092936868,-0.0278293289,2.1338439018
1565944836.3375284672,353030.9694882900,4025688.0173892439,20.9194746373,0.0042840316,-0.0282517766,2.1391086821
1565944836.4367852211,353031.1517939381,4025687.7554700170,20.9094387257,0.0053739428,-0.0289058265,2.1433222732
1565944836.5375213623,353031.3373809851,4025687.5074689174,20.9015122902,0.0110628929,-0.0284565027,2.1482849592
1565944836.6378123760,353031.4980812450,4025687.2949465350,20.8962444743,0.0155445075,-0.0272730011,2.1527178429
1565944836.7380130291,353031.6610456252,4025687.0625621583,20.8889353736,0.0151000672,-0.0271828236,2.1567232277
1565944836.8378317356,353031.8160023075,4025686.8348093424,20.8790930798,0.0114320560,-0.0285648085,2.1607290568
1565944836.9379236698,353031.9622413303,4025686.6165296151,20.8728171218,0.0065094929,-0.0279894569,2.1646338132
1565944837.0376491547,353032.1098201079,4025686.4123158660,20.8681076492,0.0061120286,-0.0267820685,2.1681228927
1565944837.1375653744,353032.2410419260,4025686.2396562789,20.8636400756,0.0085460522,-0.0261223997,2.1710612549
1565944837.2375395298,353032.3825017638,4025686.0573404660,20.8590196529,0.0114269953,-0.0254227101,2.1747962505
1565944837.3375093937,353032.5137288372,4025685.8811332118,20.8525930757,0.0114726882,-0.0259902897,2.1783478586
1565944837.4369738102,353032.6395143752,4025685.7152721318,20.8464629674,0.0122522898,-0.0264253763,2.1812799366
1565944837.5375745296,353032.7559111574,4025685.5561416009,20.8441666988,0.0109780447,-0.0248696579,2.1841900959
1565944837.6377267838,353032.8593343252,4025685.4182215217,20.8422695762,0.0105512004,-0.0235878313,2.1868296964
1565944837.7376365662,353032.9678947191,4025685.2669474301,20.8403637556,0.0075392988,-0.0222612517,2.1897508973
1565944837.8375108242,353033.0757763122,4025685.1199057079,20.8405743165,0.0042369075,-0.0199072024,2.1937386931
1565944837.9369869232,353033.1820399601,4025684.9814197551,20.8463402778,0.0011255257,-0.0147397108,2.1990470013
1565944838.0372178555,353033.2918767458,4025684.8489778335,20.8549190745,0.0013176893,-0.0085680223,2.2044496380
1565944838.1371874809,353033.3964107482,4025684.7280726116,20.8591237686,0.0026796038,-0.0055020160,2.2095906275
1565944838.2371876240,353033.5212091983,4025684.5891327108,20.8578481193,0.0045163622,-0.0057138929,2.2168004833
1565944838.3373181820,353033.6510532078,4025684.4489728799,20.8540277020,0.0065755683,-0.0073374716,2.2244255919
1565944838.4370949268,353033.7802197345,4025684.3087443840,20.8533765453,0.0062997493,-0.0075798794,2.2324416174
1565944838.5375235081,353033.9103920468,4025684.1750767664,20.8585577753,0.0057416800,-0.0045311325,2.2424903889
1565944838.6375374794,353034.0445039584,4025684.0412489073,20.8669929495,0.0034202545,0.0000205646,2.2550369017
1565944838.7374751568,353034.1706504068,4025683.9192550839,20.8752029403,0.0002895101,0.0040643259,2.2680027260
1565944838.8374373913,353034.3197191389,4025683.7822463424,20.8813297677,-0.0017812332,0.0063864998,2.2828909355
1565944838.9371364117,353034.4844761223,4025683.6456882465,20.8841345969,-0.0005361039,0.0065909820,2.2997689795
1565944839.0370364189,353034.6586119388,4025683.5131123229,20.8871711944,0.0000080908,0.0069272648,2.3203720119
1565944839.1369338036,353034.8140966375,4025683.3944645510,20.8936526815,-0.0018106566,0.0093228107,2.3389701582
1565944839.2368323803,353034.9926558968,4025683.2609053394,20.9007560162,-0.0032580153,0.0115896375,2.3588812814
1565944839.3369140625,353035.1833661763,4025683.1313559958,20.9043895544,-0.0029396571,0.0116051192,2.3806617765
1565944839.4367640018,353035.3863975136,4025683.0038435264,20.9054676846,-0.0019224000,0.0101833122,2.4042992005
1565944839.5373656750,353035.5982807174,4025682.8781783092,20.9059824770,-0.0013584507,0.0086412268,2.4293702260
1565944839.6374831200,353035.8139783657,4025682.7524287603,20.9085275433,-0.0031924513,0.0084564760,2.4551002129
1565944839.7374408245,353036.0136814850,4025682.6457844223,20.9130276522,-0.0044959957,0.0095392459,2.4795501028
1565944839.8373186588,353036.2433630544,4025682.5334698628,20.9195498583,-0.0056539382,0.0114283150,2.5082912458
1565944839.9369430542,353036.4837218670,4025682.4288026476,20.9262566949,-0.0053078474,0.0130971004,2.5385144271
1565944840.0371451378,353036.7362917595,4025682.3262982550,20.9307818255,-0.0048059497,0.0132595130,2.5692091628
1565944840.1370596886,353037.0053575823,4025682.2252260321,20.9316720049,-0.0036888264,0.0113382243,2.6002904590
1565944840.2371451855,353037.2572570352,4025682.1398813957,20.9316937991,-0.0029017157,0.0094404159,2.6294033952
1565944840.3369247913,353037.5442094542,4025682.0526751927,20.9324553793,-0.0032018222,0.0080571970,2.6635547729
1565944840.4368612766,353037.8363463042,4025681.9752386576,20.9365965849,-0.0033899109,0.0087522055,2.6983016645
1565944840.5375380516,353038.1365344964,4025681.9048405359,20.9416823174,-0.0044434907,0.0098096160,2.7339611232
1565944840.6373517513,353038.4468294006,4025681.8432357283,20.9470963055,-0.0071730236,0.0108605216,2.7714921657
1565944840.7371640205,353038.7375745539,4025681.7936455742,20.9497358366,-0.0103648490,0.0104350005,2.8059008767
1565944840.8370399475,353039.0724472054,4025681.7470354387,20.9512464265,-0.0137116611,0.0092174425,2.8440951002
1565944840.9370861053,353039.4171762824,4025681.7168795387,20.9533501791,-0.0142496416,0.0084810771,2.8826169094
1565944841.0370674133,353039.7720251640,4025681.6983810230,20.9547135776,-0.0145198711,0.0074650813,2.9214564638
1565944841.1371626854,353040.1344429571,4025681.6948652831,20.9578578839,-0.0146905593,0.0075700520,2.9613195120
1565944841.2373287678,353040.4689503633,4025681.7025606195,20.9607634158,-0.0157012343,0.0076847231,2.9976977554
1565944841.3371763229,353040.8532399792,4025681.7214170420,20.9616254209,-0.0180702629,0.0065083873,3.0385506742
1565944841.4371294975,353041.2469041625,4025681.7557976819,20.9628051044,-0.0199669768,0.0056917581,3.0794817891
1565944841.5370829105,353041.6484577560,4025681.8063263237,20.9627705269,-0.0197027092,0.0042667658,3.1197727263
1565944841.6370239258,353042.0584959525,4025681.8740390493,20.9608991110,-0.0169734488,0.0020819725,-3.1246692488
1565944841.7370605469,353042.4342572195,4025681.9419999239,20.9584793725,-0.0166520647,0.0002023091,-3.0916207820
1565944841.8372123241,353042.8559539330,4025682.0280333296,20.9575588761,-0.0167867611,-0.0004285427,-3.0568656739
1565944841.9366941452,353043.2829264991,4025682.1205060259,20.9573365472,-0.0200560100,-0.0004482226,-3.0243298818
1565944842.0372731686,353043.7182584704,4025682.2253171690,20.9573320221,-0.0234555493,-0.0003498903,-2.9925519032
1565944842.1370854378,353044.1600335563,4025682.3477135710,20.9574824364,-0.0262664210,-0.0001749279,-2.9603468832
1565944842.2369306087,353044.5639959885,4025682.4752983139,20.9563282772,-0.0274449905,-0.0007314897,-2.9309681960
1565944842.3368189335,353045.0136024829,4025682.6335119498,20.9561707396,-0.0280675747,-0.0006515430,-2.8985367491
1565944842.4368772507,353045.4633246591,4025682.8102014721,20.9588875147,-0.0267604103,0.0009501650,-2.8665686217
1565944842.5368905067,353045.9139026022,4025683.0043844650,20.9643627999,-0.0237047706,0.0035794224,-2.8354061636
1565944842.6369929314,353046.3673699214,4025683.2140227174,20.9708341621,-0.0192943973,0.0060125029,-2.8061846808
1565944842.7370905876,353046.7806136124,4025683.4134279159,20.9756342182,-0.0156710477,0.0071367893,-2.7819245525
1565944842.8372402191,353047.2470997180,4025683.6397671718,20.9807298152,-0.0156330026,0.0080676466,-2.7568209990
1565944842.9370324612,353047.7204560902,4025683.8764938973,20.9829591060,-0.0166356037,0.0072610602,-2.7340717608
1565944843.0369660854,353048.2003109431,4025684.1255732467,20.9832830472,-0.0173673142,0.0057224372,-2.7135123486
1565944843.1367900372,353048.6803959027,4025684.3889019294,20.9842303815,-0.0150435993,0.0049532484,-2.6948672518
1565944843.2366511822,353049.1145359851,4025684.6339950510,20.9868224960,-0.0122499908,0.0052484087,-2.6807052648
1565944843.3366641998,353049.6050300871,4025684.9172968841,20.9891265152,-0.0096456979,0.0048987222,-2.6677267182
1565944843.4365804195,353050.1028915487,4025685.2032098635,20.9933157067,-0.0087566219,0.0056734038,-2.6570865782
1565944843.5366127491,353050.6080223315,4025685.4917675955,20.9963192758,-0.0109212341,0.0055939944,-2.6471862464
1565944843.6367704868,353051.1190044359,4025685.7899254197,20.9987634745,-0.0137066821,0.0052630985,-2.6370212880
1565944843.7366361618,353051.5829679986,4025686.0701456293,20.9998777437,-0.0145982098,0.0044660908,-2.6277301549
1565944843.8369579315,353052.0989280207,4025686.3901760210,21.0018243299,-0.0137068163,0.0041766520,-2.6180931808
1565944843.9366054535,353052.6187181308,4025686.7181020286,21.0030928590,-0.0125519253,0.0035989283,-2.6089269514
1565944844.0368688107,353053.1442412136,4025687.0550734936,21.0044655225,-0.0117285207,0.0032705419,-2.5998533086
1565944844.1368329525,353053.6749995904,4025687.4011744340,21.0049327054,-0.0107070953,0.0025973261,-2.5917539783
1565944844.2362349033,353054.1569631646,4025687.7140953951,21.0056034775,-0.0100966583,0.0022777278,-2.5865033746
1565944844.3367547989,353054.7000967290,4025688.0669040107,21.0059902500,-0.0087553101,0.0018673347,-2.5828270042
1565944844.4369008541,353055.2498101025,4025688.4215885182,21.0060183607,-0.0081870056,0.0014090274,-2.5805078474
1565944844.5368926525,353055.8056575066,4025688.7761363187,21.0058717168,-0.0097790602,0.0010654560,-2.5786876757
1565944844.6369214058,353056.3667213493,4025689.1368772117,21.0053759158,-0.0112055842,0.0008946308,-2.5767965605
1565944844.7368485928,353056.8734680726,4025689.4670706573,21.0056152767,-0.0108989122,0.0010861695,-2.5754819975
1565944844.8368580341,353057.4404989470,4025689.8359078201,21.0058933255,-0.0102042695,0.0012373040,-2.5748445064
1565944844.9370787144,353058.0131024071,4025690.2083149981,21.0056508300,-0.0099012106,0.0010593822,-2.5743117917
1565944845.0369772911,353058.5877665134,4025690.5822477117,21.0067859549,-0.0096817598,0.0016042875,-2.5735339741
1565944845.1370358467,353059.1666259191,4025690.9561266033,21.0079544814,-0.0108609420,0.0019687416,-2.5728256811
1565944845.2368750572,353059.6902836247,4025691.2962363577,21.0093122211,-0.0110906731,0.0022910120,-2.5722923128
1565944845.3372261524,353060.2743546196,4025691.6779415878,21.0110863781,-0.0102234841,0.0025955691,-2.5718195798
1565944845.4374108315,353060.8605537729,4025692.0590540534,21.0129179732,-0.0102630307,0.0028463761,-2.5715310943
1565944845.5375196934,353061.4511486990,4025692.4409983056,21.0135422176,-0.0106837061,0.0024017245,-2.5714280184
1565944845.6372115612,353062.0435172885,4025692.8249373343,21.0136058350,-0.0109705214,0.0018270961,-2.5715564864
1565944845.7370221615,353062.5771661728,4025693.1690522013,21.0138476168,-0.0112167048,0.0015467057,-2.5720977510
1565944845.8367459774,353063.1698326165,4025693.5526557500,21.0143457819,-0.0112533769,0.0020147363,-2.5727080296
1565944845.9368062019,353063.7649298195,4025693.9352656091,21.0137002411,-0.0118713556,0.0017219667,-2.5732151006
1565944846.0366861820,353064.3593387649,4025694.3172937525,21.0118528819,-0.0125290644,0.0008301936,-2.5737922413
1565944846.1368391514,353064.9516809416,4025694.6991848685,21.0098097495,-0.0125375401,0.0001323309,-2.5743238319
1565944846.2368667126,353065.5409421313,4025695.0775636616,21.0076604507,-0.0127697640,-0.0004230719,-2.5748773390
1565944846.3368690014,353066.0694756546,4025695.4154975433,21.0063783480,-0.0136465703,-0.0004895881,-2.5754231042
1565944846.4372303486,353066.6531153763,4025695.7897546869,21.0072337332,-0.0136663657,0.0005616169,-2.5759003091
1565944846.5372591019,353067.2360446462,4025696.1612311429,21.0074073638,-0.0144985613,0.0008624018,-2.5765621457
1565944846.6369757652,353067.8186840122,4025696.5303295050,21.0073686143,-0.0157678474,0.0008950508,-2.5772033568
1565944846.7369587421,353068.3976199450,4025696.8995077866,21.0081441317,-0.0162478388,0.0012660913,-2.5777044413
1565944846.8369133472,353068.9161084508,4025697.2286473266,21.0090647441,-0.0167372338,0.0015750403,-2.5782631001
1565944846.9367771149,353069.4910560834,4025697.5935195419,21.0099208397,-0.0169148300,0.0015443622,-2.5788698212
1565944847.0368969440,353070.0679653397,4025697.9508061996,21.0095066353,-0.0187898742,0.0004554979,-2.5788023016
1565944847.1369669437,353070.6380111519,4025698.3127227160,21.0077526685,-0.0171965433,-0.0008139671,-2.5786225476
1565944847.2369220257,353071.2070128285,4025698.6715130382,21.0073960659,-0.0163423070,-0.0008698571,-2.5790096407
1565944847.3370020390,353071.7168920767,4025698.9962096778,21.0070854381,-0.0139610484,-0.0009688838,-2.5790322054
1565944847.4371533394,353072.2855507426,4025699.3554529333,21.0077181687,-0.0136040490,-0.0004084009,-2.5788697377
1565944847.5369021893,353072.8465105671,4025699.7102245204,21.0132463540,-0.0130046344,0.0027488282,-2.5789388514
1565944847.6369137764,353073.3972140134,4025700.0662065060,21.0344773487,-0.0080908280,0.0127450422,-2.5795135706
1565944847.7369194031,353073.9502438788,4025700.4176494805,21.0682991094,-0.0064887282,0.0256017453,-2.5798080277
1565944847.8369588852,353074.4546580853,4025700.7340955874,21.0976930065,-0.0069213817,0.0326068983,-2.5797916824
1565944847.9368276596,353075.0185463249,4025701.0862872778,21.1099876697,-0.0089202760,0.0276995303,-2.5795130797
1565944848.0369162560,353075.6169154659,4025701.4612346361,21.0768775321,-0.0104505961,0.0016932654,-2.5795615075
1565944848.1369590759,353076.2325407888,4025701.8478824776,21.0081619450,-0.0111368122,-0.0322552667,-2.5798753862
1565944848.2369186878,353076.8383668750,4025702.2260401128,20.9493916086,-0.0098637443,-0.0488673400,-2.5793063741
1565944848.3367967606,353077.3550391810,4025702.5457675038,20.9401705269,-0.0103335621,-0.0376536250,-2.5787898788
1565944848.4367766380,353077.9082687688,4025702.8848127322,20.9700400221,-0.0125595776,-0.0100987617,-2.5785416334
1565944848.5368273258,353078.4503589696,4025703.2171241767,21.0170844917,-0.0146417341,0.0167334708,-2.5782552142
1565944848.6367771626,353079.0260748497,4025703.5736363465,21.0424029162,-0.0161097351,0.0233825873,-2.5780605364
1565944848.7368497849,353079.6389472635,4025703.9598760558,21.0367005106,-0.0157081228,0.0122371354,-2.5775710631
1565944848.8367760181,353080.1975908946,4025704.3154314924,21.0203702733,-0.0143893696,0.0004012745,-2.5768444524
1565944848.9366011620,353080.8075146113,4025704.7023053546,21.0064684752,-0.0140232696,-0.0060200937,-2.5760738446
1565944849.0367908478,353081.4055798645,4025705.0809591184,21.0035958144,-0.0153521800,-0.0048232372,-2.5748262365
1565944849.1367826462,353081.9952677114,4025705.4579909490,21.0096127297,-0.0171243635,0.0002161364,-2.5723582838
1565944849.2368743420,353082.5868589998,4025705.8428729936,21.0157530740,-0.0180898147,0.0034484249,-2.5692616675
1565944849.3369812965,353083.1249484577,4025706.1979150446,21.0187406417,-0.0167369893,0.0041354547,-2.5667306632
1565944849.4372105598,353083.7365403751,4025706.5931725767,21.0188315951,-0.0145642891,0.0034034057,-2.5651755489
1565944849.5371961594,353084.3525468512,4025706.9879266857,21.0168997110,-0.0143139854,0.0019247309,-2.5638489470
1565944849.6371417046,353084.9686872164,4025707.3805717579,21.0181131097,-0.0153588882,0.0024555718,-2.5626385614
1565944849.7372131348,353085.5831680532,4025707.7711390760,21.0222486611,-0.0175905294,0.0041291681,-2.5615335803
1565944849.8370749950,353086.1371929403,4025708.1257978757,21.0261477608,-0.0178500537,0.0050678669,-2.5608517847
1565944849.9369723797,353086.7559704668,4025708.5254293270,21.0273031434,-0.0165959067,0.0039889156,-2.5603888489
1565944850.0369155407,353087.3771901746,4025708.9238358745,21.0248309158,-0.0161568651,0.0014710557,-2.5602199940
1565944850.1368429661,353088.0047129649,4025709.3218305632,21.0188377977,-0.0174437942,-0.0018123874,-2.5604390146
1565944850.2368118763,353088.6304540637,4025709.7188558434,21.0146938200,-0.0185593522,-0.0030758704,-2.5608111151
1565944850.3368647099,353089.1879786022,4025710.0703755147,21.0152500584,-0.0197164034,-0.0018500680,-2.5611719476
1565944850.4370801449,353089.8084219733,4025710.4625461153,21.0172068788,-0.0208071460,-0.0003941693,-2.5616847792
1565944850.5369501114,353090.4193687305,4025710.8601395674,21.0172141112,-0.0213366425,0.0000074348,-2.5618296912
1565944850.6370384693,353091.0302396275,4025711.2577524446,21.0149038827,-0.0225425281,-0.0007705006,-2.5620603423
1565944850.7369265556,353091.6391435644,4025711.6564836940,21.0130222017,-0.0227055535,-0.0010683601,-2.5622778032
1565944850.8368036747,353092.1821735604,4025712.0109937647,21.0142764587,-0.0227599488,0.0001550124,-2.5624153943
1565944850.9366772175,353092.7823662661,4025712.4053769568,21.0180229024,-0.0224070605,0.0021746343,-2.5625209805
1565944851.0366249084,353093.3837097798,4025712.7998547275,21.0214692364,-0.0220078067,0.0032365863,-2.5625720073
1565944851.1367933750,353093.9830601362,4025713.1908573071,21.0227370167,-0.0222873118,0.0027959202,-2.5625800403
1565944851.2370264530,353094.5864252287,4025713.5816624276,21.0193570693,-0.0238202072,0.0002688346,-2.5628400662
1565944851.3369498253,353095.1868756992,4025713.9749545981,21.0150911799,-0.0233736343,-0.0018530406,-2.5631652285
1565944851.4373049736,353095.7235652079,4025714.3243916822,21.0139682024,-0.0227217472,-0.0018004012,-2.5641906565
1565944851.5373733044,353096.3170580346,4025714.7116686194,21.0155887240,-0.0202554458,-0.0003802669,-2.5662889571
1565944851.6371607780,353096.9077657170,4025715.0949878828,21.0190299104,-0.0190621211,0.0013067909,-2.5689234726
1565944851.7371914387,353097.5000177970,4025715.4773328593,21.0193128878,-0.0191410887,0.0007219245,-2.5717421698
1565944851.8368625641,353098.0954157620,4025715.8597637378,21.0164226626,-0.0189394426,-0.0012093666,-2.5743097806
1565944851.9367859364,353098.6310684202,4025716.2010331210,21.0146692502,-0.0192201454,-0.0018308528,-2.5769737623
1565944852.0366256237,353099.2247816366,4025716.5733662294,21.0144657560,-0.0205409080,-0.0014392985,-2.5798848539
1565944852.1367607117,353099.8171205337,4025716.9441849533,21.0171296433,-0.0209256750,0.0001968205,-2.5826225032
1565944852.2361440659,353100.4067046628,4025717.3109244118,21.0211008049,-0.0215079817,0.0019228849,-2.5851518476
1565944852.3367919922,353100.9988611928,4025717.6761784470,21.0211988044,-0.0224056999,0.0010950521,-2.5872966768
1565944852.4372513294,353101.5350998080,4025718.0092345602,21.0191190758,-0.0219362334,-0.0004895898,-2.5887650851
1565944852.5371332169,353102.1281624449,4025718.3761931485,21.0176579535,-0.0218061559,-0.0011969892,-2.5900566975
1565944852.6370756626,353102.7176516626,4025718.7383870617,21.0164792023,-0.0225835888,-0.0014394991,-2.5906241264
1565944852.7370281219,353103.3047248515,4025719.1005171058,21.0182230534,-0.0229417629,-0.0001291666,-2.5906801194
1565944852.8368906975,353103.8848661147,4025719.4624992921,21.0211112798,-0.0224984514,0.0012369071,-2.5902796985
1565944852.9367661476,353104.4046760765,4025719.7904405887,21.0228219357,-0.0211849903,0.0016768827,-2.5893715353
1565944853.0366897583,353104.9805458172,4025720.1610671114,21.0229267381,-0.0178057776,0.0010209195,-2.5874584599
1565944853.1366114616,353105.5560558955,4025720.5260827434,21.0223614153,-0.0180878917,0.0003290001,-2.5848806261
1565944853.2367305756,353106.1282339485,4025720.8933373610,21.0229055516,-0.0186466067,0.0004460318,-2.5813242842
1565944853.3367807865,353106.6965443508,4025721.2628002791,21.0245174206,-0.0188632555,0.0009968856,-2.5770065755
1565944853.4366972446,353107.2049645612,4025721.5991118946,21.0269381833,-0.0179102685,0.0015842137,-2.5726007458
1565944853.5368645191,353107.7626545735,4025721.9712314815,21.0314719019,-0.0176451159,0.0030334533,-2.5670020007
1565944853.6368675232,353108.3187606665,4025722.3496304392,21.0348663833,-0.0169341236,0.0034843802,-2.5609368805
1565944853.7368161678,353108.8737333741,4025722.7293469752,21.0361999879,-0.0176828153,0.0027886652,-2.5545856570
1565944853.8368389606,353109.4230727954,4025723.1124040084,21.0381614341,-0.0179405544,0.0027117494,-2.5480627906
1565944853.9371833801,353109.9115954457,4025723.4593241517,21.0395448136,-0.0176273031,0.0024712445,-2.5416240989
1565944854.0367836952,353110.4519448690,4025723.8482673983,21.0399788126,-0.0182809938,0.0017499978,-2.5337798174
1565944854.1367299557,353110.9862493988,4025724.2407030473,21.0397346644,-0.0190113354,0.0009435184,-2.5255491586
1565944854.2366702557,353111.5121267552,4025724.6399491327,21.0393127748,-0.0172417283,0.0003074364,-2.5170603468
1565944854.3366115093,353112.0318092447,4025725.0409789542,21.0388928798,-0.0152255603,-0.0001392915,-2.5087772513
1565944854.4366731644,353112.4949957772,4025725.4043346769,21.0377067536,-0.0128260157,-0.0009798237,-2.5008985096
1565944854.5367918015,353113.0050458991,4025725.8094071662,21.0376381717,-0.0113687067,-0.0009265326,-2.4922009756
1565944854.6370081902,353113.5095869175,4025726.2155125826,21.0375343344,-0.0102452842,-0.0008620649,-2.4837761277
1565944854.7370984554,353114.0094817366,4025726.6222814154,21.0379181574,-0.0093447051,-0.0006061904,-2.4766116282
1565944854.8372735977,353114.5039224945,4025727.0305341296,21.0401482941,-0.0074311754,0.0005175258,-2.4701135963
1565944854.9371104240,353114.9459038347,4025727.3988967976,21.0414261989,-0.0063252355,0.0008625978,-2.4647666832
1565944855.0370743275,353115.4335297087,4025727.8051570044,21.0428390451,-0.0059138762,0.0012331690,-2.4594585964
1565944855.1369693279,353115.9218550462,4025728.2156288526,21.0414785946,-0.0060712274,0.0000797836,-2.4546772573
1565944855.2365486622,353116.4037014784,4025728.6244045175,21.0413075487,-0.0062462291,-0.0001278371,-2.4495756168
1565944855.3368966579,353116.8816660737,4025729.0331149632,21.0411532694,-0.0069502771,-0.0002439621,-2.4446285300
1565944855.4370355606,353117.3099992350,4025729.3982876539,21.0420167100,-0.0081794858,0.0000998286,-2.4398799104
1565944855.5370469093,353117.7786242916,4025729.8058705884,21.0433313933,-0.0093506857,0.0005248006,-2.4332718743
1565944855.6368920803,353118.2405842609,4025730.2175993668,21.0432930138,-0.0109153173,0.0001099574,-2.4253432243
1565944855.7366275787,353118.6937066175,4025730.6316042314,21.0397663937,-0.0116593355,-0.0019202222,-2.4164387280
1565944855.8368279934,353119.1377775475,4025731.0455230162,21.0337999167,-0.0135483807,-0.0044874137,-2.4068935849
1565944855.9366526604,353119.5253825825,4025731.4171032324,21.0267927483,-0.0142822405,-0.0069354809,-2.3979123706
1565944856.0368371010,353119.9411469621,4025731.8256962565,21.0179568931,-0.0142760889,-0.0094973236,-2.3882103283
1565944856.1366803646,353120.3406997402,4025732.2295396938,21.0104528760,-0.0135184694,-0.0106862860,-2.3784962931
1565944856.2361321449,353120.7230383255,4025732.6221818225,21.0043465227,-0.0136734184,-0.0108699086,-2.3685195194
1565944856.3368399143,353121.0909002965,4025733.0046825106,20.9981152542,-0.0157937018,-0.0111777322,-2.3582828746
1565944856.4369690418,353121.4425789171,4025733.3780354667,20.9919286454,-0.0174430562,-0.0114776871,-2.3493939503
1565944856.5370173454,353121.7418932671,4025733.7094472358,20.9886729315,-0.0155716703,-0.0105808106,-2.3419529065
1565944856.6370460987,353122.0618336356,4025734.0692432048,20.9863269330,-0.0135375945,-0.0092209552,-2.3337716084
1565944856.7368228436,353122.3718359706,4025734.4211398787,20.9861975523,-0.0128271402,-0.0070360957,-2.3256161840
1565944856.8370099068,353122.6672283915,4025734.7514825356,21.0073213784,-0.0153355047,0.0059354597,-2.3184530400
1565944856.9368860722,353122.9491282201,4025735.0720589333,21.0482202257,-0.0159880689,0.0262067717,-2.3127244350
1565944857.0367031097,353123.2030805072,4025735.3643543231,21.0833137128,-0.0152403587,0.0392938371,-2.3088979918
1565944857.1369497776,353123.4892596437,4025735.7049840996,21.1063183443,-0.0088552824,0.0418098483,-2.3067722257
1565944857.2365479469,353123.7838395519,4025736.0528426194,21.1106222174,-0.0007839075,0.0338921497,-2.3075600661
1565944857.3370168209,353124.0867765683,4025736.3877449650,21.1023201702,0.0032796705,0.0213944888,-2.3121434254
1565944857.4371154308,353124.4048939139,4025736.7201619595,21.0728954905,0.0045534641,0.0006446257,-2.3199564785
1565944857.5371243954,353124.7151490140,4025737.0244746679,21.0227576981,0.0041421702,-0.0258912438,-2.3306325488
1565944857.6373038292,353125.0665266466,4025737.3464403856,20.9677730053,0.0018931626,-0.0477372880,-2.3465073779
1565944857.7371697426,353125.3985878955,4025737.6386276511,20.9441157390,0.0046216006,-0.0486870721,-2.3665582524
1565944857.8372361660,353125.7162937710,4025737.8977246545,20.9517115511,0.0099632407,-0.0339775136,-2.3916940680
1565944857.9372014999,353126.0401649672,4025738.1397978589,20.9657695450,0.0162329196,-0.0192743623,-2.4211141664
1565944858.0371963978,353126.3478008560,4025738.3473193571,20.9752666983,0.0207315795,-0.0104286673,-2.4513861028
1565944858.1372964382,353126.7062301960,4025738.5615168144,20.9843624971,0.0246457548,-0.0032840022,-2.4893819846
1565944858.2371356487,353127.0673335430,4025738.7556664464,20.9970016891,0.0287055174,0.0041992356,-2.5291533871
1565944858.3370561600,353127.4468914070,4025738.9328637840,21.0025591360,0.0315907298,0.0062564506,-2.5718462245
1565944858.4374561310,353127.8474304105,4025739.0892168987,21.0001780306,0.0343566321,0.0035512812,-2.6178460478
1565944858.5370843410,353128.2141757942,4025739.2109745047,20.9968530510,0.0383255716,0.0010815855,-2.6626806015
1565944858.6370825768,353128.6214999951,4025739.3135098536,20.9958800542,0.0422975010,0.0004448421,-2.7167762242
1565944858.7364473343,353129.0185834819,4025739.3734422754,21.0010706490,0.0429633673,0.0031457902,-2.7746136506
1565944858.8370785713,353129.4200250406,4025739.4009689325,21.0044009386,0.0405606978,0.0041099801,-2.8352152970
1565944858.9375097752,353129.8259304341,4025739.4050850696,21.0042005989,0.0391156823,0.0030501574,-2.8963826131
1565944859.0369863510,353130.1886045978,4025739.3850404401,21.0042593009,0.0374001729,0.0024681036,-2.9524046426
1565944859.1369788647,353130.5793935130,4025739.3395684902,21.0075924608,0.0396168766,0.0038428019,-3.0177545413
1565944859.2364292145,353130.9549691243,4025739.2612919239,21.0124250361,0.0416039629,0.0057052815,-3.0864079423
1565944859.3370673656,353131.3256164954,4025739.1526614442,21.0144232573,0.0403372622,0.0056041033,3.1286042112
1565944859.4369816780,353131.6866414716,4025739.0124540166,21.0144335905,0.0358209403,0.0043915722,3.0596252200
1565944859.5370476246,353131.9954893060,4025738.8630226692,21.0146724532,0.0324038396,0.0036689535,2.9950864222
1565944859.6369593143,353132.3224368996,4025738.6770287845,21.0161012779,0.0320172911,0.0037718553,2.9209512742
1565944859.7369363308,353132.6252732283,4025738.4675009269,21.0210706522,0.0329668270,0.0058060237,2.8445536537
1565944859.8366949558,353132.9011857452,4025738.2325047222,21.0287139383,0.0319492671,0.0088710651,2.7663085125
1565944859.9367961884,353133.1539772623,4025737.9748421018,21.0342601675,0.0297839894,0.0102140845,2.6868417123
1565944860.0366232395,353133.3635312420,4025737.7241605353,21.0366471806,0.0271564867,0.0097895933,2.6150305294
1565944860.1365454197,353133.5764421929,4025737.4346562256,21.0385403243,0.0258332201,0.0090468492,2.5362143070
1565944860.2360494137,353133.7667198449,4025737.1344779222,21.0429663476,0.0265922738,0.0098888938,2.4579768306
1565944860.3367016315,353133.9280153154,4025736.8227785910,21.0493998918,0.0266014452,0.0116609240,2.3796545796
1565944860.4370560646,353134.0632583803,4025736.4972370393,21.0541381850,0.0252699725,0.0122771209,2.3013457783
1565944860.5368394852,353134.1648848744,4025736.1922919448,21.0556298342,0.0235534851,0.0112179113,2.2311258892
1565944860.6368100643,353134.2526409596,4025735.8475604043,21.0580843497,0.0215521860,0.0106976488,2.1536277103
1565944860.7368087769,353134.3157471018,4025735.5008202540,21.0642859936,0.0199946420,0.0123040553,2.0778865582
1565944860.8367238045,353134.3575853209,4025735.1497748098,21.0723071042,0.0181958784,0.0145623353,2.0046917223
1565944860.9369800091,353134.3766817714,4025734.7942002695,21.0796026080,0.0136692019,0.0159231647,1.9347125850
1565944861.0366103649,353134.3838824639,4025734.4682529960,21.0831265067,0.0122968252,0.0152521983,1.8740762074
1565944861.1366803646,353134.3741385276,4025734.1043491322,21.0846094605,0.0128463308,0.0133034022,1.8070190379
1565944861.2364015579,353134.3479766833,4025733.7392980778,21.0868992671,0.0158286393,0.0121768259,1.7417512686
1565944861.3367958069,353134.3035731076,4025733.3755366723,21.0902812718,0.0178038164,0.0118175675,1.6803441722
1565944861.4367454052,353134.2340680406,4025733.0135813477,21.0947853472,0.0143727317,0.0120410178,1.6225684773
1565944861.5366749763,353134.1545184129,4025732.6845295397,21.0975759895,0.0085234087,0.0114659216,1.5735593242
1565944861.6367714405,353134.0542966317,4025732.3170828624,21.0989420584,0.0029016921,0.0099787512,1.5221283119
1565944861.7359733582,353133.9464727117,4025731.9490510020,21.0998390651,0.0016415591,0.0085188574,1.4727545018
1565944861.8368690014,353133.8294791522,4025731.5805286011,21.1018087343,0.0037912880,0.0078971735,1.4251370688
1565944861.9369738102,353133.6997960166,4025731.2136543263,21.1047964193,0.0061381058,0.0079134853,1.3801918124
1565944862.0370414257,353133.5522446647,4025730.8493116600,21.1081621459,0.0044736686,0.0080793619,1.3387952236
1565944862.1369209290,353133.4058001552,4025730.5193949700,21.1096947667,0.0004891451,0.0073740460,1.3044139555
1565944862.2372276783,353133.2307663322,4025730.1535851234,21.1114142752,-0.0047391635,0.0067551592,1.2683709292
1565944862.3368754387,353133.0507053900,4025729.7857033452,21.1135499201,-0.0066139315,0.0064204556,1.2345852282
1565944862.4368069172,353132.8611674557,4025729.4152260567,21.1155482686,-0.0064615035,0.0060729431,1.2028500738
1565944862.5368049145,353132.6624777504,4025729.0440618726,21.1169493605,-0.0059441086,0.0054695481,1.1734526997
1565944862.6371896267,353132.4746575623,4025728.7081933506,21.1181462460,-0.0061928019,0.0049911130,1.1493489984
1565944862.7362737656,353132.2551510024,4025728.3306483435,21.1162695713,-0.0074509559,0.0028806315,1.1248811297
1565944862.8369002342,353132.0279001695,4025727.9532447821,21.1155641984,-0.0085865887,0.0018526326,1.1024316608
1565944862.9368548393,353131.7926555647,4025727.5736977505,21.1149583871,-0.0079275323,0.0010904381,1.0798860261
1565944863.0368385315,353131.5462025350,4025727.1970654544,21.1151886232,-0.0069167195,0.0009557503,1.0567574302
1565944863.1367924213,353131.3153960830,4025726.8556609452,21.1168363656,-0.0054289780,0.0016226160,1.0362170232
1565944863.2362482548,353131.0458047490,4025726.4804186211,21.1205027492,-0.0054238463,0.0031612337,1.0135792442
1565944863.3369770050,353130.7659470826,4025726.1066646101,21.1249027214,-0.0055075467,0.0046658482,0.9911711629
1565944863.4368715286,353130.4714708572,4025725.7301616943,21.1255057183,-0.0064780592,0.0037915062,0.9695275117
1565944863.5367343426,353130.1666203669,4025725.3514671535,21.1244293709,-0.0060449484,0.0022724546,0.9483977462
1565944863.6367495060,353129.8851993580,4025725.0108681070,21.1248482791,-0.0045964839,0.0020070094,0.9294644603
1565944863.7365701199,353129.5637707358,4025724.6388311377,21.1268723637,-0.0026114356,0.0025473403,0.9080806860
1565944863.8368725777,353129.2331723747,4025724.2651243624,21.1279335853,0.0009699264,0.0024492443,0.8870816864
1565944863.9368815422,353128.8857538654,4025723.9007838327,21.1299629455,-0.0008500818,0.0029049099,0.8670598947
1565944864.0367751122,353128.5302219100,4025723.5378474984,21.1349852767,-0.0045896543,0.0047949718,0.8500605351
1565944864.1366806030,353128.2068133693,4025723.2121129096,21.1394293552,-0.0082141752,0.0059851111,0.8375463203
1565944864.2359702587,353127.8429997588,4025722.8387402496,21.1425566186,-0.0094542510,0.0059803260,0.8262350443
1565944864.3367717266,353127.4786253892,4025722.4600086501,21.1480095476,-0.0068826431,0.0072090084,0.8161693824
1565944864.4368531704,353127.1098182495,4025722.0775349294,21.1516699599,-0.0034188198,0.0071309062,0.8068978804
1565944864.5369000435,353126.7317591813,4025721.6975792572,21.1544006690,-0.0021017148,0.0066195287,0.7981683318
1565944864.6368372440,353126.3812075991,4025721.3568846653,21.1554318738,-0.0027511410,0.0055513925,0.7899322656
1565944864.7364015579,353125.9847673681,4025720.9763915236,21.1558670788,-0.0033816815,0.0042924038,0.7814077521
1565944864.8366923332,353125.5843677603,4025720.5974345501,21.1583572313,-0.0044694584,0.0043994104,0.7736253421
1565944864.9368150234,353125.1775703642,4025720.2177955802,21.1619874042,-0.0048024315,0.0050676822,0.7654347661
1565944865.0368173122,353124.7663653342,4025719.8396725426,21.1674807821,-0.0044675627,0.0064160325,0.7568638085
1565944865.1371123791,353124.3905890514,4025719.4969520955,21.1718711759,-0.0031895242,0.0070199325,0.7494752224
1565944865.2363965511,353123.9640256531,4025719.1183451414,21.1750314704,-0.0034427484,0.0065462509,0.7409973179
1565944865.3369231224,353123.5275740509,4025718.7375747748,21.1750283932,-0.0034606105,0.0045530713,0.7325996392
1565944865.4369394779,353123.0804265848,4025718.3564731986,21.1726603958,-0.0051577253,0.0020689488,0.7243121436
1565944865.5401225090,353122.6282127532,4025717.9714953196,21.1702938037,-0.0047984839,0.0003240772,0.7161210021
1565944865.6400992870,353122.1715258354,4025717.5913108592,21.1705103942,-0.0045099005,0.0003333564,0.7075245545
1565944865.7399570942,353121.7079784200,4025717.2097219969,21.1721540065,-0.0035394118,0.0010860558,0.6992330822
1565944865.8400986195,353121.2868596530,4025716.8686422245,21.1746854492,-0.0025988933,0.0021030744,0.6916053096
1565944865.9402916431,353120.8124110399,4025716.4921504394,21.1789545390,-0.0024841600,0.0035779139,0.6833110607
1565944866.0403566360,353120.3287044307,4025716.1145115136,21.1809748311,-0.0017945846,0.0034007068,0.6746463419
1565944866.1404664516,353119.8344215631,4025715.7332438114,21.1790724567,-0.0002135572,0.0012846448,0.6661801360
1565944866.2405509949,353119.3329253323,4025715.3540604929,21.1744698559,0.0009909327,-0.0014244806,0.6576403808
1565944866.3405110836,353118.8758999987,4025715.0159065379,21.1719272485,0.0011506907,-0.0023635547,0.6502164053
1565944866.4405820370,353118.3605701459,4025714.6429607356,21.1712958431,-0.0003151581,-0.0020450430,0.6424810214
1565944866.5405983925,353117.8387569843,4025714.2689616736,21.1734232506,-0.0013171277,-0.0003822416,0.6353935315
1565944866.6405522823,353117.3154690429,4025713.8982775421,21.1786161523,-0.0018985426,0.0022256740,0.6283849905
1565944866.7399981022,353116.7842318743,4025713.5239094077,21.1816454114,-0.0007592823,0.0028413850,0.6214262024
1565944866.8403029442,353116.2984769009,4025713.1847374653,21.1807166858,0.0007436828,0.0013522140,0.6152490492
1565944866.9402728081,353115.7477994063,4025712.8077104716,21.1745796677,0.0012061476,-0.0023075052,0.6085058827
1565944867.0401792526,353115.1901971967,4025712.4336332157,21.1682780381,0.0006069338,-0.0047306955,0.6017699534
1565944867.1401214600,353114.6300939044,4025712.0626210882,21.1657520346,-0.0004620352,-0.0044060401,0.5953902045
1565944867.2396068573,353114.0664370593,4025711.6948518390,21.1674857847,-0.0012322670,-0.0021097334,0.5892389426
1565944867.3399639130,353113.5586619106,4025711.3623126773,21.1734988004,-0.0004580661,0.0013701434,0.5842287035
1565944867.4400188923,353112.9869450490,4025710.9916424295,21.1805505554,0.0008353278,0.0039514840,0.5788187318
1565944867.5404555798,353112.4023511591,4025710.6183914687,21.1804408046,0.0015080963,0.0021608371,0.5735487751
1565944867.6405048370,353111.8085718589,4025710.2456354317,21.1750711219,0.0010987601,-0.0016171943,0.5684672122
1565944867.7402017117,353111.2125661843,4025709.8707930720,21.1701171977,0.0021758610,-0.0037009424,0.5637602443
1565944867.8404576778,353110.6726793295,4025709.5405175225,21.1699136998,0.0003359009,-0.0028596428,0.5595542738
1565944867.9404764175,353110.0752956407,4025709.1768829911,21.1745666580,-0.0009062258,0.0001241019,0.5550042552
1565944868.0403625965,353109.4771779679,4025708.8140020669,21.1813017564,-0.0016547206,0.0031661129,0.5508238232
1565944868.1403145790,353108.8736804168,4025708.4517329126,21.1830598956,-0.0025093652,0.0025275932,0.5466948460
1565944868.2398216724,353108.2576104494,4025708.0815153699,21.1771857885,-0.0031646630,-0.0014728577,0.5436114047
1565944868.3403732777,353107.6430153865,4025707.7144396114,21.1729284057,-0.0035245121,-0.0032749595,0.5408657617
1565944868.4404814243,353107.0916598822,4025707.3847463042,21.1706035066,-0.0029113464,-0.0040918873,0.5388261930
1565944868.5400838852,353106.4791958669,4025707.0202069804,21.1693113361,-0.0031222950,-0.0040069120,0.5374356342
1565944868.6403553486,353105.8727992328,4025706.6578536369,21.1701005601,-0.0030202189,-0.0028729488,0.5369206791
1565944868.7402267456,353105.2613849405,4025706.2927494464,21.1668606956,-0.0028640272,-0.0040157091,0.5361166647
1565944868.8400559425,353104.7090235179,4025705.9616801105,21.1615990205,-0.0018554577,-0.0057885109,0.5353594347
1565944868.9402346611,353104.0967108766,4025705.5971998596,21.1561756322,-0.0014462596,-0.0068481697,0.5346014574
1565944869.0404877663,353103.4849135248,4025705.2346265167,21.1534132609,-0.0019214845,-0.0061636496,0.5338849438
1565944869.1402103901,353102.8729333788,4025704.8739383072,21.1513450524,-0.0034204004,-0.0053236100,0.5330659138
1565944869.2397203445,353102.2635349597,4025704.5132614500,21.1519470728,-0.0038222921,-0.0034797088,0.5323816593
1565944869.3401641846,353101.6523889421,4025704.1522444296,21.1507565607,-0.0043738967,-0.0030080928,0.5312391457
1565944869.4399373531,353101.1015114062,4025703.8268272621,21.1458351621,-0.0052001995,-0.0040619104,0.5297208257
1565944869.5399603844,353100.4898256809,4025703.4680876653,21.1400391857,-0.0066763895,-0.0050279078,0.5284875249
1565944869.6400976181,353099.8770106690,4025703.1100968895,21.1345159362,-0.0088442051,-0.0055561111,0.5277453829
1565944869.7396786213,353099.2667433005,4025702.7523237001,21.1310555220,-0.0106638595,-0.0049707857,0.5278386054
1565944869.8399944305,353098.6629591127,4025702.3959386619,21.1303919143,-0.0115527787,-0.0033911814,0.5286426563
1565944869.9399642944,353098.1229878926,4025702.0724515710,21.1298914220,-0.0108240489,-0.0024369480,0.5294595674
1565944870.0400557518,353097.5273574575,4025701.7146946155,21.1313281936,-0.0089650676,-0.0008159235,0.5303593932
1565944870.1399753094,353096.9320169089,4025701.3597033899,21.1342386779,-0.0087726777,0.0008521589,0.5311787651
1565944870.2395329475,353096.3365379171,4025701.0049801930,21.1368252492,-0.0089921620,0.0017276470,0.5324394511
1565944870.3401906490,353095.7454626841,4025700.6517089489,21.1368116932,-0.0090020434,0.0010221832,0.5335470908
1565944870.4401848316,353095.2187561372,4025700.3311989782,21.1353152247,-0.0076136512,0.0001440355,0.5345923964
1565944870.5400285721,353094.6355270895,4025699.9731415757,21.1339073680,-0.0053014164,-0.0003733972,0.5359405305
1565944870.6403834820,353094.0572165826,4025699.6174394665,21.1350656316,-0.0025994699,0.0005378560,0.5368572441
1565944870.7403767109,353093.4817919903,4025699.2709276085,21.1395569162,-0.0031712410,0.0027066157,0.5371318239
1565944870.8404648304,353092.9079847748,4025698.9296431588,21.1429498414,-0.0048323860,0.0035611142,0.5368945141
1565944870.9406011105,353092.3917585552,4025698.6241810638,21.1438727627,-0.0060763156,0.0029742587,0.5361114277
1565944871.0401122570,353091.8178011989,4025698.2832339224,21.1420673511,-0.0054956226,0.0010366701,0.5342517898
1565944871.1403093338,353091.2454741097,4025697.9455222609,21.1401507167,-0.0048622695,-0.0003103030,0.5318775013
1565944871.2401714325,353090.6777103413,4025697.6151069109,21.1393686177,-0.0052835372,-0.0006984795,0.5296602464
1565944871.3400912285,353090.1119433253,4025697.2895976501,21.1403053602,-0.0069472791,-0.0000927534,0.5274041168
1565944871.4398765564,353089.6058310071,4025696.9977892986,21.1409827514,-0.0082107559,0.0003627007,0.5255146338
1565944871.5398674011,353089.0462796864,4025696.6737706270,21.1411638056,-0.0081487242,0.0003683117,0.5234487837
1565944871.6398506165,353088.4879623143,4025696.3523369324,21.1410718087,-0.0081821533,0.0002280610,0.5216758559
1565944871.7399375439,353087.9326822118,4025696.0317515233,21.1410952425,-0.0085662446,0.0001388382,0.5210762564
1565944871.8400552273,353087.3812250817,4025695.7106740973,21.1416587548,-0.0093270056,0.0003449302,0.5220508688
1565944871.9401431084,353086.8884526231,4025695.4222099949,21.1432925166,-0.0105408956,0.0010779775,0.5240799163
1565944872.0401763916,353086.3468217258,4025695.0972658759,21.1449310487,-0.0100669238,0.0014641239,0.5271423419
1565944872.1403522491,353085.8071557450,4025694.7732525147,21.1449028473,-0.0101059045,0.0008469318,0.5301813497
1565944872.2399828434,353085.2705169393,4025694.4467701586,21.1426236238,-0.0089735594,-0.0007507294,0.5330528541
1565944872.3401453495,353084.7357749346,4025694.1207089755,21.1381010419,-0.0082305028,-0.0029673945,0.5356645893
1565944872.4402503967,353084.2572650464,4025693.8267735750,21.1334473419,-0.0072009751,-0.0045850536,0.5375869475
1565944872.5402543545,353083.7308989958,4025693.5051370952,21.1312979554,-0.0068104034,-0.0042972670,0.5391362596
1565944872.6400671005,353083.2072466278,4025693.1849920428,21.1306185479,-0.0071387386,-0.0033871618,0.5408218607
1565944872.7398078442,353082.6880963740,4025692.8653972237,21.1312674169,-0.0070008218,-0.0021791903,0.5425162378
1565944872.8402130604,353082.1701839414,4025692.5479358709,21.1315121621,-0.0078948752,-0.0014867559,0.5442032764
1565944872.9402506351,353081.7062047313,4025692.2622785913,21.1308057086,-0.0081146105,-0.0015552939,0.5455150495
1565944873.0401880741,353081.1907013865,4025691.9430621546,21.1288699260,-0.0082822912,-0.0022253630,0.5467699133
1565944873.1402220726,353080.6782702976,4025691.6244816836,21.1274424764,-0.0077427204,-0.0024493301,0.5478153361
1565944873.2414259911,353080.1695665503,4025691.3070563683,21.1259539629,-0.0069963343,-0.0026214131,0.5485727581
1565944873.3416576385,353079.6629966742,4025690.9927880499,21.1241119871,-0.0071664064,-0.0029161577,0.5494250142
1565944873.4417288303,353079.1603539848,4025690.6777490871,21.1228571291,-0.0069435654,-0.0024700183,0.5501841302
1565944873.5417041779,353078.7097482558,4025690.3955590897,21.1216497912,-0.0066251328,-0.0022900774,0.5507764188
1565944873.6417047977,353078.2103753404,4025690.0819422300,21.1206905077,-0.0059628570,-0.0019828771,0.5513819375
1565944873.7420101166,353077.7152835485,4025689.7683488228,21.1217247229,-0.0049355593,-0.0008270457,0.5521374999
1565944873.8416604996,353077.2231483313,4025689.4606210254,21.1240993788,-0.0054712967,0.0006184978,0.5527666385
1565944873.9416446686,353076.7318935887,4025689.1531073279,21.1267066246,-0.0055356516,0.0017285607,0.5532228556
1565944874.0416307449,353076.2919752704,4025688.8764905487,21.1298959023,-0.0052112439,0.0028204695,0.5533301379
1565944874.1417613029,353075.8071898913,4025688.5710628615,21.1348083009,-0.0036110756,0.0043436859,0.5529311634
1565944874.2419545650,353075.3204033328,4025688.2684002197,21.1386490095,-0.0033874557,0.0048230661,0.5520880586
1565944874.3419148922,353074.8347557330,4025687.9696785053,21.1402942602,-0.0048820428,0.0040450529,0.5515924840
1565944874.4419472218,353074.3502663908,4025687.6722538495,21.1370871152,-0.0064453693,0.0012435888,0.5510256837
1565944874.5419402122,353073.9199753501,4025687.4083512402,21.1355905329,-0.0080324431,0.0001506173,0.5505543892
1565944874.6418368816,353073.4476039310,4025687.1159663857,21.1342158046,-0.0086277655,-0.0006541832,0.5502414868
1565944874.7415912151,353072.9814803518,4025686.8272291394,21.1325005462,-0.0099308728,-0.0014293878,0.5509292761
1565944874.8417689800,353072.5244556852,4025686.5434792005,21.1305877181,-0.0120862652,-0.0020962692,0.5525836277
1565944874.9416213036,353072.0813385839,4025686.2644732795,21.1298198677,-0.0131733592,-0.0020323472,0.5544432577
1565944875.0417816639,353071.6481137288,4025685.9900775850,21.1280768955,-0.0135439086,-0.0025713417,0.5561111039
1565944875.1418390274,353071.2610891174,4025685.7426317125,21.1239677125,-0.0138827091,-0.0042718307,0.5577075457
1565944875.2419083118,353070.8382123385,4025685.4716605614,21.1182104791,-0.0135100427,-0.0063567624,0.5593492665
1565944875.3419451714,353070.4252783777,4025685.2055747053,21.1142579474,-0.0135857977,-0.0069686260,0.5611272981
1565944875.4420521259,353070.0255288902,4025684.9523055968,21.1166067452,-0.0166931564,-0.0042291629,0.5629176049
1565944875.5414481163,353069.6734099205,4025684.7238428234,21.1200112023,-0.0174075552,-0.0017779563,0.5642178194
1565944875.6420030594,353069.2857932142,4025684.4725856725,21.1209086571,-0.0181178068,-0.0012220649,0.5654981942
1565944875.7421000004,353068.9059683785,4025684.2176262042,21.1198791727,-0.0155628634,-0.0018149277,0.5672047102
1565944875.8417267799,353068.5300282964,4025683.9707903843,21.1199775115,-0.0155609049,-0.0016026766,0.5686005056
1565944875.9417188168,353068.1628790995,4025683.7318282649,21.1209154902,-0.0164795304,-0.0010242454,0.5699164383
1565944876.0414416790,353067.7993091818,4025683.4954176457,21.1203214663,-0.0188035046,-0.0013510496,0.5717125210
1565944876.1417753696,353067.4793610037,4025683.2838133252,21.1213917151,-0.0190242531,-0.0007356632,0.5727679831
1565944876.2420887947,353067.1361407720,4025683.0562007502,21.1264058101,-0.0179972299,0.0017538101,0.5731056989
1565944876.3417899609,353066.8021499170,4025682.8301187688,21.1309964190,-0.0148992494,0.0034358781,0.5731301212
1565944876.4418427944,353066.4678098545,4025682.6106479121,21.1310648588,-0.0143419905,0.0024138131,0.5728700491
1565944876.5417122841,353066.1329515419,4025682.3977603242,21.1287864908,-0.0178566751,0.0004887993,0.5730977654
1565944876.6416423321,353065.8378066783,4025682.2136365077,21.1268029495,-0.0217354655,-0.0008198314,0.5729085269
1565944876.7417185307,353065.5235761941,4025682.0084724915,21.1270405894,-0.0218231451,-0.0007819884,0.5724525945
1565944876.8416771889,353065.2224675090,4025681.8038185402,21.1294511693,-0.0174799826,0.0002713909,0.5718320004
1565944876.9415662289,353064.9262850272,4025681.6041175178,21.1330145360,-0.0146513273,0.0017967430,0.5717631948
1565944877.0410096645,353064.6349065038,4025681.4158178889,21.1359790011,-0.0151850014,0.0027817360,0.5718136514
1565944877.1417045593,353064.3762866328,4025681.2519629593,21.1375117526,-0.0175190955,0.0029360501,0.5715018517
1565944877.2416498661,353064.0945478576,4025681.0754248425,21.1386188848,-0.0204272338,0.0028078251,0.5713818925
1565944877.3416547775,353063.8213271678,4025680.9012289820,21.1399379238,-0.0224980983,0.0028536695,0.5716447770
1565944877.4416546822,353063.5588903722,4025680.7309945486,21.1415965698,-0.0225681757,0.0032460175,0.5714558183
1565944877.5429503918,353063.3032647952,4025680.5617759684,21.1416469524,-0.0210030747,0.0026498089,0.5709479787
1565944877.6432042122,353063.0549845005,4025680.3936230596,21.1396085217,-0.0181886453,0.0010097847,0.5711395821
1565944877.7432911396,353062.8349158089,4025680.2483580974,21.1366488754,-0.0173569145,-0.0007890341,0.5713096002
1565944877.8369712830,353062.5972585052,4025680.0955021502,21.1345435694,-0.0184594187,-0.0017902909,0.5716887290
1565944877.9369881153,353062.3915833056,4025679.9663355621,21.1336515793,-0.0205535156,-0.0019990464,0.5717848548
1565944878.0372767448,353062.1728960138,4025679.8271877589,21.1330148980,-0.0221426023,-0.0020326218,0.5714610746
1565944878.1371762753,353061.9683932795,4025679.6935096290,21.1340812277,-0.0217487816,-0.0011920305,0.5713923405
1565944878.2373545170,353061.7739335027,4025679.5652487152,21.1353679147,-0.0212992365,-0.0003576409,0.5716608236
1565944878.3372087479,353061.5883673067,4025679.4430450201,21.1356747094,-0.0203885938,-0.0001902936,0.5716507714
1565944878.4370403290,353061.4292450969,4025679.3386537312,21.1353625621,-0.0200687929,-0.0003694968,0.5714666051
1565944878.5371906757,353061.2637115769,4025679.2307084035,21.1351355671,-0.0202878507,-0.0004585645,0.5715973378
1565944878.6372451782,353061.1109102532,4025679.1316861487,21.1358200494,-0.0208014126,-0.0000218496,0.5717532744
1565944878.7377080917,353060.9717104972,4025679.0419434826,21.1373193128,-0.0208814127,0.0008152837,0.5715349339
1565944878.8375394344,353060.8455341459,4025678.9598985049,21.1386409610,-0.0209909366,0.0014823442,0.5714408338
1565944878.9372839928,353060.7420101368,4025678.8926428040,21.1393593890,-0.0207926265,0.0017714064,0.5716036697
