{
  "diagnostics": [
    "experiments/results/intensity_odometry/selector_diagnostics_kitti_seq_02_30.json",
    "experiments/results/intensity_odometry/selector_diagnostics_kitti_seq_05_30.json",
    "experiments/results/intensity_odometry/selector_diagnostics_kitti_seq_08_30.json"
  ],
  "method_names": [
    "kiss",
    "small_gicp"
  ],
  "feature_names": [
    "bias",
    "cubemap_score",
    "geometry_score",
    "log_overlap",
    "motion_norm",
    "abs_yaw_deg"
  ],
  "ridge": 0.001,
  "feature_set": "no_method",
  "leave_one_sequence_out": [
    {
      "seq": "kitti_seq_02",
      "selector_hits": 13,
      "selector_total": 29,
      "selected_counts": {
        "small_gicp": 26,
        "kiss": 3
      },
      "metrics": {
        "ate_xy_m": 0.5039214208367708,
        "step_length_rmse_m": 0.057368915585483474,
        "step_length_rmse_pct_of_mean_step": 3.9643073346306537,
        "gt_path_length_m": 41.96694180205441
      },
      "mean_margin": 0.017207904193859428,
      "weights": [
        -0.053105281319962484,
        -0.0027191563511481886,
        0.012254451412242913,
        -0.022962825231036977,
        0.0030054514317094344,
        -0.0095697756929506
      ],
      "feature_mean": [
        0.0,
        0.3745185200376077,
        0.6589123189655172,
        7.607291076714955,
        0.5915054270578539,
        0.07669589655172412
      ],
      "feature_scale": [
        1.0,
        0.04177479909423502,
        0.061223400577185096,
        1.3784914739329472,
        0.21334100355065905,
        0.05292434984865747
      ]
    },
    {
      "seq": "kitti_seq_05",
      "selector_hits": 17,
      "selector_total": 29,
      "selected_counts": {
        "kiss": 14,
        "small_gicp": 15
      },
      "metrics": {
        "ate_xy_m": 0.5204837114358211,
        "step_length_rmse_m": 0.041028593561280594,
        "step_length_rmse_pct_of_mean_step": 5.926541813813666,
        "gt_path_length_m": 20.076281424419662
      },
      "mean_margin": 0.006538846980135674,
      "weights": [
        -0.059387032808001894,
        0.007843545754265126,
        0.016278535648972272,
        -0.01631857629524262,
        0.01626764767686298,
        -0.006247580006937064
      ],
      "feature_mean": [
        0.0,
        0.3787468729284159,
        0.6449682068965517,
        7.681037711176109,
        0.9618584240624547,
        0.07741071551724138
      ],
      "feature_scale": [
        1.0,
        0.037408294579871555,
        0.06810695727012861,
        1.442615841160571,
        0.517416978468281,
        0.05423426231935161
      ]
    },
    {
      "seq": "kitti_seq_08",
      "selector_hits": 16,
      "selector_total": 29,
      "selected_counts": {
        "small_gicp": 24,
        "kiss": 5
      },
      "metrics": {
        "ate_xy_m": 0.6381277366517809,
        "step_length_rmse_m": 0.07207254841572384,
        "step_length_rmse_pct_of_mean_step": 16.87310838678662,
        "gt_path_length_m": 12.387189462332607
      },
      "mean_margin": 0.01547198621302302,
      "weights": [
        -0.04140293800090808,
        -0.0007718604326912797,
        0.012446911382973734,
        -0.015071435066360536,
        -0.002084652850773423,
        -0.01019101371394976
      ],
      "feature_mean": [
        0.0,
        0.35202042818283485,
        0.6495117155172415,
        7.5576465411850995,
        1.0791365750559792,
        0.05508668103448277
      ],
      "feature_scale": [
        1.0,
        0.030650567752954265,
        0.07108988343333829,
        1.3217787148056725,
        0.3789803277291018,
        0.03558575496250865
      ]
    }
  ],
  "full_model": {
    "weights": [
      -0.0512984173762909,
      -0.002120194513052847,
      0.018271396833143584,
      -0.02228913599253219,
      0.004261867870138909,
      -0.009849263711179978
    ],
    "feature_mean": [
      0.0,
      0.3684286070496195,
      0.6511307471264368,
      7.61532510969206,
      0.8775001420587628,
      0.06973109770114945
    ],
    "feature_scale": [
      1.0,
      0.03871586079368416,
      0.06718577468263776,
      1.3827735038358329,
      0.44212643367850196,
      0.049432215759954864
    ]
  }
}
