{
  "diagnostics": [
    "experiments/results/intensity_odometry/selector_diagnostics_kitti_seq_02_30.json",
    "experiments/results/intensity_odometry/selector_diagnostics_kitti_seq_05_30.json",
    "experiments/results/intensity_odometry/selector_diagnostics_kitti_seq_08_30.json"
  ],
  "method_names": [
    "kiss",
    "small_gicp"
  ],
  "feature_names": [
    "bias",
    "cubemap_score",
    "geometry_score",
    "log_overlap",
    "motion_norm",
    "abs_yaw_deg",
    "is_kiss",
    "is_small_gicp"
  ],
  "ridge": 0.001,
  "leave_one_sequence_out": [
    {
      "seq": "kitti_seq_02",
      "selector_hits": 13,
      "selector_total": 29,
      "selected_counts": {
        "small_gicp": 26,
        "kiss": 3
      },
      "metrics": {
        "ate_xy_m": 0.5039214208367708,
        "step_length_rmse_m": 0.057368915585483474,
        "step_length_rmse_pct_of_mean_step": 3.9643073346306537,
        "gt_path_length_m": 41.96694180205441
      },
      "mean_margin": 0.01694705583909765,
      "weights": [
        -0.05310528131996248,
        -0.0029973767949206167,
        0.013254309367916413,
        -0.015855152725737807,
        0.0033311249760217807,
        -0.009423305733927037,
        -0.004030349380831662,
        0.004030349380898449
      ],
      "feature_mean": [
        0.0,
        0.3745185200376077,
        0.6589123189655172,
        7.607291076714955,
        0.5915054270578539,
        0.07669589655172412,
        0.5,
        0.5
      ],
      "feature_scale": [
        1.0,
        0.04177479909423502,
        0.061223400577185096,
        1.3784914739329472,
        0.21334100355065905,
        0.05292434984865747,
        0.5,
        0.5
      ]
    },
    {
      "seq": "kitti_seq_05",
      "selector_hits": 4,
      "selector_total": 29,
      "selected_counts": {
        "kiss": 29
      },
      "metrics": {
        "ate_xy_m": 0.765450134915093,
        "step_length_rmse_m": 0.05503406268875539,
        "step_length_rmse_pct_of_mean_step": 7.949618678051784,
        "gt_path_length_m": 20.076281424419662
      },
      "mean_margin": 0.028999344368928846,
      "weights": [
        -0.05938703280800205,
        0.007821346908013475,
        0.012077012908066764,
        -0.11904438417139858,
        0.011985403944672632,
        -0.006102185249890029,
        0.05337004765387769,
        -0.05337004765407903
      ],
      "feature_mean": [
        0.0,
        0.3787468729284159,
        0.6449682068965517,
        7.681037711176109,
        0.9618584240624547,
        0.07741071551724138,
        0.5,
        0.5
      ],
      "feature_scale": [
        1.0,
        0.037408294579871555,
        0.06810695727012861,
        1.442615841160571,
        0.517416978468281,
        0.05423426231935161,
        0.5,
        0.5
      ]
    },
    {
      "seq": "kitti_seq_08",
      "selector_hits": 10,
      "selector_total": 29,
      "selected_counts": {
        "kiss": 29
      },
      "metrics": {
        "ate_xy_m": 0.8767251609185134,
        "step_length_rmse_m": 0.08237280280071338,
        "step_length_rmse_pct_of_mean_step": 19.28453010656427,
        "gt_path_length_m": 12.387189462332607
      },
      "mean_margin": 0.03415646467419184,
      "weights": [
        -0.041402938000907566,
        -0.0008155768106062706,
        0.011508316459082171,
        0.17008268524159773,
        -0.01243830551078747,
        -0.008835386738177416,
        -0.09190502472842628,
        0.09190502472783131
      ],
      "feature_mean": [
        0.0,
        0.35202042818283485,
        0.6495117155172415,
        7.5576465411850995,
        1.0791365750559792,
        0.05508668103448277,
        0.5,
        0.5
      ],
      "feature_scale": [
        1.0,
        0.030650567752954265,
        0.07108988343333829,
        1.3217787148056725,
        0.3789803277291018,
        0.03558575496250865,
        0.5,
        0.5
      ]
    }
  ],
  "full_model": {
    "weights": [
      -0.05129841737629084,
      -0.0025468360555756407,
      0.01927439482847998,
      -0.012141650128492441,
      0.004335019812596358,
      -0.00985075093713982,
      -0.005543227431133036,
      0.00554322743112305
    ],
    "feature_mean": [
      0.0,
      0.3684286070496195,
      0.6511307471264368,
      7.61532510969206,
      0.8775001420587628,
      0.06973109770114945,
      0.5,
      0.5
    ],
    "feature_scale": [
      1.0,
      0.03871586079368416,
      0.06718577468263776,
      1.3827735038358329,
      0.44212643367850196,
      0.049432215759954864,
      0.5,
      0.5
    ]
  }
}
