{
  "diagnostics": [
    "experiments/results/intensity_odometry/selector_diagnostics_kitti_seq_02_30.json",
    "experiments/results/intensity_odometry/selector_diagnostics_kitti_seq_05_30.json",
    "experiments/results/intensity_odometry/selector_diagnostics_kitti_seq_08_30.json"
  ],
  "method_names": [
    "kiss",
    "small_gicp"
  ],
  "feature_names": [
    "bias",
    "cubemap_score",
    "geometry_score",
    "log_overlap",
    "motion_norm",
    "abs_yaw_deg",
    "shared_residual_score",
    "shared_residual_rmse",
    "shared_inlier_ratio",
    "shared_stability_score",
    "shared_stability_mean_delta",
    "shared_stability_min_delta",
    "is_kiss",
    "is_small_gicp"
  ],
  "ridge": 0.001,
  "feature_set": "shared",
  "leave_one_sequence_out": [
    {
      "seq": "kitti_seq_02",
      "selector_hits": 15,
      "selector_total": 29,
      "selected_counts": {
        "small_gicp": 20,
        "kiss": 9
      },
      "metrics": {
        "ate_xy_m": 0.39962089523338395,
        "step_length_rmse_m": 0.053455854190353834,
        "step_length_rmse_pct_of_mean_step": 3.6939069299645113,
        "gt_path_length_m": 41.96694180205441
      },
      "mean_margin": 0.012907847863743327,
      "weights": [
        -0.05310528131996164,
        0.002432467534610066,
        0.01711448536414674,
        0.03452091762065924,
        -0.004100532895508228,
        -0.011040521682387458,
        0.032942971891027135,
        0.029382937993365776,
        -0.016206216591033114,
        0.10443700143771242,
        -0.09124332468193797,
        0.013656183136940942,
        -0.03051382372376145,
        0.030513823723699148
      ],
      "feature_mean": [
        0.0,
        0.3745185200376077,
        0.6589123189655172,
        7.607291076714955,
        0.5915054270578539,
        0.07669589655172412,
        0.8659324149604886,
        0.2203583049086104,
        0.9548105092779955,
        0.1662447757853815,
        0.016550170064375213,
        0.005576305100754948,
        0.5,
        0.5
      ],
      "feature_scale": [
        1.0,
        0.04177479909423502,
        0.061223400577185096,
        1.3784914739329472,
        0.21334100355065905,
        0.05292434984865747,
        0.014071013639368307,
        0.01466756717350578,
        0.009216610124689207,
        0.06015504004876802,
        0.004848981837723107,
        0.008257770869110273,
        0.5,
        0.5
      ]
    },
    {
      "seq": "kitti_seq_05",
      "selector_hits": 6,
      "selector_total": 29,
      "selected_counts": {
        "kiss": 27,
        "small_gicp": 2
      },
      "metrics": {
        "ate_xy_m": 0.6772622679603648,
        "step_length_rmse_m": 0.05063576649704872,
        "step_length_rmse_pct_of_mean_step": 7.314288923188177,
        "gt_path_length_m": 20.076281424419662
      },
      "mean_margin": 0.02614165577504926,
      "weights": [
        -0.05938703280800183,
        0.010893954539362163,
        0.012460693119546328,
        -0.14233539877029935,
        0.007537045018796826,
        -0.001447326791812563,
        -0.027451664317141494,
        0.0039367321014428846,
        0.021456529347189186,
        0.04163147002715027,
        -0.0256594510397171,
        0.01249257063699378,
        0.06366254852403351,
        -0.06366254852284477
      ],
      "feature_mean": [
        0.0,
        0.3787468729284159,
        0.6449682068965517,
        7.681037711176109,
        0.9618584240624547,
        0.07741071551724138,
        0.8503043750384948,
        0.2314062844886049,
        0.9447844046915947,
        0.11749450324658303,
        0.01289650301260523,
        0.003047627977071968,
        0.5,
        0.5
      ],
      "feature_scale": [
        1.0,
        0.037408294579871555,
        0.06810695727012861,
        1.442615841160571,
        0.517416978468281,
        0.05423426231935161,
        0.00919817193381303,
        0.01092051978582141,
        0.009108690531163583,
        0.03218288693518926,
        0.002914211125248305,
        0.006991211925444439,
        0.5,
        0.5
      ]
    },
    {
      "seq": "kitti_seq_08",
      "selector_hits": 11,
      "selector_total": 29,
      "selected_counts": {
        "kiss": 28,
        "small_gicp": 1
      },
      "metrics": {
        "ate_xy_m": 0.8244698806840459,
        "step_length_rmse_m": 0.07751089654463351,
        "step_length_rmse_pct_of_mean_step": 18.146295466212155,
        "gt_path_length_m": 12.387189462332607
      },
      "mean_margin": 0.02684232120066744,
      "weights": [
        -0.04140293800090748,
        0.001582136213307131,
        0.010188589953693334,
        0.1366858817825282,
        -0.013105604405052202,
        -0.008335140261930052,
        -0.007076493968697701,
        0.0064625713160738766,
        -0.0011409547081897363,
        -0.012256925559443164,
        0.019116690316805903,
        0.011731986733685472,
        -0.07544673895776605,
        0.07544673895815476
      ],
      "feature_mean": [
        0.0,
        0.35202042818283485,
        0.6495117155172415,
        7.5576465411850995,
        1.0791365750559792,
        0.05508668103448277,
        0.8631003208252088,
        0.22173589528274676,
        0.9523628673969745,
        0.16615203296864411,
        0.016725450985331715,
        0.00811814736940515,
        0.5,
        0.5
      ],
      "feature_scale": [
        1.0,
        0.030650567752954265,
        0.07108988343333829,
        1.3217787148056725,
        0.3789803277291018,
        0.03558575496250865,
        0.017391459403962025,
        0.012722190132558117,
        0.01290390660941784,
        0.056041826369210436,
        0.004347163770381553,
        0.0048518186145005806,
        0.5,
        0.5
      ]
    }
  ],
  "full_model": {
    "weights": [
      -0.05129841737629067,
      0.003977035552281979,
      0.020526605656454203,
      0.024367434964064048,
      0.0069188953007436795,
      -0.007493189206017334,
      -0.01921757055069091,
      0.013162408867086606,
      0.010082740777213545,
      0.07691267464199815,
      -0.05006950486566963,
      0.010622465771904819,
      -0.024485877141769644,
      0.02448587714173263
    ],
    "feature_mean": [
      0.0,
      0.3684286070496195,
      0.6511307471264368,
      7.61532510969206,
      0.8775001420587628,
      0.06973109770114945,
      0.8597790369413972,
      0.22450016155998734,
      0.9506525937888546,
      0.14996377066686958,
      0.015390708020770725,
      0.005580693482410695,
      0.5,
      0.5
    ],
    "feature_scale": [
      1.0,
      0.03871586079368416,
      0.06718577468263776,
      1.3827735038358329,
      0.44212643367850196,
      0.049432215759954864,
      0.01553197624064571,
      0.013768806283625349,
      0.011388208689667887,
      0.055905985512521926,
      0.004481444477932308,
      0.00715222762785765,
      0.5,
      0.5
    ]
  }
}
