{
  "diagnostics": [
    "experiments/results/intensity_odometry/selector_diagnostics_kitti_seq_02_30.json",
    "experiments/results/intensity_odometry/selector_diagnostics_kitti_seq_05_30.json",
    "experiments/results/intensity_odometry/selector_diagnostics_kitti_seq_08_30.json"
  ],
  "method_names": [
    "kiss",
    "small_gicp"
  ],
  "feature_names": [
    "bias",
    "cubemap_score",
    "geometry_score",
    "log_overlap",
    "motion_norm",
    "abs_yaw_deg",
    "shared_residual_score",
    "shared_residual_rmse",
    "shared_inlier_ratio",
    "shared_stability_score",
    "shared_stability_mean_delta",
    "shared_stability_min_delta"
  ],
  "ridge": 0.001,
  "feature_set": "shared_no_method",
  "leave_one_sequence_out": [
    {
      "seq": "kitti_seq_02",
      "selector_hits": 17,
      "selector_total": 29,
      "selected_counts": {
        "small_gicp": 22,
        "kiss": 7
      },
      "metrics": {
        "ate_xy_m": 0.3904741872599635,
        "step_length_rmse_m": 0.051001171052353474,
        "step_length_rmse_pct_of_mean_step": 3.524283393091673,
        "gt_path_length_m": 41.96694180205441
      },
      "mean_margin": 0.01356355313523612,
      "weights": [
        -0.05310528131996198,
        0.0033170264639372908,
        0.012479842596808522,
        -0.022110888753425362,
        -0.006248914713517686,
        -0.012216382122422972,
        0.015701011820253075,
        0.025305722638042073,
        -0.007370289187801374,
        0.10229514008884509,
        -0.08601250488535928,
        0.014207361506427285
      ],
      "feature_mean": [
        0.0,
        0.3745185200376077,
        0.6589123189655172,
        7.607291076714955,
        0.5915054270578539,
        0.07669589655172412,
        0.8659324149604886,
        0.2203583049086104,
        0.9548105092779955,
        0.1662447757853815,
        0.016550170064375213,
        0.005576305100754948
      ],
      "feature_scale": [
        1.0,
        0.04177479909423502,
        0.061223400577185096,
        1.3784914739329472,
        0.21334100355065905,
        0.05292434984865747,
        0.014071013639368307,
        0.01466756717350578,
        0.009216610124689207,
        0.06015504004876802,
        0.004848981837723107,
        0.008257770869110273
      ]
    },
    {
      "seq": "kitti_seq_05",
      "selector_hits": 20,
      "selector_total": 29,
      "selected_counts": {
        "kiss": 9,
        "small_gicp": 20
      },
      "metrics": {
        "ate_xy_m": 0.34886988297615534,
        "step_length_rmse_m": 0.03294700692850998,
        "step_length_rmse_pct_of_mean_step": 4.759164213371792,
        "gt_path_length_m": 20.076281424419662
      },
      "mean_margin": 0.01401135897836215,
      "weights": [
        -0.05938703280800171,
        0.010943839262657355,
        0.017997226178173075,
        -0.020000415334684784,
        0.01250275165127217,
        -0.00228762534093201,
        -0.024357871513888307,
        0.005474125485802043,
        0.018030006595514608,
        0.03953064336404531,
        -0.02403447357873374,
        0.011590653131133713
      ],
      "feature_mean": [
        0.0,
        0.3787468729284159,
        0.6449682068965517,
        7.681037711176109,
        0.9618584240624547,
        0.07741071551724138,
        0.8503043750384948,
        0.2314062844886049,
        0.9447844046915947,
        0.11749450324658303,
        0.01289650301260523,
        0.003047627977071968
      ],
      "feature_scale": [
        1.0,
        0.037408294579871555,
        0.06810695727012861,
        1.442615841160571,
        0.517416978468281,
        0.05423426231935161,
        0.00919817193381303,
        0.01092051978582141,
        0.009108690531163583,
        0.03218288693518926,
        0.002914211125248305,
        0.006991211925444439
      ]
    },
    {
      "seq": "kitti_seq_08",
      "selector_hits": 23,
      "selector_total": 29,
      "selected_counts": {
        "small_gicp": 23,
        "kiss": 6
      },
      "metrics": {
        "ate_xy_m": 0.4986447094669977,
        "step_length_rmse_m": 0.05926589656394099,
        "step_length_rmse_pct_of_mean_step": 13.87490685906278,
        "gt_path_length_m": 12.387189462332607
      },
      "mean_margin": 0.02161859863827726,
      "weights": [
        -0.041402938000907864,
        0.0017773686066939064,
        0.010631003720470359,
        -0.015089237915444819,
        -0.004762932697138708,
        -0.009726602482610917,
        -0.014145500360911206,
        0.008538594440807887,
        0.003887405438365125,
        -0.002314690084272689,
        0.01272601068467132,
        0.013561953810176351
      ],
      "feature_mean": [
        0.0,
        0.35202042818283485,
        0.6495117155172415,
        7.5576465411850995,
        1.0791365750559792,
        0.05508668103448277,
        0.8631003208252088,
        0.22173589528274676,
        0.9523628673969745,
        0.16615203296864411,
        0.016725450985331715,
        0.00811814736940515
      ],
      "feature_scale": [
        1.0,
        0.030650567752954265,
        0.07108988343333829,
        1.3217787148056725,
        0.3789803277291018,
        0.03558575496250865,
        0.017391459403962025,
        0.012722190132558117,
        0.01290390660941784,
        0.056041826369210436,
        0.004347163770381553,
        0.0048518186145005806
      ]
    }
  ],
  "full_model": {
    "weights": [
      -0.051298417376291074,
      0.004668116155847674,
      0.017559357241544307,
      -0.0218652262409279,
      0.004791530594529073,
      -0.007861262514712383,
      -0.0319798494182437,
      0.010480418944863545,
      0.018137305753799772,
      0.07216014974889054,
      -0.04449834448667964,
      0.011220561822100432
    ],
    "feature_mean": [
      0.0,
      0.3684286070496195,
      0.6511307471264368,
      7.61532510969206,
      0.8775001420587628,
      0.06973109770114945,
      0.8597790369413972,
      0.22450016155998734,
      0.9506525937888546,
      0.14996377066686958,
      0.015390708020770725,
      0.005580693482410695
    ],
    "feature_scale": [
      1.0,
      0.03871586079368416,
      0.06718577468263776,
      1.3827735038358329,
      0.44212643367850196,
      0.049432215759954864,
      0.01553197624064571,
      0.013768806283625349,
      0.011388208689667887,
      0.055905985512521926,
      0.004481444477932308,
      0.00715222762785765
    ]
  }
}
