{
  "diagnostics": [
    "experiments/results/intensity_odometry/window_benchmark_smoke2/results/selector_diagnostics_kitti_seq_02_start0000_30.json",
    "experiments/results/intensity_odometry/window_benchmark_smoke2/results/selector_diagnostics_kitti_seq_02_start0030_30.json",
    "experiments/results/intensity_odometry/window_benchmark_smoke2/results/selector_diagnostics_kitti_seq_05_start0000_30.json",
    "experiments/results/intensity_odometry/window_benchmark_smoke2/results/selector_diagnostics_kitti_seq_05_start0030_30.json",
    "experiments/results/intensity_odometry/window_benchmark_smoke2/results/selector_diagnostics_kitti_seq_08_start0000_30.json",
    "experiments/results/intensity_odometry/window_benchmark_smoke2/results/selector_diagnostics_kitti_seq_08_start0030_30.json"
  ],
  "method_names": [
    "kiss",
    "small_gicp"
  ],
  "feature_names": [
    "bias",
    "cubemap_score",
    "geometry_score",
    "log_overlap",
    "motion_norm",
    "abs_yaw_deg",
    "shared_residual_score",
    "shared_residual_rmse",
    "shared_inlier_ratio",
    "shared_stability_score",
    "shared_stability_mean_delta",
    "shared_stability_min_delta"
  ],
  "ridge": 0.001,
  "feature_set": "shared_no_method",
  "held_out_seq": "kitti_seq_05_start0000",
  "full_model": {
    "weights": [
      -0.061545583693141004,
      0.0,
      0.011520457804305332,
      -0.008584875462502828,
      0.001068088954675316,
      -0.006208776878235225,
      0.005142339803215823,
      0.01876225616301423,
      -0.008126539284187736,
      0.008421740992680832,
      0.0048156051497242535,
      0.01066367029328008
    ],
    "feature_mean": [
      0.0,
      -1.0,
      0.6481745172413794,
      7.624537221602099,
      0.8455156897538513,
      0.4710473586206901,
      0.8534807519114285,
      0.2320896363031221,
      0.9480169582446465,
      0.12258578461340906,
      0.013096078268608626,
      0.0013517032622196274
    ],
    "feature_scale": [
      1.0,
      1.0,
      0.07021325846002194,
      1.3986779345893512,
      0.4797226607418552,
      0.7160025310970595,
      0.011710605691567982,
      0.017718806256270092,
      0.008414962488179896,
      0.05222294686971457,
      0.004542460400983491,
      0.0063424015617473545
    ]
  }
}
