{
  "diagnostics": [
    "experiments/results/intensity_odometry/window_benchmark_smoke2/results/selector_diagnostics_kitti_seq_02_start0000_30.json",
    "experiments/results/intensity_odometry/window_benchmark_smoke2/results/selector_diagnostics_kitti_seq_02_start0030_30.json",
    "experiments/results/intensity_odometry/window_benchmark_smoke2/results/selector_diagnostics_kitti_seq_05_start0000_30.json",
    "experiments/results/intensity_odometry/window_benchmark_smoke2/results/selector_diagnostics_kitti_seq_05_start0030_30.json",
    "experiments/results/intensity_odometry/window_benchmark_smoke2/results/selector_diagnostics_kitti_seq_08_start0000_30.json",
    "experiments/results/intensity_odometry/window_benchmark_smoke2/results/selector_diagnostics_kitti_seq_08_start0030_30.json"
  ],
  "method_names": [
    "kiss",
    "small_gicp"
  ],
  "feature_names": [
    "bias",
    "cubemap_score",
    "geometry_score",
    "log_overlap",
    "motion_norm",
    "abs_yaw_deg",
    "shared_residual_score",
    "shared_residual_rmse",
    "shared_inlier_ratio",
    "shared_stability_score",
    "shared_stability_mean_delta",
    "shared_stability_min_delta"
  ],
  "ridge": 0.001,
  "feature_set": "shared_no_method",
  "leave_one_sequence_out": [
    {
      "seq": "kitti_seq_02_start0000",
      "selector_hits": 19,
      "selector_total": 29,
      "selected_counts": {
        "kiss": 19,
        "small_gicp": 10
      },
      "metrics": {
        "ate_xy_m": 0.32778735245630086,
        "step_length_rmse_m": 0.042002262623447036,
        "step_length_rmse_pct_of_mean_step": 2.9024407397260865,
        "gt_path_length_m": 41.96694180205441
      },
      "mean_margin": 0.011092833622783122,
      "weights": [
        -0.05903288309792549,
        0.0,
        0.011108684475130666,
        -0.011422831970493418,
        -0.0016587604102588072,
        -0.00564413746500537,
        0.019444812541738556,
        0.02747477368801142,
        -0.014295873543827305,
        0.02366236529666828,
        -0.009242929433040593,
        0.012661181370431434
      ],
      "feature_mean": [
        0.0,
        -1.0,
        0.6537521620689657,
        7.59503856781764,
        0.6973744909520109,
        0.47076143103448315,
        0.8597319678802259,
        0.2276704444711243,
        0.9520274000792067,
        0.1420858936289284,
        0.014557545089316625,
        0.00236317411169282
      ],
      "feature_scale": [
        1.0,
        1.0,
        0.06771040086679961,
        1.371827669652403,
        0.37376445900285404,
        0.7161205924693931,
        0.014191449002843855,
        0.019688616383385992,
        0.00835465061124858,
        0.06428228936910571,
        0.005409475808135303,
        0.007274401592536991
      ]
    },
    {
      "seq": "kitti_seq_02_start0030",
      "selector_hits": 8,
      "selector_total": 29,
      "selected_counts": {
        "small_gicp": 25,
        "kiss": 4
      },
      "metrics": {
        "ate_xy_m": 0.2845086221477267,
        "step_length_rmse_m": 0.050762858687039676,
        "step_length_rmse_pct_of_mean_step": 4.650603871277544,
        "gt_path_length_m": 31.654446232586803
      },
      "mean_margin": 0.01015005183644835,
      "weights": [
        -0.05556983978132274,
        0.0,
        0.00811645883337893,
        -0.013111521492178247,
        -0.0020118167015219252,
        -0.006551539728237796,
        0.0059717673270715055,
        0.012275524838960642,
        -0.01018875017387571,
        0.028286838850906455,
        -0.017575591917273516,
        0.016738453317962587
      ],
      "feature_mean": [
        0.0,
        -1.0,
        0.6555876758620692,
        7.587555871331907,
        0.7665781069547399,
        0.25743633448275866,
        0.8604375239075461,
        0.2229923127584168,
        0.9507264883826718,
        0.15335912791042972,
        0.015679144156565076,
        0.003937352958846469
      ],
      "feature_scale": [
        1.0,
        1.0,
        0.06667366999295458,
        1.363751104178617,
        0.4621091841725038,
        0.5894291658574203,
        0.013859167064230932,
        0.014216406157404897,
        0.009899311213026145,
        0.052945681640361626,
        0.004235132328114487,
        0.007048594885147936
      ]
    },
    {
      "seq": "kitti_seq_05_start0000",
      "selector_hits": 16,
      "selector_total": 29,
      "selected_counts": {
        "kiss": 15,
        "small_gicp": 14
      },
      "metrics": {
        "ate_xy_m": 0.3368915976503786,
        "step_length_rmse_m": 0.03430260992833806,
        "step_length_rmse_pct_of_mean_step": 4.954979793777021,
        "gt_path_length_m": 20.076281424419662
      },
      "mean_margin": 0.00810928657433511,
      "weights": [
        -0.061545583693141004,
        0.0,
        0.011520457804305332,
        -0.008584875462502828,
        0.001068088954675316,
        -0.006208776878235225,
        0.005142339803215823,
        0.01876225616301423,
        -0.008126539284187736,
        0.008421740992680832,
        0.0048156051497242535,
        0.01066367029328008
      ],
      "feature_mean": [
        0.0,
        -1.0,
        0.6481745172413794,
        7.624537221602099,
        0.8455156897538513,
        0.4710473586206901,
        0.8534807519114285,
        0.2320896363031221,
        0.9480169582446465,
        0.12258578461340906,
        0.013096078268608626,
        0.0013517032622196274
      ],
      "feature_scale": [
        1.0,
        1.0,
        0.07021325846002194,
        1.3986779345893512,
        0.4797226607418552,
        0.7160025310970595,
        0.011710605691567982,
        0.017718806256270092,
        0.008414962488179896,
        0.05222294686971457,
        0.004542460400983491,
        0.0063424015617473545
      ]
    },
    {
      "seq": "kitti_seq_05_start0030",
      "selector_hits": 13,
      "selector_total": 29,
      "selected_counts": {
        "small_gicp": 10,
        "kiss": 19
      },
      "metrics": {
        "ate_xy_m": 0.4986944486786446,
        "step_length_rmse_m": 0.06533463527785373,
        "step_length_rmse_pct_of_mean_step": 6.291083765473793,
        "gt_path_length_m": 30.11729764998709
      },
      "mean_margin": 0.010259141669893019,
      "weights": [
        -0.057697114191493135,
        0.0,
        0.016165483830918925,
        -0.012485457543205875,
        0.0026409891602862078,
        -0.005320520908841452,
        0.014438709533347747,
        0.024712925549025738,
        -0.013042365802567416,
        0.013197978285078977,
        0.003490411135395895,
        0.012171982731583795
      ],
      "feature_mean": [
        0.0,
        -1.0,
        0.6493623724137934,
        7.650288652247404,
        0.7815276134346417,
        0.47752632758620717,
        0.8555874233140783,
        0.2297383646997014,
        0.9494060582078248,
        0.13119690381559526,
        0.01376032696363362,
        0.0030727344924242573
      ],
      "feature_scale": [
        1.0,
        1.0,
        0.0706439991514954,
        1.4162238357284236,
        0.47222256378621413,
        0.7121554646466426,
        0.014522017203390683,
        0.01932472650976021,
        0.009838633128569845,
        0.06099383787830986,
        0.005168705523370893,
        0.007327436488217437
      ]
    },
    {
      "seq": "kitti_seq_08_start0000",
      "selector_hits": 21,
      "selector_total": 29,
      "selected_counts": {
        "small_gicp": 15,
        "kiss": 14
      },
      "metrics": {
        "ate_xy_m": 0.5939865924696168,
        "step_length_rmse_m": 0.06270125463401956,
        "step_length_rmse_pct_of_mean_step": 14.679168264244502,
        "gt_path_length_m": 12.387189462332607
      },
      "mean_margin": 0.011987434235009075,