problem_id,problem_status,selector,dataset,contract_type,variant_id,variant_label,run_status,ate_m,rpe_trans_pct,rpe_rot_deg_per_m,fps,frames,decision,is_current_default,host_cpu,aggregate_path
aloam_profile_tradeoff_hdl_400_reference,ready,aloam,hdl_400_open_ct_lio_120,reference-based,dense,Dense,OK,0.161285,,,6.890227,120,Keep as reference variant,false,,experiments/results/aloam_hdl_400_reference_matrix.json
aloam_profile_tradeoff_hdl_400_reference,ready,aloam,hdl_400_open_ct_lio_120,reference-based,fast,Fast,OK,0.192990,,,13.770110,120,Adopt as current default,true,,experiments/results/aloam_hdl_400_reference_matrix.json
aloam_profile_tradeoff_hdl_400_reference,ready,aloam,hdl_400_open_ct_lio_120,reference-based,kitti_default,KITTI default,OK,0.145725,,,4.294755,120,Keep as reference variant,false,,experiments/results/aloam_hdl_400_reference_matrix.json
aloam_profile_tradeoff_kitti_raw_0009,ready,aloam,kitti_raw_0009_200,gt-backed,dense,Dense,timeout_budget,,,,,None,Rejected for this run,false,,experiments/results/aloam_kitti_raw_0009_matrix.json
aloam_profile_tradeoff_kitti_raw_0009,ready,aloam,kitti_raw_0009_200,gt-backed,fast,Fast,OK,3.469743,1.714749,0.005369,3.116834,196,Adopt as current default,true,,experiments/results/aloam_kitti_raw_0009_matrix.json
aloam_profile_tradeoff_kitti_raw_0009,ready,aloam,kitti_raw_0009_200,gt-backed,kitti_default,KITTI default,timeout_budget,,,,,None,Rejected for this run,false,,experiments/results/aloam_kitti_raw_0009_matrix.json
aloam_profile_tradeoff_kitti_raw_0009_nogt,ready,aloam,kitti_raw_0009_200,gt-backed,dense,Dense,OK,3.198996,1.886073,0.006581,1.977583,196,Keep as reference variant,false,,experiments/results/aloam_kitti_raw_0009_nogt_matrix.json
aloam_profile_tradeoff_kitti_raw_0009_nogt,ready,aloam,kitti_raw_0009_200,gt-backed,fast,Fast,OK,3.469743,1.714749,0.005369,4.152710,196,Adopt as current default,true,,experiments/results/aloam_kitti_raw_0009_nogt_matrix.json
aloam_profile_tradeoff_kitti_raw_0009_nogt,ready,aloam,kitti_raw_0009_200,gt-backed,kitti_default,KITTI default,OK,3.289618,1.865788,0.006744,1.646761,196,Keep as reference variant,false,,experiments/results/aloam_kitti_raw_0009_nogt_matrix.json
aloam_profile_tradeoff_kitti_raw_0009_full,ready,aloam,kitti_raw_0009_full,gt-backed,dense,Dense,OK,6.186694,,,2.659582,443,Keep as reference variant,false,,experiments/results/aloam_kitti_raw_0009_full_matrix.json
aloam_profile_tradeoff_kitti_raw_0009_full,ready,aloam,kitti_raw_0009_full,gt-backed,fast,Fast,OK,6.104840,,,5.779396,443,Adopt as current default,true,,experiments/results/aloam_kitti_raw_0009_full_matrix.json
aloam_profile_tradeoff_kitti_raw_0009_full,ready,aloam,kitti_raw_0009_full,gt-backed,kitti_default,KITTI default,OK,6.463034,,,2.626192,443,Keep as reference variant,false,,experiments/results/aloam_kitti_raw_0009_full_matrix.json
aloam_profile_tradeoff_kitti_raw_0061,ready,aloam,kitti_raw_0061_200,gt-backed,dense,Dense,OK,0.539576,,,2.863376,200,Keep as reference variant,false,,experiments/results/aloam_kitti_raw_0061_matrix.json
aloam_profile_tradeoff_kitti_raw_0061,ready,aloam,kitti_raw_0061_200,gt-backed,fast,Fast,OK,0.526859,,,6.002368,200,Adopt as current default,true,,experiments/results/aloam_kitti_raw_0061_matrix.json
aloam_profile_tradeoff_kitti_raw_0061,ready,aloam,kitti_raw_0061_200,gt-backed,kitti_default,KITTI default,OK,0.458742,,,2.667263,200,Keep as reference variant,false,,experiments/results/aloam_kitti_raw_0061_matrix.json
aloam_profile_tradeoff_kitti_raw_0061_full,ready,aloam,kitti_raw_0061_full,gt-backed,dense,Dense,OK,4.915405,,,2.761049,703,Keep as reference variant,false,,experiments/results/aloam_kitti_raw_0061_full_matrix.json
aloam_profile_tradeoff_kitti_raw_0061_full,ready,aloam,kitti_raw_0061_full,gt-backed,fast,Fast,OK,3.653679,,,6.006798,703,Adopt as current default,true,,experiments/results/aloam_kitti_raw_0061_full_matrix.json
aloam_profile_tradeoff_kitti_raw_0061_full,ready,aloam,kitti_raw_0061_full,gt-backed,kitti_default,KITTI default,OK,5.696743,,,2.570315,703,Keep as reference variant,false,,experiments/results/aloam_kitti_raw_0061_full_matrix.json
aloam_kitti_seq_00_full_transfer,ready,aloam,kitti_seq_00_full,gt-backed,fast,Fast,OK,19.120561,0.893428,0.007859,3.048415,4541,Adopt as current default,true,11th Gen Intel(R) Core(TM) i5-1145G7 @ 2.60GHz,experiments/results/aloam_kitti_seq_00_full_transfer_matrix.json
aloam_kitti_seq_00_full_transfer,ready,aloam,kitti_seq_00_full,gt-backed,kitti_default,KITTI default,OK,12.043760,0.891327,0.006752,1.264713,4541,Keep as reference variant,false,11th Gen Intel(R) Core(TM) i5-1145G7 @ 2.60GHz,experiments/results/aloam_kitti_seq_00_full_transfer_matrix.json
aloam_kitti_seq_02_full_transfer,ready,aloam,kitti_seq_02_full,gt-backed,fast,Fast,OK,70.869561,0.960943,0.006722,3.183522,4661,Adopt as current default,true,11th Gen Intel(R) Core(TM) i5-1145G7 @ 2.60GHz,experiments/results/aloam_kitti_seq_02_full_transfer_matrix.json
aloam_kitti_seq_02_full_transfer,ready,aloam,kitti_seq_02_full,gt-backed,kitti_default,KITTI default,OK,50.114358,0.923231,0.006350,1.268892,4661,Keep as reference variant,false,11th Gen Intel(R) Core(TM) i5-1145G7 @ 2.60GHz,experiments/results/aloam_kitti_seq_02_full_transfer_matrix.json
aloam_kitti_seq_05_full_transfer,ready,aloam,kitti_seq_05_full,gt-backed,fast,Fast,OK,7.795592,0.577365,0.005857,3.023642,2761,Adopt as current default,true,11th Gen Intel(R) Core(TM) i5-1145G7 @ 2.60GHz,experiments/results/aloam_kitti_seq_05_full_transfer_matrix.json
aloam_kitti_seq_05_full_transfer,ready,aloam,kitti_seq_05_full,gt-backed,kitti_default,KITTI default,OK,4.839948,0.528651,0.005662,1.182217,2761,Keep as reference variant,false,11th Gen Intel(R) Core(TM) i5-1145G7 @ 2.60GHz,experiments/results/aloam_kitti_seq_05_full_transfer_matrix.json
aloam_kitti_seq_07_full_sweep,ready,aloam,kitti_seq_07_full,gt-backed,dense,Dense,OK,4.768700,0.617924,0.007295,0.818365,1101,Keep as reference variant,false,11th Gen Intel(R) Core(TM) i5-1145G7 @ 2.60GHz,experiments/results/aloam_kitti_seq_07_full_sweep_matrix.json
aloam_kitti_seq_07_full_sweep,ready,aloam,kitti_seq_07_full,gt-backed,fast,Fast,OK,4.030193,0.690750,0.006795,1.745914,1101,Adopt as current default,true,11th Gen Intel(R) Core(TM) i5-1145G7 @ 2.60GHz,experiments/results/aloam_kitti_seq_07_full_sweep_matrix.json
aloam_kitti_seq_07_full_sweep,ready,aloam,kitti_seq_07_full,gt-backed,kitti_default,KITTI default,OK,2.544355,0.607458,0.005883,0.638765,1101,Keep as reference variant,false,11th Gen Intel(R) Core(TM) i5-1145G7 @ 2.60GHz,experiments/results/aloam_kitti_seq_07_full_sweep_matrix.json
aloam_kitti_seq_08_full_transfer,ready,aloam,kitti_seq_08_full,gt-backed,fast,Fast,OK,26.169683,1.436343,0.006181,2.891723,4071,Adopt as current default,true,11th Gen Intel(R) Core(TM) i5-1145G7 @ 2.60GHz,experiments/results/aloam_kitti_seq_08_full_transfer_matrix.json
aloam_kitti_seq_08_full_transfer,ready,aloam,kitti_seq_08_full,gt-backed,kitti_default,KITTI default,OK,18.110228,1.390107,0.005510,1.179692,4071,Keep as reference variant,false,11th Gen Intel(R) Core(TM) i5-1145G7 @ 2.60GHz,experiments/results/aloam_kitti_seq_08_full_transfer_matrix.json
aloam_profile_tradeoff_mcd_kth_day_06,ready,aloam,mcd_kth_day_06_108,gt-backed,dense,Dense,OK,6.111674,,,3.079230,108,Keep as reference variant,false,,experiments/results/aloam_mcd_kth_day_06_matrix.json
aloam_profile_tradeoff_mcd_kth_day_06,ready,aloam,mcd_kth_day_06_108,gt-backed,fast,Fast,OK,6.100331,,,6.663472,108,Adopt as current default,true,,experiments/results/aloam_mcd_kth_day_06_matrix.json
aloam_profile_tradeoff_mcd_kth_day_06,ready,aloam,mcd_kth_day_06_108,gt-backed,kitti_default,KITTI default,OK,6.077142,,,2.410236,108,Keep as reference variant,false,,experiments/results/aloam_mcd_kth_day_06_matrix.json
aloam_profile_tradeoff_mcd_ntu_day_02,ready,aloam,mcd_ntu_day_02_108,gt-backed,dense,Dense,OK,0.034946,,,2.958860,108,Adopt as current default,true,,experiments/results/aloam_mcd_ntu_day_02_matrix.json
aloam_profile_tradeoff_mcd_ntu_day_02,ready,aloam,mcd_ntu_day_02_108,gt-backed,fast,Fast,OK,0.083311,,,5.837544,108,Keep as active challenger,false,,experiments/results/aloam_mcd_ntu_day_02_matrix.json
aloam_profile_tradeoff_mcd_ntu_day_02,ready,aloam,mcd_ntu_day_02_108,gt-backed,kitti_default,KITTI default,OK,0.115156,,,2.403124,108,Keep as reference variant,false,,experiments/results/aloam_mcd_ntu_day_02_matrix.json
aloam_profile_tradeoff_mcd_tuhh_night_09,ready,aloam,mcd_tuhh_night_09_108,gt-backed,dense,Dense,OK,1.335717,,,3.282962,108,Keep as reference variant,false,,experiments/results/aloam_mcd_tuhh_night_09_matrix.json
aloam_profile_tradeoff_mcd_tuhh_night_09,ready,aloam,mcd_tuhh_night_09_108,gt-backed,fast,Fast,OK,1.373994,,,6.473793,108,Adopt as current default,true,,experiments/results/aloam_mcd_tuhh_night_09_matrix.json
aloam_profile_tradeoff_mcd_tuhh_night_09,ready,aloam,mcd_tuhh_night_09_108,gt-backed,kitti_default,KITTI default,OK,1.371689,,,2.565215,108,Keep as reference variant,false,,experiments/results/aloam_mcd_tuhh_night_09_matrix.json
balm2_hdl_400_reference,ready,balm2,hdl_400_open_ct_lio_120,reference-based,default,Default,OK,0.554789,,,1.139547,120,Keep as reference variant,false,,experiments/results/balm2_hdl_400_reference_matrix.json
balm2_hdl_400_reference,ready,balm2,hdl_400_open_ct_lio_120,reference-based,dense,Dense,OK,0.475872,,,0.542627,120,Keep as reference variant,false,,experiments/results/balm2_hdl_400_reference_matrix.json
balm2_hdl_400_reference,ready,balm2,hdl_400_open_ct_lio_120,reference-based,fast,Fast,OK,0.826897,,,8.996424,120,Adopt as current default,true,,experiments/results/balm2_hdl_400_reference_matrix.json
balm2_kitti_raw_0009,ready,balm2,kitti_raw_0009_200,gt-backed,default,Default,timeout_budget,,,,,None,Rejected for this run,false,,experiments/results/balm2_kitti_raw_0009_matrix.json
balm2_kitti_raw_0009,ready,balm2,kitti_raw_0009_200,gt-backed,dense,Dense,timeout_budget,,,,,None,Rejected for this run,false,,experiments/results/balm2_kitti_raw_0009_matrix.json
balm2_kitti_raw_0009,ready,balm2,kitti_raw_0009_200,gt-backed,fast,Fast,OK,2.404908,2.061365,0.006776,4.379069,196,Adopt as current default,true,,experiments/results/balm2_kitti_raw_0009_matrix.json
balm2_kitti_raw_0009_nogt,ready,balm2,kitti_raw_0009_200,gt-backed,default,Default,timeout_budget,,,,,None,Rejected for this run,false,,experiments/results/balm2_kitti_raw_0009_nogt_matrix.json
balm2_kitti_raw_0009_nogt,ready,balm2,kitti_raw_0009_200,gt-backed,dense,Dense,timeout_budget,,,,,None,Rejected for this run,false,,experiments/results/balm2_kitti_raw_0009_nogt_matrix.json
balm2_kitti_raw_0009_nogt,ready,balm2,kitti_raw_0009_200,gt-backed,fast,Fast,OK,2.404908,2.061365,0.006776,6.345011,196,Adopt as current default,true,,experiments/results/balm2_kitti_raw_0009_nogt_matrix.json
balm2_kitti_raw_0009_full,ready,balm2,kitti_raw_0009_full,gt-backed,default,Default,OK,4.576342,,,1.590302,443,Keep as reference variant,false,,experiments/results/balm2_kitti_raw_0009_full_matrix.json
balm2_kitti_raw_0009_full,ready,balm2,kitti_raw_0009_full,gt-backed,dense,Dense,OK,5.974563,,,0.693867,443,Keep as reference variant,false,,experiments/results/balm2_kitti_raw_0009_full_matrix.json
balm2_kitti_raw_0009_full,ready,balm2,kitti_raw_0009_full,gt-backed,fast,Fast,OK,3.337729,,,12.655847,443,Adopt as current default,true,,experiments/results/balm2_kitti_raw_0009_full_matrix.json
balm2_kitti_raw_0061,ready,balm2,kitti_raw_0061_200,gt-backed,default,Default,OK,2.721316,,,1.785542,200,Keep as reference variant,false,,experiments/results/balm2_kitti_raw_0061_matrix.json
balm2_kitti_raw_0061,ready,balm2,kitti_raw_0061_200,gt-backed,dense,Dense,OK,1.882517,,,0.727141,200,Keep as reference variant,false,,experiments/results/balm2_kitti_raw_0061_matrix.json
balm2_kitti_raw_0061,ready,balm2,kitti_raw_0061_200,gt-backed,fast,Fast,OK,2.926082,,,13.186665,200,Adopt as current default,true,,experiments/results/balm2_kitti_raw_0061_matrix.json
balm2_kitti_raw_0061_full,ready,balm2,kitti_raw_0061_full,gt-backed,default,Default,OK,10.035270,,,1.603262,703,Keep as reference variant,false,,experiments/results/balm2_kitti_raw_0061_full_matrix.json
balm2_kitti_raw_0061_full,ready,balm2,kitti_raw_0061_full,gt-backed,dense,Dense,OK,9.533171,,,0.775738,703,Keep as reference variant,false,,experiments/results/balm2_kitti_raw_0061_full_matrix.json
balm2_kitti_raw_0061_full,ready,balm2,kitti_raw_0061_full,gt-backed,fast,Fast,OK,15.574380,,,11.357471,703,Adopt as current default,true,,experiments/results/balm2_kitti_raw_0061_full_matrix.json
balm2_mcd_kth_day_06,ready,balm2,mcd_kth_day_06_108,gt-backed,default,Default,OK,6.192644,,,1.959107,108,Keep as reference variant,false,,experiments/results/balm2_mcd_kth_day_06_matrix.json
balm2_mcd_kth_day_06,ready,balm2,mcd_kth_day_06_108,gt-backed,dense,Dense,OK,6.184281,,,0.663736,108,Keep as reference variant,false,,experiments/results/balm2_mcd_kth_day_06_matrix.json
balm2_mcd_kth_day_06,ready,balm2,mcd_kth_day_06_108,gt-backed,fast,Fast,OK,6.227478,,,13.389958,108,Adopt as current default,true,,experiments/results/balm2_mcd_kth_day_06_matrix.json
balm2_mcd_ntu_day_02,ready,balm2,mcd_ntu_day_02_108,gt-backed,default,Default,OK,0.061874,,,1.596090,108,Keep as reference variant,false,,experiments/results/balm2_mcd_ntu_day_02_matrix.json
balm2_mcd_ntu_day_02,ready,balm2,mcd_ntu_day_02_108,gt-backed,dense,Dense,OK,0.069095,,,0.573365,108,Keep as reference variant,false,,experiments/results/balm2_mcd_ntu_day_02_matrix.json
balm2_mcd_ntu_day_02,ready,balm2,mcd_ntu_day_02_108,gt-backed,fast,Fast,OK,0.171767,,,12.738187,108,Adopt as current default,true,,experiments/results/balm2_mcd_ntu_day_02_matrix.json
balm2_mcd_tuhh_night_09,ready,balm2,mcd_tuhh_night_09_108,gt-backed,default,Default,OK,1.269618,,,2.036145,108,Keep as reference variant,false,,experiments/results/balm2_mcd_tuhh_night_09_matrix.json
balm2_mcd_tuhh_night_09,ready,balm2,mcd_tuhh_night_09_108,gt-backed,dense,Dense,OK,1.314841,,,0.717876,108,Keep as reference variant,false,,experiments/results/balm2_mcd_tuhh_night_09_matrix.json
balm2_mcd_tuhh_night_09,ready,balm2,mcd_tuhh_night_09_108,gt-backed,fast,Fast,OK,1.697580,,,14.612592,108,Adopt as current default,true,,experiments/results/balm2_mcd_tuhh_night_09_matrix.json
clins_hdl_400_public_ros1_synthtime_tradeoff,ready,clins,hdl_400_ros1_open_ct_lio_120_time_index,reference-based,default,Default,OK,484.064284,,,61.271053,120,Keep as reference variant,false,,experiments/results/clins_hdl_400_public_ros1_synthtime_matrix.json
clins_hdl_400_public_ros1_synthtime_tradeoff,ready,clins,hdl_400_ros1_open_ct_lio_120_time_index,reference-based,dense,Dense,OK,1.473223,,,12.200311,120,Adopt as current default,true,,experiments/results/clins_hdl_400_public_ros1_synthtime_matrix.json
clins_hdl_400_public_ros1_synthtime_tradeoff,ready,clins,hdl_400_ros1_open_ct_lio_120_time_index,reference-based,fast,Fast,OK,350.051541,,,100.269128,120,Keep as reference variant,false,,experiments/results/clins_hdl_400_public_ros1_synthtime_matrix.json
ct_icp_profile_tradeoff,ready,ct_icp,autoware_istanbul_open_108,gt-backed,balanced_window,Balanced window,OK,75.075127,,,1.362234,108,Keep as reference variant,false,,experiments/results/ct_icp_profile_matrix.json
ct_icp_profile_tradeoff,ready,ct_icp,autoware_istanbul_open_108,gt-backed,dense_window,Dense window,OK,76.349510,,,0.513653,108,Keep as reference variant,false,,experiments/results/ct_icp_profile_matrix.json
ct_icp_profile_tradeoff,ready,ct_icp,autoware_istanbul_open_108,gt-backed,fast_window,Fast window,OK,79.760529,,,2.745632,108,Adopt as current default,true,,experiments/results/ct_icp_profile_matrix.json
ct_icp_profile_tradeoff_istanbul_window_b,ready,ct_icp,autoware_istanbul_open_108_b,gt-backed,balanced_window,Balanced window,OK,6.819773,,,1.582405,108,Adopt as current default,true,,experiments/results/ct_icp_istanbul_window_b_matrix.json
ct_icp_profile_tradeoff_istanbul_window_b,ready,ct_icp,autoware_istanbul_open_108_b,gt-backed,dense_window,Dense window,OK,22.321940,,,0.607359,108,Keep as reference variant,false,,experiments/results/ct_icp_istanbul_window_b_matrix.json
ct_icp_profile_tradeoff_istanbul_window_b,ready,ct_icp,autoware_istanbul_open_108_b,gt-backed,fast_window,Fast window,OK,35.034607,,,3.128359,108,Keep as reference variant,false,,experiments/results/ct_icp_istanbul_window_b_matrix.json
ct_icp_profile_tradeoff_istanbul_window_c,ready,ct_icp,autoware_istanbul_open_108_c,gt-backed,balanced_window,Balanced window,OK,7.539417,,,1.311901,108,Adopt as current default,true,,experiments/results/ct_icp_istanbul_window_c_matrix.json
ct_icp_profile_tradeoff_istanbul_window_c,ready,ct_icp,autoware_istanbul_open_108_c,gt-backed,dense_window,Dense window,OK,15.284508,,,0.506119,108,Keep as reference variant,false,,experiments/results/ct_icp_istanbul_window_c_matrix.json
ct_icp_profile_tradeoff_istanbul_window_c,ready,ct_icp,autoware_istanbul_open_108_c,gt-backed,fast_window,Fast window,OK,42.692039,,,2.802461,108,Keep as reference variant,false,,experiments/results/ct_icp_istanbul_window_c_matrix.json
ct_icp_profile_tradeoff_hdl_400_reference,ready,ct_icp,hdl_400_open_ct_lio_120,reference-based,balanced_window,Balanced window,OK,1.667679,10.947426,0.802182,38.697069,120,Keep as active challenger,false,,experiments/results/ct_icp_hdl_400_reference_matrix.json
ct_icp_profile_tradeoff_hdl_400_reference,ready,ct_icp,hdl_400_open_ct_lio_120,reference-based,dense_window,Dense window,OK,1.250647,6.524276,0.523655,18.731262,120,Keep as active challenger,false,,experiments/results/ct_icp_hdl_400_reference_matrix.json
ct_icp_profile_tradeoff_hdl_400_reference,ready,ct_icp,hdl_400_open_ct_lio_120,reference-based,fast_window,Fast window,OK,2.582133,20.008269,0.745586,54.942143,120,Adopt as current default,true,,experiments/results/ct_icp_hdl_400_reference_matrix.json
ct_icp_profile_tradeoff_hdl_400_reference_b,ready,ct_icp,hdl_400_open_ct_lio_120_b,reference-based,balanced_window,Balanced window,OK,0.872788,,,1.199157,120,Keep as reference variant,false,,experiments/results/ct_icp_hdl_400_reference_b_matrix.json
ct_icp_profile_tradeoff_hdl_400_reference_b,ready,ct_icp,hdl_400_open_ct_lio_120_b,reference-based,dense_window,Dense window,OK,0.556068,,,0.497522,120,Keep as reference variant,false,,experiments/results/ct_icp_hdl_400_reference_b_matrix.json
ct_icp_profile_tradeoff_hdl_400_reference_b,ready,ct_icp,hdl_400_open_ct_lio_120_b,reference-based,fast_window,Fast window,OK,1.210946,,,2.358097,120,Adopt as current default,true,,experiments/results/ct_icp_hdl_400_reference_b_matrix.json
ct_icp_profile_tradeoff_hdl_400_public_ros1_synthtime,ready,ct_icp,hdl_400_ros1_open_ct_lio_120_time_index,reference-based,balanced_window,Balanced window,OK,1.603630,10.692955,0.808736,29.798352,120,Keep as reference variant,false,,experiments/results/ct_icp_hdl_400_public_ros1_synthtime_matrix.json
ct_icp_profile_tradeoff_hdl_400_public_ros1_synthtime,ready,ct_icp,hdl_400_ros1_open_ct_lio_120_time_index,reference-based,dense_window,Dense window,OK,1.254043,6.505538,0.505498,18.700985,120,Adopt as current default,true,,experiments/results/ct_icp_hdl_400_public_ros1_synthtime_matrix.json
ct_icp_profile_tradeoff_hdl_400_public_ros1_synthtime,ready,ct_icp,hdl_400_ros1_open_ct_lio_120_time_index,reference-based,fast_window,Fast window,OK,2.464608,18.197346,0.819265,65.889548,120,Keep as reference variant,false,,experiments/results/ct_icp_hdl_400_public_ros1_synthtime_matrix.json
ct_icp_kitti_raw_0009_200_recipes,ready,ct_icp,kitti_raw_0009_200,gt-backed,balanced_reference,balanced_window (current best 1.66 m),OK,2.578578,1.605745,0.015756,7.163070,196,Keep as active challenger,false,,experiments/results/ct_icp_kitti_raw_0009_200_recipes_matrix.json
ct_icp_kitti_raw_0009_200_recipes,ready,ct_icp,kitti_raw_0009_200,gt-backed,cluster_a,cluster A (map=50 + c2f σ×2),OK,2.701341,1.732001,0.014737,6.729951,196,Keep as active challenger,false,,experiments/results/ct_icp_kitti_raw_0009_200_recipes_matrix.json
ct_icp_kitti_raw_0009_200_recipes,ready,ct_icp,kitti_raw_0009_200,gt-backed,cluster_d_ms_chol,cluster D (ms_chol),OK,2.578578,1.605745,0.015756,7.198875,196,Adopt as current default,true,,experiments/results/ct_icp_kitti_raw_0009_200_recipes_matrix.json
ct_icp_profile_tradeoff_kitti_raw_0009,ready,ct_icp,kitti_raw_0009_200,gt-backed,balanced_window,Balanced window,OK,2.578578,1.605745,0.015756,8.321141,196,Keep as reference variant,false,,experiments/results/ct_icp_kitti_raw_0009_matrix.json
ct_icp_profile_tradeoff_kitti_raw_0009,ready,ct_icp,kitti_raw_0009_200,gt-backed,dense_window,Dense window,OK,2.578578,1.605745,0.015756,10.459754,196,Keep as reference variant,false,,experiments/results/ct_icp_kitti_raw_0009_matrix.json
ct_icp_profile_tradeoff_kitti_raw_0009,ready,ct_icp,kitti_raw_0009_200,gt-backed,fast_window,Fast window,OK,2.691704,2.158828,0.023410,16.888227,196,Adopt as current default,true,,experiments/results/ct_icp_kitti_raw_0009_matrix.json
ct_icp_profile_tradeoff_kitti_raw_0009_nogt,ready,ct_icp,kitti_raw_0009_200,gt-backed,balanced_window,Balanced window,OK,1.659312,,,44.509873,200,Adopt as current default,true,,experiments/results/ct_icp_kitti_raw_0009_nogt_matrix.json
ct_icp_profile_tradeoff_kitti_raw_0009_nogt,ready,ct_icp,kitti_raw_0009_200,gt-backed,dense_window,Dense window,OK,2.652630,,,26.782801,200,Keep as reference variant,false,,experiments/results/ct_icp_kitti_raw_0009_nogt_matrix.json
ct_icp_profile_tradeoff_kitti_raw_0009_nogt,ready,ct_icp,kitti_raw_0009_200,gt-backed,fast_window,Fast window,OK,2.728022,,,71.419061,200,Keep as active challenger,false,,experiments/results/ct_icp_kitti_raw_0009_nogt_matrix.json
ct_icp_kitti_raw_0009_full_recipes,ready,ct_icp,kitti_raw_0009_full,gt-backed,balanced_reference,balanced_window (current best 4.67 m),OK,4.105433,1.749745,0.020566,7.412343,443,Adopt as current default,true,,experiments/results/ct_icp_kitti_raw_0009_full_recipes_matrix.json
ct_icp_kitti_raw_0009_full_recipes,ready,ct_icp,kitti_raw_0009_full,gt-backed,cluster_a,cluster A (map=50 + c2f σ×2),OK,4.275559,1.497792,0.017086,5.589841,443,Keep as reference variant,false,,experiments/results/ct_icp_kitti_raw_0009_full_recipes_matrix.json
ct_icp_kitti_raw_0009_full_recipes,ready,ct_icp,kitti_raw_0009_full,gt-backed,cluster_d_ms_chol,cluster D (ms_chol),OK,4.105433,1.749745,0.020566,6.417743,443,Keep as active challenger,false,,experiments/results/ct_icp_kitti_raw_0009_full_recipes_matrix.json
ct_icp_profile_tradeoff_kitti_raw_0009_full,ready,ct_icp,kitti_raw_0009_full,gt-backed,balanced_window,Balanced window,OK,4.105433,1.749745,0.020566,7.341775,443,Keep as reference variant,false,,experiments/results/ct_icp_kitti_raw_0009_full_matrix.json
ct_icp_profile_tradeoff_kitti_raw_0009_full,ready,ct_icp,kitti_raw_0009_full,gt-backed,dense_window,Dense window,OK,4.105433,1.749745,0.020566,8.716664,443,Keep as reference variant,false,,experiments/results/ct_icp_kitti_raw_0009_full_matrix.json
ct_icp_profile_tradeoff_kitti_raw_0009_full,ready,ct_icp,kitti_raw_0009_full,gt-backed,fast_window,Fast window,OK,3.871395,2.230246,0.032283,12.692597,443,Adopt as current default,true,,experiments/results/ct_icp_kitti_raw_0009_full_matrix.json
ct_icp_kitti_raw_0061_200_recipes,ready,ct_icp,kitti_raw_0061_200,gt-backed,cluster_a,cluster A (map=50 + c2f σ×2),OK,1.608687,0.787270,0.011318,18.550383,200,Keep as reference variant,false,,experiments/results/ct_icp_kitti_raw_0061_200_recipes_matrix.json
ct_icp_kitti_raw_0061_200_recipes,ready,ct_icp,kitti_raw_0061_200,gt-backed,cluster_d_ms_chol,cluster D (ms_chol),OK,0.943949,1.190644,0.015458,25.572139,200,Keep as reference variant,false,,experiments/results/ct_icp_kitti_raw_0061_200_recipes_matrix.json
ct_icp_kitti_raw_0061_200_recipes,ready,ct_icp,kitti_raw_0061_200,gt-backed,fast_reference,fast_window (current best 1.48 m),OK,1.474966,1.360653,0.035598,59.360702,200,Adopt as current default,true,,experiments/results/ct_icp_kitti_raw_0061_200_recipes_matrix.json
ct_icp_profile_tradeoff_kitti_raw_0061,ready,ct_icp,kitti_raw_0061_200,gt-backed,balanced_window,Balanced window,OK,5.029047,,,33.200844,200,Keep as reference variant,false,,experiments/results/ct_icp_kitti_raw_0061_matrix.json
ct_icp_profile_tradeoff_kitti_raw_0061,ready,ct_icp,kitti_raw_0061_200,gt-backed,dense_window,Dense window,OK,1.960700,,,18.678464,200,Keep as reference variant,false,,experiments/results/ct_icp_kitti_raw_0061_matrix.json
ct_icp_profile_tradeoff_kitti_raw_0061,ready,ct_icp,kitti_raw_0061_200,gt-backed,fast_window,Fast window,OK,1.474966,,,56.877472,200,Adopt as current default,true,,experiments/results/ct_icp_kitti_raw_0061_matrix.json
ct_icp_kitti_raw_0061_full_recipes,ready,ct_icp,kitti_raw_0061_full,gt-backed,cluster_a,cluster A (map=50 + c2f σ×2),OK,6.703084,1.205562,0.021199,18.968951,703,Keep as reference variant,false,,experiments/results/ct_icp_kitti_raw_0061_full_recipes_matrix.json
ct_icp_kitti_raw_0061_full_recipes,ready,ct_icp,kitti_raw_0061_full,gt-backed,cluster_d_ms_chol,cluster D (ms_chol),OK,4.501114,1.532162,0.031082,26.758417,703,Keep as reference variant,false,,experiments/results/ct_icp_kitti_raw_0061_full_recipes_matrix.json
ct_icp_kitti_raw_0061_full_recipes,ready,ct_icp,kitti_raw_0061_full,gt-backed,fast_window_reference,fast_window (current best 6.97 m),OK,6.972412,1.721654,0.039063,57.762810,703,Adopt as current default,true,,experiments/results/ct_icp_kitti_raw_0061_full_recipes_matrix.json
ct_icp_profile_tradeoff_kitti_raw_0061_full,ready,ct_icp,kitti_raw_0061_full,gt-backed,balanced_window,Balanced window,OK,20.357251,,,21.256061,703,Keep as reference variant,false,,experiments/results/ct_icp_kitti_raw_0061_full_matrix.json
ct_icp_profile_tradeoff_kitti_raw_0061_full,ready,ct_icp,kitti_raw_0061_full,gt-backed,dense_window,Dense window,OK,8.893796,,,13.334513,703,Keep as reference variant,false,,experiments/results/ct_icp_kitti_raw_0061_full_matrix.json
ct_icp_profile_tradeoff_kitti_raw_0061_full,ready,ct_icp,kitti_raw_0061_full,gt-backed,fast_window,Fast window,OK,6.972412,,,37.596966,703,Adopt as current default,true,,experiments/results/ct_icp_kitti_raw_0061_full_matrix.json
ct_icp_profile_tradeoff_kitti_seq_00,ready,ct_icp,kitti_seq_00_108,gt-backed,balanced_window,Balanced window,OK,2.313402,2.794854,0.034107,40.026934,108,Keep as reference variant,false,,experiments/results/ct_icp_kitti_seq_00_matrix.json
ct_icp_profile_tradeoff_kitti_seq_00,ready,ct_icp,kitti_seq_00_108,gt-backed,dense_window,Dense window,OK,1.851345,2.430698,0.021937,27.447206,108,Keep as reference variant,false,,experiments/results/ct_icp_kitti_seq_00_matrix.json
ct_icp_profile_tradeoff_kitti_seq_00,ready,ct_icp,kitti_seq_00_108,gt-backed,fast_window,Fast window,OK,2.823569,3.773145,0.047622,74.875346,108,Adopt as current default,true,,experiments/results/ct_icp_kitti_seq_00_matrix.json
ct_icp_kitti_seq_00_corr_bare,ready,ct_icp,kitti_seq_00_full,gt-backed,bare_corr_4,bare + corr=4 (paper-style),OK,16.181063,2.172009,0.027651,22.361241,4541,Keep as active challenger,false,,experiments/results/ct_icp_kitti_seq_00_corr_bare_matrix.json
ct_icp_kitti_seq_00_corr_bare,ready,ct_icp,kitti_seq_00_full,gt-backed,bare_corr_5,bare + corr=5,OK,19.849364,2.142312,0.026540,22.329255,4541,Keep as reference variant,false,,experiments/results/ct_icp_kitti_seq_00_corr_bare_matrix.json
ct_icp_kitti_seq_00_corr_bare,ready,ct_icp,kitti_seq_00_full,gt-backed,bare_corr_8,bare + corr=8,OK,14.968271,2.218115,0.028736,22.332641,4541,Adopt as current default,true,,experiments/results/ct_icp_kitti_seq_00_corr_bare_matrix.json
ct_icp_kitti_seq_00_corr_bare,ready,ct_icp,kitti_seq_00_full,gt-backed,bare_corr_default,bare (dense + iter=6 + map=20) corr=default,OK,17.883148,2.202128,0.027421,20.676783,4541,Keep as reference variant,false,,experiments/results/ct_icp_kitti_seq_00_corr_bare_matrix.json
ct_icp_kitti_seq_00_corr_fine_grid,ready,ct_icp,kitti_seq_00_full,gt-backed,corr_5,corr=5,OK,13.321868,2.176057,0.027836,15.454581,4541,Adopt as current default,true,,experiments/results/ct_icp_kitti_corr_fine_grid_matrix.json
ct_icp_kitti_seq_00_corr_fine_grid,ready,ct_icp,kitti_seq_00_full,gt-backed,corr_6,corr=6,OK,15.092275,2.143593,0.027615,17.322784,4541,Keep as active challenger,false,,experiments/results/ct_icp_kitti_corr_fine_grid_matrix.json
ct_icp_kitti_seq_00_corr_fine_grid,ready,ct_icp,kitti_seq_00_full,gt-backed,corr_7,corr=7,OK,15.931333,2.138610,0.027233,17.338607,4541,Keep as active challenger,false,,experiments/results/ct_icp_kitti_corr_fine_grid_matrix.json
ct_icp_kitti_seq_00_corr_fine_grid,ready,ct_icp,kitti_seq_00_full,gt-backed,corr_8_reference,corr=8 (existing winner),OK,14.362790,2.113483,0.027721,14.188147,4541,Keep as active challenger,false,,experiments/results/ct_icp_kitti_corr_fine_grid_matrix.json
ct_icp_kitti_seq_00_full_cauchy_sweep,ready,ct_icp,kitti_seq_00_full,gt-backed,cauchy_1_5,cauchy=1.5,OK,20.195993,2.173777,0.029089,19.129219,4541,Keep as reference variant,false,,experiments/results/ct_icp_kitti_seq_00_full_cauchy_sweep_matrix.json
ct_icp_kitti_seq_00_full_cauchy_sweep,ready,ct_icp,kitti_seq_00_full,gt-backed,cauchy_2_0_reference,c2f_sigma_only cauchy=2.0 (existing winner),OK,15.927136,2.197159,0.028434,19.386781,4541,Adopt as current default,true,,experiments/results/ct_icp_kitti_seq_00_full_cauchy_sweep_matrix.json
ct_icp_kitti_seq_00_full_cauchy_sweep,ready,ct_icp,kitti_seq_00_full,gt-backed,cauchy_2_5,cauchy=2.5,OK,16.444715,2.158611,0.028392,19.510518,4541,Keep as active challenger,false,,experiments/results/ct_icp_kitti_seq_00_full_cauchy_sweep_matrix.json
ct_icp_kitti_seq_00_full_cauchy_sweep,ready,ct_icp,kitti_seq_00_full,gt-backed,cauchy_3_0,cauchy=3.0,OK,17.887793,2.171549,0.028236,19.071021,4541,Keep as active challenger,false,,experiments/results/ct_icp_kitti_seq_00_full_cauchy_sweep_matrix.json
ct_icp_kitti_seq_00_full_cauchy_sweep,ready,ct_icp,kitti_seq_00_full,gt-backed,cauchy_4_0,cauchy=4.0,OK,19.655681,2.134812,0.028442,18.877339,4541,Keep as reference variant,false,,experiments/results/ct_icp_kitti_seq_00_full_cauchy_sweep_matrix.json
ct_icp_kitti_seq_00_full_coarse_iter_sweep,ready,ct_icp,kitti_seq_00_full,gt-backed,iter_1,coarse_iter=1,OK,17.183303,2.059355,0.028005,19.364223,4541,Keep as active challenger,false,,experiments/results/ct_icp_kitti_seq_00_full_coarse_iter_sweep_matrix.json
ct_icp_kitti_seq_00_full_coarse_iter_sweep,ready,ct_icp,kitti_seq_00_full,gt-backed,iter_2,coarse_iter=2,OK,14.780131,2.110366,0.028141,18.527921,4541,Adopt as current default,true,,experiments/results/ct_icp_kitti_seq_00_full_coarse_iter_sweep_matrix.json
ct_icp_kitti_seq_00_full_coarse_iter_sweep,ready,ct_icp,kitti_seq_00_full,gt-backed,iter_3_reference,coarse_iter=3 (existing winner),OK,15.108765,2.080540,0.026766,16.575586,4541,Keep as active challenger,false,,experiments/results/ct_icp_kitti_seq_00_full_coarse_iter_sweep_matrix.json
ct_icp_kitti_seq_00_full_coarse_iter_sweep,ready,ct_icp,kitti_seq_00_full,gt-backed,iter_4,coarse_iter=4,OK,16.058716,2.106290,0.027957,17.038356,4541,Keep as active challenger,false,,experiments/results/ct_icp_kitti_seq_00_full_coarse_iter_sweep_matrix.json
ct_icp_kitti_seq_00_full_coarse_iter_sweep,ready,ct_icp,kitti_seq_00_full,gt-backed,iter_6,coarse_iter=6,OK,15.582077,2.103860,0.027866,15.765737,4541,Keep as active challenger,false,,experiments/results/ct_icp_kitti_seq_00_full_coarse_iter_sweep_matrix.json
ct_icp_kitti_seq_00_full_corr_dist_sweep,ready,ct_icp,kitti_seq_00_full,gt-backed,corr_16,corr_dist=16 m² (4 m linear),OK,15.164182,2.102231,0.027763,17.302292,4541,Keep as active challenger,false,,experiments/results/ct_icp_kitti_seq_00_full_corr_dist_sweep_matrix.json
ct_icp_kitti_seq_00_full_corr_dist_sweep,ready,ct_icp,kitti_seq_00_full,gt-backed,corr_2,corr_dist=2 m² (1.4 m linear) — paper-style,OK,445.972895,5.460080,0.069936,17.992904,4541,Keep as reference variant,false,,experiments/results/ct_icp_kitti_seq_00_full_corr_dist_sweep_matrix.json
ct_icp_kitti_seq_00_full_corr_dist_sweep,ready,ct_icp,kitti_seq_00_full,gt-backed,corr_4,corr_dist=4 m² (2 m linear) — seq 05 setting,OK,165.587490,3.025412,0.040549,18.037479,4541,Keep as reference variant,false,,experiments/results/ct_icp_kitti_seq_00_full_corr_dist_sweep_matrix.json
ct_icp_kitti_seq_00_full_corr_dist_sweep,ready,ct_icp,kitti_seq_00_full,gt-backed,corr_8,corr_dist=8 m² (2.8 m linear),OK,14.362790,2.113483,0.027721,17.458595,4541,Adopt as current default,true,,experiments/results/ct_icp_kitti_seq_00_full_corr_dist_sweep_matrix.json
ct_icp_kitti_seq_00_full_corr_dist_sweep,ready,ct_icp,kitti_seq_00_full,gt-backed,corr_default_reference,"corr_dist=default (100 m², 10 m linear) — existing winner",OK,14.780131,2.110366,0.028141,16.307850,4541,Keep as active challenger,false,,experiments/results/ct_icp_kitti_seq_00_full_corr_dist_sweep_matrix.json
ct_icp_kitti_seq_00_full_fine_cauchy_sweep,ready,ct_icp,kitti_seq_00_full,gt-backed,fine_sigma_0_25,fine σ=0.25 (tighter),OK,13.365894,2.094340,0.026429,9.943962,4541,Keep as reference variant,false,,experiments/results/ct_icp_kitti_seq_00_full_fine_cauchy_sweep_matrix.json
ct_icp_kitti_seq_00_full_fine_cauchy_sweep,ready,ct_icp,kitti_seq_00_full,gt-backed,fine_sigma_0_375,fine σ=0.375 (slightly tighter),OK,13.906695,2.195291,0.028680,14.205008,4541,Adopt as current default,true,,experiments/results/ct_icp_kitti_seq_00_full_fine_cauchy_sweep_matrix.json
ct_icp_kitti_seq_00_full_fine_cauchy_sweep,ready,ct_icp,kitti_seq_00_full,gt-backed,fine_sigma_0_75,fine σ=0.75 (softer),OK,15.484257,2.203683,0.028355,14.927747,4541,Keep as active challenger,false,,experiments/results/ct_icp_kitti_seq_00_full_fine_cauchy_sweep_matrix.json
ct_icp_kitti_seq_00_full_fine_cauchy_sweep,ready,ct_icp,kitti_seq_00_full,gt-backed,fine_sigma_1_0,fine σ=1.0 (much softer),OK,16.385853,2.209592,0.028140,14.923965,4541,Keep as active challenger,false,,experiments/results/ct_icp_kitti_seq_00_full_fine_cauchy_sweep_matrix.json
ct_icp_kitti_seq_00_full_fine_cauchy_sweep,ready,ct_icp,kitti_seq_00_full,gt-backed,fine_sigma_default,"fine σ=0.5 (default, cluster A reference)",OK,12.693924,2.102914,0.026199,12.058779,4541,Keep as active challenger,false,,experiments/results/ct_icp_kitti_seq_00_full_fine_cauchy_sweep_matrix.json
ct_icp_kitti_seq_00_full_map_size_sweep,ready,ct_icp,kitti_seq_00_full,gt-backed,map_15,map=15,OK,22.280364,2.130666,0.029328,18.894077,4541,Keep as reference variant,false,,experiments/results/ct_icp_kitti_seq_00_full_map_size_sweep_matrix.json
ct_icp_kitti_seq_00_full_map_size_sweep,ready,ct_icp,kitti_seq_00_full,gt-backed,map_20_reference,c2f_sigma_only map=20 (existing winner),OK,15.927136,2.197159,0.028434,15.668436,4541,Keep as active challenger,false,,experiments/results/ct_icp_kitti_seq_00_full_map_size_sweep_matrix.json
ct_icp_kitti_seq_00_full_map_size_sweep,ready,ct_icp,kitti_seq_00_full,gt-backed,map_30,map=30,OK,16.541149,2.072624,0.027126,17.986206,4541,Adopt as current default,true,,experiments/results/ct_icp_kitti_seq_00_full_map_size_sweep_matrix.json
ct_icp_kitti_seq_00_full_map_size_sweep,ready,ct_icp,kitti_seq_00_full,gt-backed,map_50,map=50,OK,15.108765,2.080540,0.026766,12.890430,4541,Keep as active challenger,false,,experiments/results/ct_icp_kitti_seq_00_full_map_size_sweep_matrix.json
ct_icp_kitti_seq_00_full_search_radius_sweep,ready,ct_icp,kitti_seq_00_full,gt-backed,radius_1,"coarse search radius=1 (3x3x3, same as fine)",OK,15.507468,2.100896,0.026940,14.309931,4541,Keep as reference variant,false,,experiments/results/ct_icp_kitti_seq_00_full_search_radius_sweep_matrix.json
ct_icp_kitti_seq_00_full_search_radius_sweep,ready,ct_icp,kitti_seq_00_full,gt-backed,radius_2_reference,"coarse search radius=2 (5x5x5, cluster A default)",OK,12.693924,2.102914,0.026199,16.193451,4541,Adopt as current default,true,,experiments/results/ct_icp_kitti_seq_00_full_search_radius_sweep_matrix.json
ct_icp_kitti_seq_00_full_search_radius_sweep,ready,ct_icp,kitti_seq_00_full,gt-backed,radius_3,coarse search radius=3 (7x7x7),OK,14.992418,2.201424,0.029100,13.717708,4541,Keep as reference variant,false,,experiments/results/ct_icp_kitti_seq_00_full_search_radius_sweep_matrix.json
ct_icp_kitti_seq_00_full_search_radius_sweep,ready,ct_icp,kitti_seq_00_full,gt-backed,radius_4,coarse search radius=4 (9x9x9),OK,12.787099,2.186310,0.028750,11.048684,4541,Keep as reference variant,false,,experiments/results/ct_icp_kitti_seq_00_full_search_radius_sweep_matrix.json
ct_icp_kitti_seq_00_full_seeded,ready,ct_icp,kitti_seq_00_full,gt-backed,cluster_a_no_seed_reference,cluster A no seed (current best 12.69 m),OK,12.693924,2.102914,0.026199,17.646986,4541,Keep as reference variant,false,,experiments/results/ct_icp_kitti_seq_00_full_seeded_matrix.json
ct_icp_kitti_seq_00_full_seeded,ready,ct_icp,kitti_seq_00_full,gt-backed,cluster_a_seeded,cluster A + GT seed,OK,4.905807,5.760262,0.050591,15.234512,4541,Adopt as current default,true,,experiments/results/ct_icp_kitti_seq_00_full_seeded_matrix.json
ct_icp_kitti_seq_00_leave_one_out,ready,ct_icp,kitti_seq_00_full,gt-backed,full_recipe_reference,full recipe (existing 13.32 m),OK,13.321868,2.176057,0.027836,18.669866,4541,Adopt as current default,true,,experiments/results/ct_icp_kitti_seq_00_leave_one_out_matrix.json
ct_icp_kitti_seq_00_leave_one_out,ready,ct_icp,kitti_seq_00_full,gt-backed,minus_c2f,full minus c2f,OK,16.340215,2.148843,0.026935,20.175502,4541,Keep as active challenger,false,,experiments/results/ct_icp_kitti_seq_00_leave_one_out_matrix.json
ct_icp_kitti_seq_00_leave_one_out,ready,ct_icp,kitti_seq_00_full,gt-backed,minus_corr_5,full minus corr=5 (revert to default 100),OK,14.780131,2.110366,0.028141,18.202782,4541,Keep as active challenger,false,,experiments/results/ct_icp_kitti_seq_00_leave_one_out_matrix.json
ct_icp_kitti_seq_00_leave_one_out,ready,ct_icp,kitti_seq_00_full,gt-backed,minus_map_50,full minus map=50 (revert to 20),OK,16.993307,2.152501,0.027457,20.559664,4541,Keep as active challenger,false,,experiments/results/ct_icp_kitti_seq_00_leave_one_out_matrix.json
ct_icp_kitti_seq_00_leave_one_out,ready,ct_icp,kitti_seq_00_full,gt-backed,minus_ms_chol,"full minus ms_chol (no multi-scale, no cholesky)",OK,16.362931,2.175535,0.027962,18.392425,4541,Keep as reference variant,false,,experiments/results/ct_icp_kitti_seq_00_leave_one_out_matrix.json
ct_icp_kitti_seq_00_map50_partner,ready,ct_icp,kitti_seq_00_full,gt-backed,bare_map_50_reference,bare + map=50 (catastrophic baseline),OK,61.590492,2.438822,0.030537,20.347220,4541,Keep as reference variant,false,,experiments/results/ct_icp_kitti_seq_00_map50_partner_matrix.json
ct_icp_kitti_seq_00_map50_partner,ready,ct_icp,kitti_seq_00_full,gt-backed,map_50_plus_c2f,map=50 + c2f σ×2 (no ms_chol),OK,12.693924,2.102914,0.026199,18.712061,4541,Adopt as current default,true,,experiments/results/ct_icp_kitti_seq_00_map50_partner_matrix.json
ct_icp_kitti_seq_00_map50_partner,ready,ct_icp,kitti_seq_00_full,gt-backed,map_50_plus_corr_5,map=50 + corr=5,OK,118.014782,2.723019,0.036404,20.369073,4541,Keep as reference variant,false,,experiments/results/ct_icp_kitti_seq_00_map50_partner_matrix.json
ct_icp_kitti_seq_00_map50_partner,ready,ct_icp,kitti_seq_00_full,gt-backed,map_50_plus_ms_chol,map=50 + ms_chol,OK,16.138961,2.090568,0.027666,20.006667,4541,Keep as active challenger,false,,experiments/results/ct_icp_kitti_seq_00_map50_partner_matrix.json
ct_icp_kitti_seq_00_map_bare,ready,ct_icp,kitti_seq_00_full,gt-backed,bare_map_20,bare map=20 (default),OK,17.883148,2.202128,0.027421,20.227746,4541,Keep as active challenger,false,,experiments/results/ct_icp_kitti_seq_00_map_bare_matrix.json
ct_icp_kitti_seq_00_map_bare,ready,ct_icp,kitti_seq_00_full,gt-backed,bare_map_30,bare map=30,OK,15.803258,2.078373,0.026035,18.688678,4541,Adopt as current default,true,,experiments/results/ct_icp_kitti_seq_00_map_bare_matrix.json
ct_icp_kitti_seq_00_map_bare,ready,ct_icp,kitti_seq_00_full,gt-backed,bare_map_50,bare map=50,OK,61.590492,2.438822,0.030537,15.902888,4541,Keep as reference variant,false,,experiments/results/ct_icp_kitti_seq_00_map_bare_matrix.json
ct_icp_kitti_seq_00_simplified_corr,ready,ct_icp,kitti_seq_00_full,gt-backed,default_reference,map=50 + c2f σ×2 (existing 12.69),OK,12.693924,2.102914,0.026199,18.622346,4541,Adopt as current default,true,,experiments/results/ct_icp_kitti_seq_00_simplified_corr_matrix.json
ct_icp_kitti_seq_00_simplified_corr,ready,ct_icp,kitti_seq_00_full,gt-backed,plus_corr_16,+ corr=16,OK,17.417282,2.121201,0.026156,18.694469,4541,Keep as reference variant,false,,experiments/results/ct_icp_kitti_seq_00_simplified_corr_matrix.json
ct_icp_kitti_seq_00_simplified_corr,ready,ct_icp,kitti_seq_00_full,gt-backed,plus_corr_5,+ corr=5,OK,16.362931,2.175535,0.027962,18.840686,4541,Keep as reference variant,false,,experiments/results/ct_icp_kitti_seq_00_simplified_corr_matrix.json
ct_icp_kitti_seq_00_simplified_corr,ready,ct_icp,kitti_seq_00_full,gt-backed,plus_corr_8,+ corr=8,OK,13.870129,2.111243,0.027905,18.651094,4541,Keep as active challenger,false,,experiments/results/ct_icp_kitti_seq_00_simplified_corr_matrix.json
ct_icp_kitti_seq_00_velocity_reg,ready,ct_icp,kitti_seq_00_full,gt-backed,c2f_reference,"dense + c2f cluster-A (existing best, RPE 2.059%)",OK,14.099214,2.056585,0.027515,8.661467,4541,Adopt as current default,true,11th Gen Intel(R) Core(TM) i5-1145G7 @ 2.60GHz,experiments/results/ct_icp_kitti_seq_00_velocity_reg_matrix.json
ct_icp_kitti_seq_00_velocity_reg,ready,ct_icp,kitti_seq_00_full,gt-backed,velocity_reg_0005,+ constant-velocity-weight 0.005 (worse — landscape is non-monotonic),OK,14.345708,2.085705,0.027516,8.202276,4541,Keep as active challenger,false,11th Gen Intel(R) Core(TM) i5-1145G7 @ 2.60GHz,experiments/results/ct_icp_kitti_seq_00_velocity_reg_matrix.json
ct_icp_kitti_seq_00_velocity_reg,ready,ct_icp,kitti_seq_00_full,gt-backed,velocity_reg_001,"+ constant-velocity-weight 0.01 (winner, RPE 1.972%)",OK,15.026419,2.078537,0.027832,8.705053,4541,Keep as active challenger,false,11th Gen Intel(R) Core(TM) i5-1145G7 @ 2.60GHz,experiments/results/ct_icp_kitti_seq_00_velocity_reg_matrix.json
ct_icp_profile_tradeoff_kitti_seq_00_full,ready,ct_icp,kitti_seq_00_full,gt-backed,balanced_window,Balanced window,OK,21.423059,2.760043,0.035225,40.893470,4541,Keep as active challenger,false,,experiments/results/ct_icp_kitti_seq_00_full_matrix.json
ct_icp_profile_tradeoff_kitti_seq_00_full,ready,ct_icp,kitti_seq_00_full,gt-backed,dense_window,Dense window,OK,16.778235,2.577102,0.030548,26.908344,4541,Adopt as current default,true,,experiments/results/ct_icp_kitti_seq_00_full_matrix.json
ct_icp_profile_tradeoff_kitti_seq_00_full,ready,ct_icp,kitti_seq_00_full,gt-backed,fast_window,Fast window,OK,217.414494,3.656250,0.051864,77.746017,4541,Keep as reference variant,false,,experiments/results/ct_icp_kitti_seq_00_full_matrix.json
ct_icp_kitti_map50_retrofit_seq_02,ready,ct_icp,kitti_seq_02_full,gt-backed,baseline_map_20,baseline (dense + iter=6 + map=20),OK,56.537125,3.348163,0.032189,19.931597,4661,Adopt as current default,true,,experiments/results/ct_icp_kitti_map50_retrofit_matrix.json
ct_icp_kitti_map50_retrofit_seq_02,ready,ct_icp,kitti_seq_02_full,gt-backed,baseline_map_50,baseline + map=50,OK,118.257034,5.012160,0.037677,18.481188,4661,Keep as reference variant,false,,experiments/results/ct_icp_kitti_map50_retrofit_matrix.json
ct_icp_kitti_seq_02_corr_dist_retrofit,ready,ct_icp,kitti_seq_02_full,gt-backed,corr_4,baseline + corr_dist=4 m²,OK,164.338041,3.590332,0.034660,17.303033,4661,Keep as reference variant,false,,experiments/results/ct_icp_kitti_seq_02_corr_dist_retrofit_matrix.json
ct_icp_kitti_seq_02_corr_dist_retrofit,ready,ct_icp,kitti_seq_02_full,gt-backed,corr_8,baseline + corr_dist=8 m²,OK,50.634645,3.189465,0.033420,16.371496,4661,Adopt as current default,true,,experiments/results/ct_icp_kitti_seq_02_corr_dist_retrofit_matrix.json
ct_icp_kitti_seq_02_corr_dist_retrofit,ready,ct_icp,kitti_seq_02_full,gt-backed,default_reference,baseline (dense + iter=6 + map=20) — existing winner,OK,56.537125,3.348163,0.032189,11.089247,4661,Keep as reference variant,false,,experiments/results/ct_icp_kitti_seq_02_corr_dist_retrofit_matrix.json
ct_icp_kitti_seq_02_corr_fine_grid,ready,ct_icp,kitti_seq_02_full,gt-backed,corr_5,corr=5,OK,86.183968,3.316496,0.033597,17.813591,4661,Keep as reference variant,false,,experiments/results/ct_icp_kitti_seq_02_corr_fine_grid_matrix.json
ct_icp_kitti_seq_02_corr_fine_grid,ready,ct_icp,kitti_seq_02_full,gt-backed,corr_6,corr=6,OK,59.521461,2.771438,0.031750,14.740089,4661,Keep as reference variant,false,,experiments/results/ct_icp_kitti_seq_02_corr_fine_grid_matrix.json
ct_icp_kitti_seq_02_corr_fine_grid,ready,ct_icp,kitti_seq_02_full,gt-backed,corr_7,corr=7,OK,120.925908,2.733127,0.032866,14.607426,4661,Keep as reference variant,false,,experiments/results/ct_icp_kitti_seq_02_corr_fine_grid_matrix.json
ct_icp_kitti_seq_02_corr_fine_grid,ready,ct_icp,kitti_seq_02_full,gt-backed,corr_8_reference,corr=8 (existing seq 02 winner),OK,50.634645,3.189465,0.033420,17.235108,4661,Adopt as current default,true,,experiments/results/ct_icp_kitti_seq_02_corr_fine_grid_matrix.json
ct_icp_kitti_seq_02_corr_ms_chol_combo,ready,ct_icp,kitti_seq_02_full,gt-backed,bare_corr_8_reference,bare + corr=8 (existing winner),OK,50.634645,3.189465,0.033420,21.638626,4661,Adopt as current default,true,,experiments/results/ct_icp_kitti_seq_02_corr_ms_chol_combo_matrix.json
ct_icp_kitti_seq_02_corr_ms_chol_combo,ready,ct_icp,kitti_seq_02_full,gt-backed,ms_chol_corr_5,ms_chol + corr=5,OK,67.820301,2.710188,0.031419,20.040522,4661,Keep as reference variant,false,,experiments/results/ct_icp_kitti_seq_02_corr_ms_chol_combo_matrix.json
ct_icp_kitti_seq_02_corr_ms_chol_combo,ready,ct_icp,kitti_seq_02_full,gt-backed,ms_chol_corr_8,ms_chol + corr=8,OK,74.308021,2.645876,0.031618,21.206499,4661,Keep as reference variant,false,,experiments/results/ct_icp_kitti_seq_02_corr_ms_chol_combo_matrix.json
ct_icp_kitti_seq_02_full_c2f_without_ms_chol,ready,ct_icp,kitti_seq_02_full,gt-backed,baseline_reference,dense + iter=6 + map=20 (existing winner),OK,56.537125,3.348163,0.032189,16.799990,4661,Adopt as current default,true,,experiments/results/ct_icp_kitti_seq_02_full_c2f_without_ms_chol_matrix.json
ct_icp_kitti_seq_02_full_c2f_without_ms_chol,ready,ct_icp,kitti_seq_02_full,gt-backed,c2f_only_full,"+ c2f full (radius+sigma+planarity, no ms_chol)",OK,71.317826,3.382249,0.033013,11.886855,4661,Keep as reference variant,false,,experiments/results/ct_icp_kitti_seq_02_full_c2f_without_ms_chol_matrix.json
ct_icp_kitti_seq_02_full_c2f_without_ms_chol,ready,ct_icp,kitti_seq_02_full,gt-backed,c2f_only_sigma,+ c2f sigma_only (no ms_chol),OK,88.696263,3.726507,0.034463,9.263029,4661,Keep as reference variant,false,,experiments/results/ct_icp_kitti_seq_02_full_c2f_without_ms_chol_matrix.json
ct_icp_kitti_seq_02_full_small_map,ready,ct_icp,kitti_seq_02_full,gt-backed,map_10,baseline map=10,OK,93.790499,2.764057,0.035876,5.175880,4661,Keep as active challenger,false,11th Gen Intel(R) Core(TM) i5-1145G7 @ 2.60GHz,experiments/results/ct_icp_kitti_seq_02_full_small_map_matrix.json
ct_icp_kitti_seq_02_full_small_map,ready,ct_icp,kitti_seq_02_full,gt-backed,map_10,baseline map=10,OK,93.790499,2.764057,0.035876,5.175880,4661,Keep as active challenger,false,11th Gen Intel(R) Core(TM) i5-1145G7 @ 2.60GHz,experiments/results/ct_icp_kitti_seq_02_full_small_map_matrix.json
ct_icp_kitti_seq_02_full_small_map,ready,ct_icp,kitti_seq_02_full,gt-backed,map_15,baseline map=15,OK,76.464274,2.651290,0.033446,4.436775,4661,Adopt as current default,true,11th Gen Intel(R) Core(TM) i5-1145G7 @ 2.60GHz,experiments/results/ct_icp_kitti_seq_02_full_small_map_matrix.json
ct_icp_kitti_seq_02_full_small_map,ready,ct_icp,kitti_seq_02_full,gt-backed,map_15,baseline map=15,OK,76.464274,2.651290,0.033446,4.436775,4661,Adopt as current default,true,11th Gen Intel(R) Core(TM) i5-1145G7 @ 2.60GHz,experiments/results/ct_icp_kitti_seq_02_full_small_map_matrix.json
ct_icp_kitti_seq_02_full_small_map,ready,ct_icp,kitti_seq_02_full,gt-backed,map_20_reference,baseline map=20 (existing winner),OK,68.971756,2.976704,0.031920,3.381195,4661,Keep as active challenger,false,11th Gen Intel(R) Core(TM) i5-1145G7 @ 2.60GHz,experiments/results/ct_icp_kitti_seq_02_full_small_map_matrix.json
ct_icp_kitti_seq_02_full_small_map,ready,ct_icp,kitti_seq_02_full,gt-backed,map_20_reference,baseline map=20 (existing winner),OK,68.971756,2.976704,0.031920,3.381195,4661,Keep as active challenger,false,11th Gen Intel(R) Core(TM) i5-1145G7 @ 2.60GHz,experiments/results/ct_icp_kitti_seq_02_full_small_map_matrix.json
ct_icp_kitti_seq_02_full_small_map,ready,ct_icp,kitti_seq_02_full,gt-backed,map_5,baseline map=5,OK,113.336414,3.162465,0.042768,5.745430,4661,Keep as active challenger,false,11th Gen Intel(R) Core(TM) i5-1145G7 @ 2.60GHz,experiments/results/ct_icp_kitti_seq_02_full_small_map_matrix.json
ct_icp_kitti_seq_02_full_small_map,ready,ct_icp,kitti_seq_02_full,gt-backed,map_5,baseline map=5,OK,113.336414,3.162465,0.042768,5.745430,4661,Keep as active challenger,false,11th Gen Intel(R) Core(TM) i5-1145G7 @ 2.60GHz,experiments/results/ct_icp_kitti_seq_02_full_small_map_matrix.json
ct_icp_kitti_seq_02_map_with_corr,ready,ct_icp,kitti_seq_02_full,gt-backed,map_15,corr=8 + map=15,OK,60.851669,2.755101,0.033048,20.935274,4661,Keep as active challenger,false,,experiments/results/ct_icp_kitti_seq_02_map_with_corr_matrix.json
ct_icp_kitti_seq_02_map_with_corr,ready,ct_icp,kitti_seq_02_full,gt-backed,map_20_reference,corr=8 + map=20 (existing winner),OK,50.634645,3.189465,0.033420,18.015199,4661,Adopt as current default,true,,experiments/results/ct_icp_kitti_seq_02_map_with_corr_matrix.json
ct_icp_kitti_seq_02_map_with_corr,ready,ct_icp,kitti_seq_02_full,gt-backed,map_30,corr=8 + map=30,OK,79.471589,4.168453,0.034598,19.112070,4661,Keep as reference variant,false,,experiments/results/ct_icp_kitti_seq_02_map_with_corr_matrix.json
ct_icp_kitti_seq_02_map_with_corr,ready,ct_icp,kitti_seq_02_full,gt-backed,map_50,corr=8 + map=50,OK,102.912952,4.022784,0.037493,18.072414,4661,Keep as reference variant,false,,experiments/results/ct_icp_kitti_seq_02_map_with_corr_matrix.json
ct_icp_kitti_simplified_cross_seq_02,ready,ct_icp,kitti_seq_02_full,gt-backed,current_winner,bare + corr=8 (existing seq 02 winner),OK,50.634645,3.189465,0.033420,21.797959,4661,Adopt as current default,true,,experiments/results/ct_icp_kitti_simplified_cross_seq_02_matrix.json
ct_icp_kitti_simplified_cross_seq_02,ready,ct_icp,kitti_seq_02_full,gt-backed,simplified_plus_corr_8,map=50 + c2f σ×2 + corr=8,OK,98.389693,4.996449,0.037770,17.927950,4661,Keep as reference variant,false,,experiments/results/ct_icp_kitti_simplified_cross_seq_02_matrix.json
ct_icp_kitti_simplified_cross_seq_02,ready,ct_icp,kitti_seq_02_full,gt-backed,simplified_seq_00_pattern,map=50 + c2f σ×2 (seq 00 minimal),OK,100.545571,4.442551,0.036494,17.902003,4661,Keep as reference variant,false,,experiments/results/ct_icp_kitti_simplified_cross_seq_02_matrix.json
ct_icp_kitti_seq_05_combo,ready,ct_icp,kitti_seq_05_full,gt-backed,arch_tuned_map_50,arch_tuned + map=50 (full + bigger),OK,10.864152,1.194035,0.023660,18.550206,2761,Keep as reference variant,false,,experiments/results/ct_icp_kitti_seq_05_combo_matrix.json
ct_icp_kitti_seq_05_combo,ready,ct_icp,kitti_seq_05_full,gt-backed,bare_map_50_corr_4,bare + map=50 + corr=4,OK,8.782974,1.177064,0.023619,19.677123,2761,Adopt as current default,true,,experiments/results/ct_icp_kitti_seq_05_combo_matrix.json
ct_icp_kitti_seq_05_combo,ready,ct_icp,kitti_seq_05_full,gt-backed,bare_map_50_iter_8,bare + map=50 + iter=8,OK,9.691358,1.121830,0.023505,19.666364,2761,Keep as active challenger,false,,experiments/results/ct_icp_kitti_seq_05_combo_matrix.json
ct_icp_kitti_seq_05_combo,ready,ct_icp,kitti_seq_05_full,gt-backed,bare_map_50_reference,bare + map=50 (existing 9.34),OK,9.336558,1.190404,0.024517,19.556590,2761,Keep as active challenger,false,,experiments/results/ct_icp_kitti_seq_05_combo_matrix.json
ct_icp_kitti_seq_05_combo,ready,ct_icp,kitti_seq_05_full,gt-backed,bare_map_50_voxel_05,bare + map=50 + voxel=0.5,OK,9.500055,1.198020,0.023773,18.352405,2761,Keep as active challenger,false,,experiments/results/ct_icp_kitti_seq_05_combo_matrix.json
ct_icp_kitti_seq_05_corr_dist_sweep,ready,ct_icp,kitti_seq_05_full,gt-backed,corr_16,arch_tuned corr=16,OK,10.593477,1.212679,0.024193,18.071560,2761,Keep as active challenger,false,,experiments/results/ct_icp_kitti_seq_05_corr_dist_sweep_matrix.json
ct_icp_kitti_seq_05_corr_dist_sweep,ready,ct_icp,kitti_seq_05_full,gt-backed,corr_2,arch_tuned corr=2,OK,14.216415,1.208234,0.022443,17.700137,2761,Keep as reference variant,false,,experiments/results/ct_icp_kitti_seq_05_corr_dist_sweep_matrix.json
ct_icp_kitti_seq_05_corr_dist_sweep,ready,ct_icp,kitti_seq_05_full,gt-backed,corr_4_reference,arch_tuned corr=4 (existing winner),OK,9.096654,1.127454,0.023189,15.743063,2761,Adopt as current default,true,,experiments/results/ct_icp_kitti_seq_05_corr_dist_sweep_matrix.json
ct_icp_kitti_seq_05_corr_dist_sweep,ready,ct_icp,kitti_seq_05_full,gt-backed,corr_8,arch_tuned corr=8,OK,11.971631,1.201134,0.023604,18.692336,2761,Keep as active challenger,false,,experiments/results/ct_icp_kitti_seq_05_corr_dist_sweep_matrix.json
ct_icp_kitti_seq_05_corr_dist_sweep,ready,ct_icp,kitti_seq_05_full,gt-backed,corr_default,arch_tuned corr=default (100 m²),OK,10.593477,1.212679,0.024193,17.583190,2761,Keep as active challenger,false,,experiments/results/ct_icp_kitti_seq_05_corr_dist_sweep_matrix.json
ct_icp_kitti_seq_05_map50_retrofit,ready,ct_icp,kitti_seq_05_full,gt-backed,arch_tuned_map_30,arch_tuned map=30 (existing winner),OK,9.096654,1.127454,0.023189,18.291419,2761,Adopt as current default,true,,experiments/results/ct_icp_kitti_seq_05_map50_retrofit_matrix.json
ct_icp_kitti_seq_05_map50_retrofit,ready,ct_icp,kitti_seq_05_full,gt-backed,arch_tuned_map_50,arch_tuned map=50,OK,10.864152,1.194035,0.023660,18.515678,2761,Keep as active challenger,false,,experiments/results/ct_icp_kitti_seq_05_map50_retrofit_matrix.json
ct_icp_kitti_seq_05_map_bare,ready,ct_icp,kitti_seq_05_full,gt-backed,bare_map_20,bare map=20 (default),OK,12.553031,1.278383,0.023808,19.988891,2761,Keep as active challenger,false,,experiments/results/ct_icp_kitti_seq_05_map_bare_matrix.json
ct_icp_kitti_seq_05_map_bare,ready,ct_icp,kitti_seq_05_full,gt-backed,bare_map_30,bare map=30,OK,10.744377,1.203197,0.023450,19.140602,2761,Keep as active challenger,false,,experiments/results/ct_icp_kitti_seq_05_map_bare_matrix.json
ct_icp_kitti_seq_05_map_bare,ready,ct_icp,kitti_seq_05_full,gt-backed,bare_map_50,bare map=50,OK,9.336558,1.190404,0.024517,18.006361,2761,Adopt as current default,true,,experiments/results/ct_icp_kitti_seq_05_map_bare_matrix.json
ct_icp_kitti_seq_05_velocity_reg,ready,ct_icp,kitti_seq_05_full,gt-backed,dense_map50_reference,"dense + ceres8 + map50 (existing best, RPE 1.122%)",OK,11.157895,1.178193,0.024338,4.733266,2761,Keep as active challenger,false,11th Gen Intel(R) Core(TM) i5-1145G7 @ 2.60GHz,experiments/results/ct_icp_kitti_seq_05_velocity_reg_matrix.json
ct_icp_kitti_seq_05_velocity_reg,ready,ct_icp,kitti_seq_05_full,gt-backed,velocity_reg_005,+ constant-velocity-weight 0.05 (winner),OK,11.948693,1.121722,0.023083,5.107177,2761,Adopt as current default,true,11th Gen Intel(R) Core(TM) i5-1145G7 @ 2.60GHz,experiments/results/ct_icp_kitti_seq_05_velocity_reg_matrix.json
ct_icp_kitti_simplified_cross_seq_05,ready,ct_icp,kitti_seq_05_full,gt-backed,current_winner,bare + map=50 + corr=4 (existing seq 05 winner),OK,8.782974,1.177064,0.023619,20.565016,2761,Keep as active challenger,false,,experiments/results/ct_icp_kitti_simplified_cross_seq_05_matrix.json
ct_icp_kitti_simplified_cross_seq_05,ready,ct_icp,kitti_seq_05_full,gt-backed,map_50_c2f,map=50 + c2f σ×2 (seq 00/08 pattern),OK,13.010552,1.198561,0.024235,18.804262,2761,Keep as reference variant,false,,experiments/results/ct_icp_kitti_simplified_cross_seq_05_matrix.json
ct_icp_kitti_simplified_cross_seq_05,ready,ct_icp,kitti_seq_05_full,gt-backed,map_50_c2f_plus_corr_4,map=50 + c2f σ×2 + corr=4 (combine both),OK,7.762245,1.198374,0.023988,18.920339,2761,Adopt as current default,true,,experiments/results/ct_icp_kitti_simplified_cross_seq_05_matrix.json
ct_icp_profile_tradeoff_kitti_seq_07,ready,ct_icp,kitti_seq_07_108,gt-backed,balanced_window,Balanced window,OK,1.049623,1.095401,0.091041,40.813894,108,Keep as reference variant,false,,experiments/results/ct_icp_kitti_seq_07_matrix.json
ct_icp_profile_tradeoff_kitti_seq_07,ready,ct_icp,kitti_seq_07_108,gt-backed,dense_window,Dense window,OK,0.390190,1.493555,0.037971,26.305870,108,Keep as active challenger,false,,experiments/results/ct_icp_kitti_seq_07_matrix.json
ct_icp_profile_tradeoff_kitti_seq_07,ready,ct_icp,kitti_seq_07_108,gt-backed,fast_window,Fast window,OK,0.978124,1.359028,0.082217,77.324543,108,Adopt as current default,true,,experiments/results/ct_icp_kitti_seq_07_matrix.json
ct_icp_kitti_seq_07_combo,ready,ct_icp,kitti_seq_07_full,gt-backed,ms_chol_plus_c2f,ms_chol + c2f σ×2 (no map=50 change),OK,2.408829,2.018380,0.020566,15.775562,1101,Keep as reference variant,false,,experiments/results/ct_icp_kitti_seq_07_combo_matrix.json
ct_icp_kitti_seq_07_combo,ready,ct_icp,kitti_seq_07_full,gt-backed,ms_chol_plus_simplified_a,ms_chol + map=50 + c2f σ×2 (full combo),OK,1.783488,1.714873,0.019045,14.329562,1101,Keep as active challenger,false,,experiments/results/ct_icp_kitti_seq_07_combo_matrix.json
ct_icp_kitti_seq_07_combo,ready,ct_icp,kitti_seq_07_full,gt-backed,ms_chol_reference,ms_chol (existing 1.61 m),OK,1.607129,2.057021,0.019671,14.850849,1101,Adopt as current default,true,,experiments/results/ct_icp_kitti_seq_07_combo_matrix.json
ct_icp_kitti_seq_07_corr_dist_retrofit,ready,ct_icp,kitti_seq_07_full,gt-backed,corr_4,ms_chol + corr_dist=4 m²,OK,4.807408,2.112718,0.022015,19.810808,1101,Keep as reference variant,false,,experiments/results/ct_icp_kitti_seq_07_corr_dist_retrofit_matrix.json
ct_icp_kitti_seq_07_corr_dist_retrofit,ready,ct_icp,kitti_seq_07_full,gt-backed,corr_8,ms_chol + corr_dist=8 m²,OK,2.844059,2.082366,0.020191,18.562957,1101,Keep as reference variant,false,,experiments/results/ct_icp_kitti_seq_07_corr_dist_retrofit_matrix.json
ct_icp_kitti_seq_07_corr_dist_retrofit,ready,ct_icp,kitti_seq_07_full,gt-backed,default_reference,ms_chol corr_dist=default (existing winner),OK,1.607129,2.057021,0.019671,16.984437,1101,Adopt as current default,true,,experiments/results/ct_icp_kitti_seq_07_corr_dist_retrofit_matrix.json
ct_icp_kitti_seq_07_full_seeded,ready,ct_icp,kitti_seq_07_full,gt-backed,cluster_a_no_seed,cluster A no seed,OK,4.815541,1.801971,0.017984,18.266857,1101,Keep as reference variant,false,,experiments/results/ct_icp_kitti_seq_07_full_seeded_matrix.json
ct_icp_kitti_seq_07_full_seeded,ready,ct_icp,kitti_seq_07_full,gt-backed,cluster_a_seeded,cluster A + GT seed,OK,2.876001,2.084470,0.024631,18.041748,1101,Keep as reference variant,false,,experiments/results/ct_icp_kitti_seq_07_full_seeded_matrix.json
ct_icp_kitti_seq_07_full_seeded,ready,ct_icp,kitti_seq_07_full,gt-backed,cluster_d_full_no_seed_reference,cluster D full no seed (current winner 1.61 m),OK,1.607129,2.057021,0.019671,21.502027,1101,Adopt as current default,true,,experiments/results/ct_icp_kitti_seq_07_full_seeded_matrix.json
ct_icp_kitti_seq_07_full_seeded,ready,ct_icp,kitti_seq_07_full,gt-backed,cluster_d_full_seeded,cluster D full + GT seed,OK,1.603308,2.082453,0.020798,21.278081,1101,Keep as active challenger,false,,experiments/results/ct_icp_kitti_seq_07_full_seeded_matrix.json
ct_icp_kitti_seq_07_map50_retrofit,ready,ct_icp,kitti_seq_07_full,gt-backed,ms_chol_map_20,ms_chol map=20 (existing winner),OK,1.607129,2.057021,0.019671,19.697388,1101,Adopt as current default,true,,experiments/results/ct_icp_kitti_seq_07_map50_retrofit_matrix.json
ct_icp_kitti_seq_07_map50_retrofit,ready,ct_icp,kitti_seq_07_full,gt-backed,ms_chol_map_50,ms_chol map=50,OK,1.877930,1.711048,0.018530,17.454201,1101,Keep as reference variant,false,,experiments/results/ct_icp_kitti_seq_07_map50_retrofit_matrix.json
ct_icp_kitti_seq_07_velocity_reg,ready,ct_icp,kitti_seq_07_full,gt-backed,ms_chol_flat_reference,"ms_chol + flat-regularizer (existing best, RPE 1.256%)",OK,2.715298,1.290115,0.020456,5.065870,1101,Keep as reference variant,false,11th Gen Intel(R) Core(TM) i5-1145G7 @ 2.60GHz,experiments/results/ct_icp_kitti_seq_07_velocity_reg_matrix.json
ct_icp_kitti_seq_07_velocity_reg,ready,ct_icp,kitti_seq_07_full,gt-backed,velocity_reg_005,+ constant-velocity-weight 0.05 (winner),OK,3.161087,1.136860,0.019324,5.369343,1101,Keep as reference variant,false,11th Gen Intel(R) Core(TM) i5-1145G7 @ 2.60GHz,experiments/results/ct_icp_kitti_seq_07_velocity_reg_matrix.json
ct_icp_kitti_seq_07_velocity_reg,ready,ct_icp,kitti_seq_07_full,gt-backed,velocity_reg_01,+ constant-velocity-weight 0.1,OK,2.490372,1.252555,0.018813,5.972363,1101,Adopt as current default,true,11th Gen Intel(R) Core(TM) i5-1145G7 @ 2.60GHz,experiments/results/ct_icp_kitti_seq_07_velocity_reg_matrix.json
ct_icp_kitti_simplified_cross_seq_07,ready,ct_icp,kitti_seq_07_full,gt-backed,current_winner,ms_chol (existing seq 07 winner),OK,1.607129,2.057021,0.019671,20.265386,1101,Adopt as current default,true,,experiments/results/ct_icp_kitti_simplified_cross_seq_07_matrix.json
ct_icp_kitti_simplified_cross_seq_07,ready,ct_icp,kitti_seq_07_full,gt-backed,simplified_seq_00_pattern,map=50 + c2f σ×2 (no ms_chol),OK,4.815541,1.801971,0.017984,18.950100,1101,Keep as reference variant,false,,experiments/results/ct_icp_kitti_simplified_cross_seq_07_matrix.json
ct_icp_profile_tradeoff_kitti_seq_07_full,ready,ct_icp,kitti_seq_07_full,gt-backed,balanced_window,Balanced window,OK,6.658872,2.698799,0.033981,48.234819,1101,Keep as reference variant,false,,experiments/results/ct_icp_kitti_seq_07_full_matrix.json
ct_icp_profile_tradeoff_kitti_seq_07_full,ready,ct_icp,kitti_seq_07_full,gt-backed,dense_window,Dense window,OK,3.794288,2.499677,0.024643,25.480188,1101,Keep as active challenger,false,,experiments/results/ct_icp_kitti_seq_07_full_matrix.json
ct_icp_profile_tradeoff_kitti_seq_07_full,ready,ct_icp,kitti_seq_07_full,gt-backed,fast_window,Fast window,OK,10.704980,2.452394,0.039323,74.864735,1101,Adopt as current default,true,,experiments/results/ct_icp_kitti_seq_07_full_matrix.json
ct_icp_kitti_seq_08_c2f_alone,ready,ct_icp,kitti_seq_08_full,gt-backed,bare_c2f,"bare + c2f (no ms_chol, no cholesky)",OK,41.300267,2.079447,0.026516,19.331704,4071,Keep as active challenger,false,,experiments/results/ct_icp_kitti_seq_08_c2f_alone_matrix.json
ct_icp_kitti_seq_08_c2f_alone,ready,ct_icp,kitti_seq_08_full,gt-backed,c2f_only_reference,c2f_only = ms_chol + c2f (existing winner),OK,32.511038,2.119687,0.025611,17.873803,4071,Adopt as current default,true,,experiments/results/ct_icp_kitti_seq_08_c2f_alone_matrix.json
ct_icp_kitti_seq_08_c2f_alone,ready,ct_icp,kitti_seq_08_full,gt-backed,cholesky_c2f_no_ms,cholesky + c2f (no multi-scale),OK,40.594598,2.092643,0.026185,19.744920,4071,Keep as active challenger,false,,experiments/results/ct_icp_kitti_seq_08_c2f_alone_matrix.json
ct_icp_kitti_seq_08_c2f_alone,ready,ct_icp,kitti_seq_08_full,gt-backed,ms_chol_c2f_no_cholesky,ms_chol + c2f (no cholesky),OK,36.866219,2.115542,0.026426,18.907697,4071,Keep as active challenger,false,,experiments/results/ct_icp_kitti_seq_08_c2f_alone_matrix.json
ct_icp_kitti_seq_08_corr_dist_retrofit,ready,ct_icp,kitti_seq_08_full,gt-backed,corr_4,c2f_only + corr_dist=4 m²,OK,40.464820,2.053920,0.025285,17.178193,4071,Keep as reference variant,false,,experiments/results/ct_icp_kitti_seq_08_corr_dist_retrofit_matrix.json
ct_icp_kitti_seq_08_corr_dist_retrofit,ready,ct_icp,kitti_seq_08_full,gt-backed,corr_8,c2f_only + corr_dist=8 m²,OK,36.461135,2.113960,0.026256,17.292368,4071,Keep as active challenger,false,,experiments/results/ct_icp_kitti_seq_08_corr_dist_retrofit_matrix.json
ct_icp_kitti_seq_08_corr_dist_retrofit,ready,ct_icp,kitti_seq_08_full,gt-backed,default_reference,c2f_only corr_dist=default (existing winner),OK,32.511038,2.119687,0.025611,17.354960,4071,Adopt as current default,true,,experiments/results/ct_icp_kitti_seq_08_corr_dist_retrofit_matrix.json
ct_icp_kitti_seq_08_full_cauchy_sweep,ready,ct_icp,kitti_seq_08_full,gt-backed,cauchy_1_5,cauchy=1.5,OK,37.094389,2.106277,0.026008,15.716442,4071,Keep as reference variant,false,,experiments/results/ct_icp_kitti_seq_08_full_cauchy_sweep_matrix.json
ct_icp_kitti_seq_08_full_cauchy_sweep,ready,ct_icp,kitti_seq_08_full,gt-backed,cauchy_2_0_reference,c2f_only cauchy=2.0 (existing winner),OK,32.511038,2.119687,0.025611,12.016476,4071,Keep as reference variant,false,,experiments/results/ct_icp_kitti_seq_08_full_cauchy_sweep_matrix.json
ct_icp_kitti_seq_08_full_cauchy_sweep,ready,ct_icp,kitti_seq_08_full,gt-backed,cauchy_2_5,cauchy=2.5,OK,34.799182,2.138554,0.026470,17.278587,4071,Keep as active challenger,false,,experiments/results/ct_icp_kitti_seq_08_full_cauchy_sweep_matrix.json
ct_icp_kitti_seq_08_full_cauchy_sweep,ready,ct_icp,kitti_seq_08_full,gt-backed,cauchy_3_0,cauchy=3.0,OK,34.397085,2.098745,0.026268,18.443438,4071,Adopt as current default,true,,experiments/results/ct_icp_kitti_seq_08_full_cauchy_sweep_matrix.json
ct_icp_kitti_seq_08_full_cauchy_sweep,ready,ct_icp,kitti_seq_08_full,gt-backed,cauchy_4_0,cauchy=4.0,OK,38.764668,2.125044,0.026248,19.242659,4071,Keep as active challenger,false,,experiments/results/ct_icp_kitti_seq_08_full_cauchy_sweep_matrix.json
ct_icp_kitti_seq_08_full_coarse_iter_sweep,ready,ct_icp,kitti_seq_08_full,gt-backed,iter_1,coarse_iter=1,OK,37.809448,2.084813,0.025784,11.930385,4071,Keep as active challenger,false,,experiments/results/ct_icp_kitti_seq_08_full_coarse_iter_sweep_matrix.json
ct_icp_kitti_seq_08_full_coarse_iter_sweep,ready,ct_icp,kitti_seq_08_full,gt-backed,iter_2,coarse_iter=2,OK,36.126981,2.097290,0.025599,11.910569,4071,Keep as active challenger,false,,experiments/results/ct_icp_kitti_seq_08_full_coarse_iter_sweep_matrix.json
ct_icp_kitti_seq_08_full_coarse_iter_sweep,ready,ct_icp,kitti_seq_08_full,gt-backed,iter_3_reference,c2f_only iter=3 (existing winner),OK,32.511038,2.119687,0.025611,11.096155,4071,Keep as active challenger,false,,experiments/results/ct_icp_kitti_seq_08_full_coarse_iter_sweep_matrix.json
ct_icp_kitti_seq_08_full_coarse_iter_sweep,ready,ct_icp,kitti_seq_08_full,gt-backed,iter_4,coarse_iter=4,OK,38.682300,2.107483,0.026247,11.535641,4071,Keep as reference variant,false,,experiments/results/ct_icp_kitti_seq_08_full_coarse_iter_sweep_matrix.json
ct_icp_kitti_seq_08_full_coarse_iter_sweep,ready,ct_icp,kitti_seq_08_full,gt-backed,iter_6,coarse_iter=6,OK,35.597744,2.125528,0.025911,13.629574,4071,Adopt as current default,true,,experiments/results/ct_icp_kitti_seq_08_full_coarse_iter_sweep_matrix.json
ct_icp_kitti_seq_08_full_seeded,ready,ct_icp,kitti_seq_08_full,gt-backed,cluster_a_no_seed_reference,cluster A no seed (current best 27.85 m),OK,27.850333,1.949290,0.024600,15.210795,4071,Keep as reference variant,false,,experiments/results/ct_icp_kitti_seq_08_full_seeded_matrix.json
ct_icp_kitti_seq_08_full_seeded,ready,ct_icp,kitti_seq_08_full,gt-backed,cluster_a_seeded,cluster A + GT seed,OK,6.023720,9.132726,0.113997,16.759230,4071,Adopt as current default,true,,experiments/results/ct_icp_kitti_seq_08_full_seeded_matrix.json
ct_icp_kitti_seq_08_map50_retrofit,ready,ct_icp,kitti_seq_08_full,gt-backed,c2f_only_map_20,c2f_only map=20 (existing winner),OK,32.511038,2.119687,0.025611,13.441250,4071,Adopt as current default,true,,experiments/results/ct_icp_kitti_seq_08_map50_retrofit_matrix.json
ct_icp_kitti_seq_08_map50_retrofit,ready,ct_icp,kitti_seq_08_full,gt-backed,c2f_only_map_50,c2f_only map=50,OK,32.308987,2.045255,0.025077,11.641964,4071,Keep as active challenger,false,,experiments/results/ct_icp_kitti_seq_08_map50_retrofit_matrix.json
ct_icp_kitti_seq_08_simplified_corr,ready,ct_icp,kitti_seq_08_full,gt-backed,default_reference,simplified (map=50 + c2f σ×2) — existing 27.85 m,OK,27.850333,1.949290,0.024600,15.737079,4071,Adopt as current default,true,,experiments/results/ct_icp_kitti_seq_08_simplified_corr_matrix.json
ct_icp_kitti_seq_08_simplified_corr,ready,ct_icp,kitti_seq_08_full,gt-backed,plus_corr_4,+ corr=4 (seq 05 pattern),OK,40.458315,1.972351,0.023180,12.891417,4071,Keep as reference variant,false,,experiments/results/ct_icp_kitti_seq_08_simplified_corr_matrix.json
ct_icp_kitti_seq_08_simplified_corr,ready,ct_icp,kitti_seq_08_full,gt-backed,plus_corr_8,+ corr=8 (seq 02 pattern),OK,33.901540,2.022277,0.025537,10.850860,4071,Keep as reference variant,false,,experiments/results/ct_icp_kitti_seq_08_simplified_corr_matrix.json
ct_icp_kitti_seq_08_velocity_reg,ready,ct_icp,kitti_seq_08_full,gt-backed,corr_dist_reference,"dense + corr-dist 4.0 + kp 0.5 (existing best, RPE 1.945%)",OK,38.901348,1.978347,0.024526,8.023811,4071,Keep as active challenger,false,11th Gen Intel(R) Core(TM) i5-1145G7 @ 2.60GHz,experiments/results/ct_icp_kitti_seq_08_velocity_reg_matrix.json
ct_icp_kitti_seq_08_velocity_reg,ready,ct_icp,kitti_seq_08_full,gt-backed,velocity_reg_001,+ constant-velocity-weight 0.01 (RPE 1.935%),OK,40.361941,1.949414,0.023975,9.304408,4071,Adopt as current default,true,11th Gen Intel(R) Core(TM) i5-1145G7 @ 2.60GHz,experiments/results/ct_icp_kitti_seq_08_velocity_reg_matrix.json
ct_icp_kitti_seq_08_velocity_reg,ready,ct_icp,kitti_seq_08_full,gt-backed,velocity_reg_0015,"+ constant-velocity-weight 0.015 (winner, RPE 1.905%)",OK,98.562916,1.933481,0.023351,9.400588,4071,Keep as reference variant,false,11th Gen Intel(R) Core(TM) i5-1145G7 @ 2.60GHz,experiments/results/ct_icp_kitti_seq_08_velocity_reg_matrix.json
ct_icp_kitti_simplified_cross_seq_08,ready,ct_icp,kitti_seq_08_full,gt-backed,current_winner,c2f_only (existing seq 08 winner),OK,32.511038,2.119687,0.025611,19.393099,4071,Keep as active challenger,false,,experiments/results/ct_icp_kitti_simplified_cross_seq_08_matrix.json
ct_icp_kitti_simplified_cross_seq_08,ready,ct_icp,kitti_seq_08_full,gt-backed,simplified_seq_00_pattern,map=50 + c2f σ×2 (no ms_chol),OK,27.850333,1.949290,0.024600,18.334631,4071,Adopt as current default,true,,experiments/results/ct_icp_kitti_simplified_cross_seq_08_matrix.json
ct_icp_mcd_kth_day_06_recipes,ready,ct_icp,mcd_kth_day_06_108,gt-backed,cluster_a,cluster A (map=50 + c2f σ×2),OK,6.106694,29.389604,2.354167,12.836262,108,Keep as reference variant,false,,experiments/results/ct_icp_mcd_kth_day_06_recipes_matrix.json
ct_icp_mcd_kth_day_06_recipes,ready,ct_icp,mcd_kth_day_06_108,gt-backed,cluster_d_ms_chol,cluster D (ms_chol),OK,6.163043,29.509396,2.393138,17.309939,108,Keep as active challenger,false,,experiments/results/ct_icp_mcd_kth_day_06_recipes_matrix.json
ct_icp_mcd_kth_day_06_recipes,ready,ct_icp,mcd_kth_day_06_108,gt-backed,dense_reference,dense_window only (current best 6.12 m),OK,6.114585,29.891287,2.381092,17.963315,108,Adopt as current default,true,,experiments/results/ct_icp_mcd_kth_day_06_recipes_matrix.json
ct_icp_mcd_kth_day_06_seeded,ready,ct_icp,mcd_kth_day_06_108,gt-backed,cluster_a_seeded,cluster A + GT seed,OK,2.401156,18.013204,1.511838,15.702040,108,Keep as reference variant,false,,experiments/results/ct_icp_mcd_kth_day_06_seeded_matrix.json
ct_icp_mcd_kth_day_06_seeded,ready,ct_icp,mcd_kth_day_06_108,gt-backed,cluster_d_seeded,cluster D (ms_chol) + GT seed,OK,3.458280,26.234888,2.197064,24.082323,108,Keep as reference variant,false,,experiments/results/ct_icp_mcd_kth_day_06_seeded_matrix.json
ct_icp_mcd_kth_day_06_seeded,ready,ct_icp,mcd_kth_day_06_108,gt-backed,dense_seeded_reference,dense_window + GT seed,OK,2.778014,17.675838,1.581335,28.255376,108,Adopt as current default,true,,experiments/results/ct_icp_mcd_kth_day_06_seeded_matrix.json
ct_icp_profile_tradeoff_mcd_kth_day_06,ready,ct_icp,mcd_kth_day_06_108,gt-backed,balanced_window,Balanced window,OK,6.294894,30.641806,2.398899,34.468722,108,Keep as reference variant,false,,experiments/results/ct_icp_mcd_kth_day_06_matrix.json
ct_icp_profile_tradeoff_mcd_kth_day_06,ready,ct_icp,mcd_kth_day_06_108,gt-backed,dense_window,Dense window,OK,6.114585,29.891287,2.381092,17.288570,108,Keep as reference variant,false,,experiments/results/ct_icp_mcd_kth_day_06_matrix.json
ct_icp_profile_tradeoff_mcd_kth_day_06,ready,ct_icp,mcd_kth_day_06_108,gt-backed,fast_window,Fast window,OK,6.524810,31.124717,2.631934,57.236695,108,Adopt as current default,true,,experiments/results/ct_icp_mcd_kth_day_06_matrix.json
ct_icp_mcd_ntu_day_02_recipes,ready,ct_icp,mcd_ntu_day_02_108,gt-backed,cluster_a,cluster A (map=50 + c2f σ×2),OK,0.372462,77.562895,17.819861,20.651963,108,Keep as active challenger,false,,experiments/results/ct_icp_mcd_ntu_day_02_recipes_matrix.json
ct_icp_mcd_ntu_day_02_recipes,ready,ct_icp,mcd_ntu_day_02_108,gt-backed,cluster_d_ms_chol,cluster D (ms_chol),OK,0.426412,125.393015,18.742477,23.930749,108,Keep as active challenger,false,,experiments/results/ct_icp_mcd_ntu_day_02_recipes_matrix.json
ct_icp_mcd_ntu_day_02_recipes,ready,ct_icp,mcd_ntu_day_02_108,gt-backed,dense_reference,dense_window (current best 0.325 m),OK,0.325263,155.350284,16.620838,21.876931,108,Adopt as current default,true,,experiments/results/ct_icp_mcd_ntu_day_02_recipes_matrix.json
ct_icp_mcd_ntu_day_02_seeded,ready,ct_icp,mcd_ntu_day_02_108,gt-backed,cluster_a_seeded,cluster A + GT seed,OK,0.431521,69.285337,17.759276,21.149737,108,Keep as reference variant,false,,experiments/results/ct_icp_mcd_ntu_day_02_seeded_matrix.json
ct_icp_mcd_ntu_day_02_seeded,ready,ct_icp,mcd_ntu_day_02_108,gt-backed,cluster_d_seeded,cluster D (ms_chol) + GT seed,OK,0.424624,114.023214,17.339945,25.284455,108,Keep as active challenger,false,,experiments/results/ct_icp_mcd_ntu_day_02_seeded_matrix.json
ct_icp_mcd_ntu_day_02_seeded,ready,ct_icp,mcd_ntu_day_02_108,gt-backed,dense_seeded_reference,dense_window + GT seed,OK,0.450979,133.295832,18.851173,28.372130,108,Adopt as current default,true,,experiments/results/ct_icp_mcd_ntu_day_02_seeded_matrix.json
ct_icp_profile_tradeoff_mcd_ntu_day_02,ready,ct_icp,mcd_ntu_day_02_108,gt-backed,balanced_window,Balanced window,OK,0.925862,160.893142,24.595278,29.122859,108,Keep as reference variant,false,,experiments/results/ct_icp_mcd_ntu_day_02_matrix.json
ct_icp_profile_tradeoff_mcd_ntu_day_02,ready,ct_icp,mcd_ntu_day_02_108,gt-backed,dense_window,Dense window,OK,0.325263,155.350284,16.620838,18.615633,108,Adopt as current default,true,,experiments/results/ct_icp_mcd_ntu_day_02_matrix.json
ct_icp_profile_tradeoff_mcd_ntu_day_02,ready,ct_icp,mcd_ntu_day_02_108,gt-backed,fast_window,Fast window,OK,2.498289,232.892232,14.124852,59.998942,108,Keep as reference variant,false,,experiments/results/ct_icp_mcd_ntu_day_02_matrix.json
ct_icp_mcd_tuhh_night_09_recipes,ready,ct_icp,mcd_tuhh_night_09_108,gt-backed,cluster_a,cluster A (map=50 + c2f σ×2),OK,1.533709,100.304881,21.943436,16.595289,108,Keep as reference variant,false,,experiments/results/ct_icp_mcd_tuhh_night_09_recipes_matrix.json
ct_icp_mcd_tuhh_night_09_recipes,ready,ct_icp,mcd_tuhh_night_09_108,gt-backed,cluster_d_ms_chol,cluster D (ms_chol),OK,1.748826,94.435817,21.954142,21.748126,108,Keep as active challenger,false,,experiments/results/ct_icp_mcd_tuhh_night_09_recipes_matrix.json
ct_icp_mcd_tuhh_night_09_recipes,ready,ct_icp,mcd_tuhh_night_09_108,gt-backed,dense_reference,dense_window (current best 1.65 m),OK,1.652374,97.867765,21.936664,22.796122,108,Adopt as current default,true,,experiments/results/ct_icp_mcd_tuhh_night_09_recipes_matrix.json
ct_icp_mcd_tuhh_night_09_seeded,ready,ct_icp,mcd_tuhh_night_09_108,gt-backed,cluster_a_seeded,cluster A + GT seed,OK,0.832027,40.089521,2.090987,17.731968,108,Keep as active challenger,false,,experiments/results/ct_icp_mcd_tuhh_night_09_seeded_matrix.json
ct_icp_mcd_tuhh_night_09_seeded,ready,ct_icp,mcd_tuhh_night_09_108,gt-backed,cluster_d_seeded,cluster D (ms_chol) + GT seed,OK,1.657645,57.629889,3.182327,24.025090,108,Keep as reference variant,false,,experiments/results/ct_icp_mcd_tuhh_night_09_seeded_matrix.json
ct_icp_mcd_tuhh_night_09_seeded,ready,ct_icp,mcd_tuhh_night_09_108,gt-backed,dense_seeded_reference,dense_window + GT seed,OK,1.181929,40.664760,2.768656,27.420155,108,Adopt as current default,true,,experiments/results/ct_icp_mcd_tuhh_night_09_seeded_matrix.json
ct_icp_profile_tradeoff_mcd_tuhh_night_09,ready,ct_icp,mcd_tuhh_night_09_108,gt-backed,balanced_window,Balanced window,OK,2.386729,103.156144,21.850965,27.604986,108,Keep as reference variant,false,,experiments/results/ct_icp_mcd_tuhh_night_09_matrix.json
ct_icp_profile_tradeoff_mcd_tuhh_night_09,ready,ct_icp,mcd_tuhh_night_09_108,gt-backed,dense_window,Dense window,OK,1.652374,97.867765,21.936664,13.952572,108,Keep as reference variant,false,,experiments/results/ct_icp_mcd_tuhh_night_09_matrix.json
ct_icp_profile_tradeoff_mcd_tuhh_night_09,ready,ct_icp,mcd_tuhh_night_09_108,gt-backed,fast_window,Fast window,OK,3.552540,149.906091,22.063407,51.379223,108,Adopt as current default,true,,experiments/results/ct_icp_mcd_tuhh_night_09_matrix.json
ct_icp_mulran_parkinglot_120_recipes,ready,ct_icp,mulran_parkinglot_120,gt-backed,cluster_a_no_seed,"cluster A, no GT seed",OK,15.722178,226.221668,0.102209,19.567274,120,Keep as reference variant,false,,experiments/results/ct_icp_mulran_parkinglot_120_recipes_matrix.json
ct_icp_mulran_parkinglot_120_recipes,ready,ct_icp,mulran_parkinglot_120,gt-backed,cluster_a_with_seed,cluster A + GT seed,OK,2.546571,32.885475,0.529313,17.869489,120,Adopt as current default,true,,experiments/results/ct_icp_mulran_parkinglot_120_recipes_matrix.json
ct_icp_mulran_parkinglot_120_recipes,ready,ct_icp,mulran_parkinglot_120,gt-backed,cluster_d_with_seed,cluster D (ms_chol) + GT seed,OK,4.473306,58.152887,0.457712,25.451574,120,Keep as active challenger,false,,experiments/results/ct_icp_mulran_parkinglot_120_recipes_matrix.json
ct_icp_mulran_parkinglot_120_recipes,ready,ct_icp,mulran_parkinglot_120,gt-backed,dense_reference,dense_window (current best 15.87 m),OK,15.873081,228.876852,0.130849,27.041035,120,Keep as reference variant,false,,experiments/results/ct_icp_mulran_parkinglot_120_recipes_matrix.json
ct_icp_profile_tradeoff_mulran_parkinglot_120,ready,ct_icp,mulran_parkinglot_120,gt-backed,balanced_window,Balanced window,OK,16.279857,231.076324,0.141349,42.265296,120,Keep as reference variant,false,,experiments/results/ct_icp_mulran_parkinglot_120_matrix.json
ct_icp_profile_tradeoff_mulran_parkinglot_120,ready,ct_icp,mulran_parkinglot_120,gt-backed,dense_window,Dense window,OK,15.873081,228.876852,0.130849,20.144666,120,Keep as reference variant,false,,experiments/results/ct_icp_mulran_parkinglot_120_matrix.json
ct_icp_profile_tradeoff_mulran_parkinglot_120,ready,ct_icp,mulran_parkinglot_120,gt-backed,fast_window,Fast window,OK,16.474292,230.557500,0.296730,74.718714,120,Adopt as current default,true,,experiments/results/ct_icp_mulran_parkinglot_120_matrix.json
ct_icp_mulran_parkinglot_full_cluster_a,ready,ct_icp,mulran_parkinglot_full,gt-backed,cluster_a_no_seed,"cluster A (map=50 + c2f σ×2), no GT seed",OK,74.591638,103.657501,0.056486,12.856700,1175,Keep as reference variant,false,,experiments/results/ct_icp_mulran_parkinglot_full_cluster_a_matrix.json
ct_icp_mulran_parkinglot_full_cluster_a,ready,ct_icp,mulran_parkinglot_full,gt-backed,cluster_a_with_ms_chol_seed,cluster A + ms_chol + GT seed,OK,16.399007,22.018579,0.209254,10.400149,1175,Keep as reference variant,false,,experiments/results/ct_icp_mulran_parkinglot_full_cluster_a_matrix.json
ct_icp_mulran_parkinglot_full_cluster_a,ready,ct_icp,mulran_parkinglot_full,gt-backed,cluster_a_with_seed,cluster A (map=50 + c2f σ×2) + GT seed,OK,9.185784,9.969386,0.090951,14.577309,1175,Adopt as current default,true,,experiments/results/ct_icp_mulran_parkinglot_full_cluster_a_matrix.json
ct_icp_profile_tradeoff_mulran_parkinglot_full,ready,ct_icp,mulran_parkinglot_full,gt-backed,balanced_window,Balanced window,OK,76.545000,104.493717,0.071966,35.402869,1175,Keep as reference variant,false,,experiments/results/ct_icp_mulran_parkinglot_full_matrix.json
ct_icp_profile_tradeoff_mulran_parkinglot_full,ready,ct_icp,mulran_parkinglot_full,gt-backed,dense_window,Dense window,OK,74.578194,104.590503,0.158878,17.350619,1175,Keep as reference variant,false,,experiments/results/ct_icp_mulran_parkinglot_full_matrix.json
ct_icp_profile_tradeoff_mulran_parkinglot_full,ready,ct_icp,mulran_parkinglot_full,gt-backed,fast_window,Fast window,OK,80.958211,107.256249,0.155683,59.749697,1175,Adopt as current default,true,,experiments/results/ct_icp_mulran_parkinglot_full_matrix.json
ct_lio_reference_tradeoff,ready,ct_lio,hdl_400_open_ct_lio_120,reference-based,history_smoother_dense,History smoother dense,OK,1.608813,,,25.356933,120,Keep as reference variant,false,,experiments/results/ct_lio_reference_profile_matrix.json
ct_lio_reference_tradeoff,ready,ct_lio,hdl_400_open_ct_lio_120,reference-based,imu_preintegration_default,IMU preintegration default,OK,3.134074,,,26.044445,120,Keep as reference variant,false,,experiments/results/ct_lio_reference_profile_matrix.json
ct_lio_reference_tradeoff,ready,ct_lio,hdl_400_open_ct_lio_120,reference-based,seed_only_fast,Seed-only fast,OK,0.488244,,,17.477206,120,Adopt as current default,true,,experiments/results/ct_lio_reference_profile_matrix.json
ct_lio_hdl_400_public_ros1_synthtime_tradeoff,ready,ct_lio,hdl_400_ros1_open_ct_lio_120_time_index,reference-based,history_smoother_dense,History smoother dense,OK,2.614340,,,25.761412,120,Keep as reference variant,false,,experiments/results/ct_lio_hdl_400_public_ros1_synthtime_matrix.json
ct_lio_hdl_400_public_ros1_synthtime_tradeoff,ready,ct_lio,hdl_400_ros1_open_ct_lio_120_time_index,reference-based,imu_preintegration_default,IMU preintegration default,OK,2.202799,,,8.379268,120,Keep as reference variant,false,,experiments/results/ct_lio_hdl_400_public_ros1_synthtime_matrix.json
ct_lio_hdl_400_public_ros1_synthtime_tradeoff,ready,ct_lio,hdl_400_ros1_open_ct_lio_120_time_index,reference-based,seed_only_fast,Seed-only fast,OK,0.479317,,,19.561344,120,Adopt as current default,true,,experiments/results/ct_lio_hdl_400_public_ros1_synthtime_matrix.json
dlio_profile_tradeoff_hdl_400_reference,ready,dlio,hdl_400_open_ct_lio_120,reference-based,dense,Dense,OK,0.656566,,,1.933713,120,Keep as reference variant,false,,experiments/results/dlio_hdl_400_reference_matrix.json
dlio_profile_tradeoff_hdl_400_reference,ready,dlio,hdl_400_open_ct_lio_120,reference-based,fast,Fast,OK,0.239300,,,12.061980,120,Adopt as current default,true,,experiments/results/dlio_hdl_400_reference_matrix.json
dlio_profile_tradeoff_hdl_400_reference,ready,dlio,hdl_400_open_ct_lio_120,reference-based,kitti_default,KITTI default,OK,0.544742,,,4.753471,120,Keep as reference variant,false,,experiments/results/dlio_hdl_400_reference_matrix.json
dlio_profile_tradeoff_kitti_raw_0009,ready,dlio,kitti_raw_0009_200,gt-backed,dense,Dense,OK,2.724240,,,0.936130,200,Keep as reference variant,false,,experiments/results/dlio_kitti_raw_0009_matrix.json
dlio_profile_tradeoff_kitti_raw_0009,ready,dlio,kitti_raw_0009_200,gt-backed,fast,Fast,OK,2.361788,,,5.327275,200,Adopt as current default,true,,experiments/results/dlio_kitti_raw_0009_matrix.json
dlio_profile_tradeoff_kitti_raw_0009,ready,dlio,kitti_raw_0009_200,gt-backed,kitti_default,KITTI default,OK,2.624233,,,2.219754,200,Keep as reference variant,false,,experiments/results/dlio_kitti_raw_0009_matrix.json
dlio_profile_tradeoff_kitti_raw_0009_nogt,ready,dlio,kitti_raw_0009_200,gt-backed,dense,Dense,OK,2.724240,,,1.210832,200,Keep as reference variant,false,,experiments/results/dlio_kitti_raw_0009_nogt_matrix.json
dlio_profile_tradeoff_kitti_raw_0009_nogt,ready,dlio,kitti_raw_0009_200,gt-backed,fast,Fast,OK,2.361788,,,7.003044,200,Adopt as current default,true,,experiments/results/dlio_kitti_raw_0009_nogt_matrix.json
dlio_profile_tradeoff_kitti_raw_0009_nogt,ready,dlio,kitti_raw_0009_200,gt-backed,kitti_default,KITTI default,OK,2.624233,,,2.743164,200,Keep as reference variant,false,,experiments/results/dlio_kitti_raw_0009_nogt_matrix.json
dlio_profile_tradeoff_kitti_raw_0009_full,ready,dlio,kitti_raw_0009_full,gt-backed,dense,Dense,OK,5.864054,,,1.170912,443,Keep as reference variant,false,,experiments/results/dlio_kitti_raw_0009_full_matrix.json
dlio_profile_tradeoff_kitti_raw_0009_full,ready,dlio,kitti_raw_0009_full,gt-backed,fast,Fast,OK,5.026012,,,7.305497,443,Adopt as current default,true,,experiments/results/dlio_kitti_raw_0009_full_matrix.json
dlio_profile_tradeoff_kitti_raw_0009_full,ready,dlio,kitti_raw_0009_full,gt-backed,kitti_default,KITTI default,OK,5.543298,,,2.827464,443,Keep as reference variant,false,,experiments/results/dlio_kitti_raw_0009_full_matrix.json
dlio_profile_tradeoff_kitti_raw_0061,ready,dlio,kitti_raw_0061_200,gt-backed,dense,Dense,OK,0.801728,,,1.154089,200,Keep as reference variant,false,,experiments/results/dlio_kitti_raw_0061_matrix.json
dlio_profile_tradeoff_kitti_raw_0061,ready,dlio,kitti_raw_0061_200,gt-backed,fast,Fast,OK,0.881768,,,8.480427,200,Adopt as current default,true,,experiments/results/dlio_kitti_raw_0061_matrix.json
dlio_profile_tradeoff_kitti_raw_0061,ready,dlio,kitti_raw_0061_200,gt-backed,kitti_default,KITTI default,OK,0.797539,,,2.740427,200,Keep as reference variant,false,,experiments/results/dlio_kitti_raw_0061_matrix.json
dlio_profile_tradeoff_kitti_raw_0061_full,ready,dlio,kitti_raw_0061_full,gt-backed,dense,Dense,OK,7.595709,,,1.328289,703,Keep as reference variant,false,,experiments/results/dlio_kitti_raw_0061_full_matrix.json
dlio_profile_tradeoff_kitti_raw_0061_full,ready,dlio,kitti_raw_0061_full,gt-backed,fast,Fast,OK,7.369901,,,10.651900,703,Adopt as current default,true,,experiments/results/dlio_kitti_raw_0061_full_matrix.json
dlio_profile_tradeoff_kitti_raw_0061_full,ready,dlio,kitti_raw_0061_full,gt-backed,kitti_default,KITTI default,OK,7.348607,,,3.303321,703,Keep as reference variant,false,,experiments/results/dlio_kitti_raw_0061_full_matrix.json
dlio_profile_tradeoff_mcd_kth_day_06,ready,dlio,mcd_kth_day_06_108,gt-backed,dense,Dense,OK,6.073856,,,2.453296,108,Keep as reference variant,false,,experiments/results/dlio_mcd_kth_day_06_matrix.json
dlio_profile_tradeoff_mcd_kth_day_06,ready,dlio,mcd_kth_day_06_108,gt-backed,fast,Fast,OK,6.080595,,,10.381655,108,Adopt as current default,true,,experiments/results/dlio_mcd_kth_day_06_matrix.json
dlio_profile_tradeoff_mcd_kth_day_06,ready,dlio,mcd_kth_day_06_108,gt-backed,kitti_default,KITTI default,OK,6.070422,,,4.687687,108,Keep as reference variant,false,,experiments/results/dlio_mcd_kth_day_06_matrix.json
dlio_profile_tradeoff_mcd_ntu_day_02,ready,dlio,mcd_ntu_day_02_108,gt-backed,dense,Dense,OK,0.016273,,,6.525400,108,Keep as reference variant,false,,experiments/results/dlio_mcd_ntu_day_02_matrix.json
dlio_profile_tradeoff_mcd_ntu_day_02,ready,dlio,mcd_ntu_day_02_108,gt-backed,fast,Fast,OK,0.033705,,,16.566958,108,Keep as active challenger,false,,experiments/results/dlio_mcd_ntu_day_02_matrix.json
dlio_profile_tradeoff_mcd_ntu_day_02,ready,dlio,mcd_ntu_day_02_108,gt-backed,kitti_default,KITTI default,OK,0.016238,,,10.289113,108,Adopt as current default,true,,experiments/results/dlio_mcd_ntu_day_02_matrix.json
dlio_profile_tradeoff_mcd_tuhh_night_09,ready,dlio,mcd_tuhh_night_09_108,gt-backed,dense,Dense,OK,1.340489,,,4.156610,108,Keep as reference variant,false,,experiments/results/dlio_mcd_tuhh_night_09_matrix.json
dlio_profile_tradeoff_mcd_tuhh_night_09,ready,dlio,mcd_tuhh_night_09_108,gt-backed,fast,Fast,OK,1.344414,,,13.003484,108,Adopt as current default,true,,experiments/results/dlio_mcd_tuhh_night_09_matrix.json
dlio_profile_tradeoff_mcd_tuhh_night_09,ready,dlio,mcd_tuhh_night_09_108,gt-backed,kitti_default,KITTI default,OK,1.342482,,,7.014644,108,Keep as reference variant,false,,experiments/results/dlio_mcd_tuhh_night_09_matrix.json
dlo_profile_tradeoff_hdl_400_reference,ready,dlo,hdl_400_open_ct_lio_120,reference-based,dense,Dense,OK,0.100932,,,4.532659,120,Keep as reference variant,false,,experiments/results/dlo_hdl_400_reference_matrix.json
dlo_profile_tradeoff_hdl_400_reference,ready,dlo,hdl_400_open_ct_lio_120,reference-based,fast,Fast,OK,0.118363,,,15.009659,120,Adopt as current default,true,,experiments/results/dlo_hdl_400_reference_matrix.json
dlo_profile_tradeoff_hdl_400_reference,ready,dlo,hdl_400_open_ct_lio_120,reference-based,kitti_default,KITTI default,OK,0.134154,,,6.653693,120,Keep as reference variant,false,,experiments/results/dlo_hdl_400_reference_matrix.json
dlo_profile_tradeoff_kitti_raw_0009,ready,dlo,kitti_raw_0009_200,gt-backed,dense,Dense,OK,2.724240,,,1.060263,200,Keep as reference variant,false,,experiments/results/dlo_kitti_raw_0009_matrix.json
dlo_profile_tradeoff_kitti_raw_0009,ready,dlo,kitti_raw_0009_200,gt-backed,fast,Fast,OK,2.361788,,,5.949779,200,Adopt as current default,true,,experiments/results/dlo_kitti_raw_0009_matrix.json
dlo_profile_tradeoff_kitti_raw_0009,ready,dlo,kitti_raw_0009_200,gt-backed,kitti_default,KITTI default,OK,2.624233,,,2.349664,200,Keep as reference variant,false,,experiments/results/dlo_kitti_raw_0009_matrix.json
dlo_profile_tradeoff_kitti_raw_0009_nogt,ready,dlo,kitti_raw_0009_200,gt-backed,dense,Dense,OK,2.724240,,,1.197568,200,Keep as reference variant,false,,experiments/results/dlo_kitti_raw_0009_nogt_matrix.json
dlo_profile_tradeoff_kitti_raw_0009_nogt,ready,dlo,kitti_raw_0009_200,gt-backed,fast,Fast,OK,2.361788,,,7.081493,200,Adopt as current default,true,,experiments/results/dlo_kitti_raw_0009_nogt_matrix.json
dlo_profile_tradeoff_kitti_raw_0009_nogt,ready,dlo,kitti_raw_0009_200,gt-backed,kitti_default,KITTI default,OK,2.624233,,,2.812111,200,Keep as reference variant,false,,experiments/results/dlo_kitti_raw_0009_nogt_matrix.json
dlo_profile_tradeoff_kitti_raw_0009_full,ready,dlo,kitti_raw_0009_full,gt-backed,dense,Dense,OK,5.864054,,,1.156828,443,Keep as reference variant,false,,experiments/results/dlo_kitti_raw_0009_full_matrix.json
dlo_profile_tradeoff_kitti_raw_0009_full,ready,dlo,kitti_raw_0009_full,gt-backed,fast,Fast,OK,5.026012,,,7.333610,443,Adopt as current default,true,,experiments/results/dlo_kitti_raw_0009_full_matrix.json
dlo_profile_tradeoff_kitti_raw_0009_full,ready,dlo,kitti_raw_0009_full,gt-backed,kitti_default,KITTI default,OK,5.543298,,,2.599969,443,Keep as reference variant,false,,experiments/results/dlo_kitti_raw_0009_full_matrix.json
dlo_profile_tradeoff_kitti_raw_0061,ready,dlo,kitti_raw_0061_200,gt-backed,dense,Dense,OK,0.801728,,,1.139344,200,Keep as reference variant,false,,experiments/results/dlo_kitti_raw_0061_matrix.json
dlo_profile_tradeoff_kitti_raw_0061,ready,dlo,kitti_raw_0061_200,gt-backed,fast,Fast,OK,0.881768,,,8.465097,200,Adopt as current default,true,,experiments/results/dlo_kitti_raw_0061_matrix.json
dlo_profile_tradeoff_kitti_raw_0061,ready,dlo,kitti_raw_0061_200,gt-backed,kitti_default,KITTI default,OK,0.797539,,,2.758268,200,Keep as reference variant,false,,experiments/results/dlo_kitti_raw_0061_matrix.json
dlo_profile_tradeoff_kitti_raw_0061_full,ready,dlo,kitti_raw_0061_full,gt-backed,dense,Dense,OK,7.595709,,,1.326219,703,Keep as reference variant,false,,experiments/results/dlo_kitti_raw_0061_full_matrix.json
dlo_profile_tradeoff_kitti_raw_0061_full,ready,dlo,kitti_raw_0061_full,gt-backed,fast,Fast,OK,7.369901,,,10.593163,703,Adopt as current default,true,,experiments/results/dlo_kitti_raw_0061_full_matrix.json
dlo_profile_tradeoff_kitti_raw_0061_full,ready,dlo,kitti_raw_0061_full,gt-backed,kitti_default,KITTI default,OK,7.348607,,,3.349865,703,Keep as reference variant,false,,experiments/results/dlo_kitti_raw_0061_full_matrix.json
dlo_profile_tradeoff_mcd_kth_day_06,ready,dlo,mcd_kth_day_06_108,gt-backed,dense,Dense,OK,6.073856,,,2.494215,108,Keep as reference variant,false,,experiments/results/dlo_mcd_kth_day_06_matrix.json
dlo_profile_tradeoff_mcd_kth_day_06,ready,dlo,mcd_kth_day_06_108,gt-backed,fast,Fast,OK,6.080595,,,10.720566,108,Adopt as current default,true,,experiments/results/dlo_mcd_kth_day_06_matrix.json
dlo_profile_tradeoff_mcd_kth_day_06,ready,dlo,mcd_kth_day_06_108,gt-backed,kitti_default,KITTI default,OK,6.070422,,,5.158587,108,Keep as reference variant,false,,experiments/results/dlo_mcd_kth_day_06_matrix.json
dlo_profile_tradeoff_mcd_ntu_day_02,ready,dlo,mcd_ntu_day_02_108,gt-backed,dense,Dense,OK,0.016273,,,6.833617,108,Keep as reference variant,false,,experiments/results/dlo_mcd_ntu_day_02_matrix.json
dlo_profile_tradeoff_mcd_ntu_day_02,ready,dlo,mcd_ntu_day_02_108,gt-backed,fast,Fast,OK,0.033705,,,16.611761,108,Keep as active challenger,false,,experiments/results/dlo_mcd_ntu_day_02_matrix.json
dlo_profile_tradeoff_mcd_ntu_day_02,ready,dlo,mcd_ntu_day_02_108,gt-backed,kitti_default,KITTI default,OK,0.016238,,,10.157369,108,Adopt as current default,true,,experiments/results/dlo_mcd_ntu_day_02_matrix.json
dlo_profile_tradeoff_mcd_tuhh_night_09,ready,dlo,mcd_tuhh_night_09_108,gt-backed,dense,Dense,OK,1.340489,,,4.684355,108,Keep as reference variant,false,,experiments/results/dlo_mcd_tuhh_night_09_matrix.json
dlo_profile_tradeoff_mcd_tuhh_night_09,ready,dlo,mcd_tuhh_night_09_108,gt-backed,fast,Fast,OK,1.344414,,,13.920336,108,Adopt as current default,true,,experiments/results/dlo_mcd_tuhh_night_09_matrix.json
dlo_profile_tradeoff_mcd_tuhh_night_09,ready,dlo,mcd_tuhh_night_09_108,gt-backed,kitti_default,KITTI default,OK,1.342482,,,7.248562,108,Keep as reference variant,false,,experiments/results/dlo_mcd_tuhh_night_09_matrix.json
fast_lio2_hdl_400_reference,ready,fast_lio2,hdl_400_open_ct_lio_120,reference-based,default,Default (no IMU),OK,0.113927,,,3.040097,120,Keep as reference variant,false,,experiments/results/fast_lio2_hdl_400_reference_matrix.json
fast_lio2_hdl_400_reference,ready,fast_lio2,hdl_400_open_ct_lio_120,reference-based,dense,Dense,OK,0.104486,,,1.517056,120,Keep as reference variant,false,,experiments/results/fast_lio2_hdl_400_reference_matrix.json
fast_lio2_hdl_400_reference,ready,fast_lio2,hdl_400_open_ct_lio_120,reference-based,fast,Fast,OK,0.114415,,,9.128332,120,Adopt as current default,true,,experiments/results/fast_lio2_hdl_400_reference_matrix.json
fast_lio2_kitti_raw_0009,ready,fast_lio2,kitti_raw_0009_200,gt-backed,default,Default (no IMU),OK,2.482925,,,5.152178,200,Keep as reference variant,false,,experiments/results/fast_lio2_kitti_raw_0009_matrix.json
fast_lio2_kitti_raw_0009,ready,fast_lio2,kitti_raw_0009_200,gt-backed,dense,Dense,OK,2.656421,,,2.732254,200,Keep as reference variant,false,,experiments/results/fast_lio2_kitti_raw_0009_matrix.json
fast_lio2_kitti_raw_0009,ready,fast_lio2,kitti_raw_0009_200,gt-backed,fast,Fast,OK,2.328348,,,12.286631,200,Adopt as current default,true,,experiments/results/fast_lio2_kitti_raw_0009_matrix.json
fast_lio2_kitti_raw_0009_nogt,ready,fast_lio2,kitti_raw_0009_200,gt-backed,default,Default (no IMU),OK,2.482925,,,5.180157,200,Keep as reference variant,false,,experiments/results/fast_lio2_kitti_raw_0009_nogt_matrix.json
fast_lio2_kitti_raw_0009_nogt,ready,fast_lio2,kitti_raw_0009_200,gt-backed,dense,Dense,OK,2.656421,,,3.027544,200,Keep as reference variant,false,,experiments/results/fast_lio2_kitti_raw_0009_nogt_matrix.json
fast_lio2_kitti_raw_0009_nogt,ready,fast_lio2,kitti_raw_0009_200,gt-backed,fast,Fast,OK,2.328348,,,12.674145,200,Adopt as current default,true,,experiments/results/fast_lio2_kitti_raw_0009_nogt_matrix.json
fast_lio2_kitti_raw_0009_full,ready,fast_lio2,kitti_raw_0009_full,gt-backed,default,Default (no IMU),OK,5.468460,,,4.387948,443,Keep as reference variant,false,,experiments/results/fast_lio2_kitti_raw_0009_full_matrix.json
fast_lio2_kitti_raw_0009_full,ready,fast_lio2,kitti_raw_0009_full,gt-backed,dense,Dense,OK,5.759212,,,2.986080,443,Keep as reference variant,false,,experiments/results/fast_lio2_kitti_raw_0009_full_matrix.json
fast_lio2_kitti_raw_0009_full,ready,fast_lio2,kitti_raw_0009_full,gt-backed,fast,Fast,OK,5.198679,,,13.508599,443,Adopt as current default,true,,experiments/results/fast_lio2_kitti_raw_0009_full_matrix.json
fast_lio2_kitti_raw_0061,ready,fast_lio2,kitti_raw_0061_200,gt-backed,default,Default (no IMU),OK,0.729201,,,4.193364,200,Keep as reference variant,false,,experiments/results/fast_lio2_kitti_raw_0061_matrix.json
fast_lio2_kitti_raw_0061,ready,fast_lio2,kitti_raw_0061_200,gt-backed,dense,Dense,OK,0.738747,,,2.947465,200,Keep as reference variant,false,,experiments/results/fast_lio2_kitti_raw_0061_matrix.json
fast_lio2_kitti_raw_0061,ready,fast_lio2,kitti_raw_0061_200,gt-backed,fast,Fast,OK,0.633601,,,13.570689,200,Adopt as current default,true,,experiments/results/fast_lio2_kitti_raw_0061_matrix.json
fast_lio2_kitti_raw_0061_full,ready,fast_lio2,kitti_raw_0061_full,gt-backed,default,Default (no IMU),OK,5.350641,,,4.282730,703,Keep as reference variant,false,,experiments/results/fast_lio2_kitti_raw_0061_full_matrix.json
fast_lio2_kitti_raw_0061_full,ready,fast_lio2,kitti_raw_0061_full,gt-backed,dense,Dense,OK,5.881377,,,2.315436,703,Keep as reference variant,false,,experiments/results/fast_lio2_kitti_raw_0061_full_matrix.json
fast_lio2_kitti_raw_0061_full,ready,fast_lio2,kitti_raw_0061_full,gt-backed,fast,Fast,OK,5.065538,,,13.486389,703,Adopt as current default,true,,experiments/results/fast_lio2_kitti_raw_0061_full_matrix.json
fast_lio2_mcd_kth_day_06,ready,fast_lio2,mcd_kth_day_06_108,gt-backed,default,Default (no IMU),OK,6.086179,,,3.717347,108,Keep as reference variant,false,,experiments/results/fast_lio2_mcd_kth_day_06_matrix.json
fast_lio2_mcd_kth_day_06,ready,fast_lio2,mcd_kth_day_06_108,gt-backed,dense,Dense,OK,6.087234,,,2.532424,108,Keep as reference variant,false,,experiments/results/fast_lio2_mcd_kth_day_06_matrix.json
fast_lio2_mcd_kth_day_06,ready,fast_lio2,mcd_kth_day_06_108,gt-backed,fast,Fast,OK,6.071727,,,12.440676,108,Adopt as current default,true,,experiments/results/fast_lio2_mcd_kth_day_06_matrix.json
fast_lio2_mcd_ntu_day_02,ready,fast_lio2,mcd_ntu_day_02_108,gt-backed,default,Default (no IMU),OK,0.024719,,,10.291883,108,Keep as reference variant,false,,experiments/results/fast_lio2_mcd_ntu_day_02_matrix.json
fast_lio2_mcd_ntu_day_02,ready,fast_lio2,mcd_ntu_day_02_108,gt-backed,dense,Dense,OK,0.026959,,,7.838298,108,Keep as reference variant,false,,experiments/results/fast_lio2_mcd_ntu_day_02_matrix.json
fast_lio2_mcd_ntu_day_02,ready,fast_lio2,mcd_ntu_day_02_108,gt-backed,fast,Fast,OK,0.024772,,,23.695211,108,Adopt as current default,true,,experiments/results/fast_lio2_mcd_ntu_day_02_matrix.json
fast_lio2_mcd_tuhh_night_09,ready,fast_lio2,mcd_tuhh_night_09_108,gt-backed,default,Default (no IMU),OK,1.334217,,,5.378125,108,Keep as reference variant,false,,experiments/results/fast_lio2_mcd_tuhh_night_09_matrix.json
fast_lio2_mcd_tuhh_night_09,ready,fast_lio2,mcd_tuhh_night_09_108,gt-backed,dense,Dense,OK,1.333296,,,3.281773,108,Keep as reference variant,false,,experiments/results/fast_lio2_mcd_tuhh_night_09_matrix.json
fast_lio2_mcd_tuhh_night_09,ready,fast_lio2,mcd_tuhh_night_09_108,gt-backed,fast,Fast,OK,1.338921,,,14.153920,108,Adopt as current default,true,,experiments/results/fast_lio2_mcd_tuhh_night_09_matrix.json
fast_lio_slam_hdl_400_reference,ready,fast_lio_slam,hdl_400_open_ct_lio_120,reference-based,default,Default (no IMU),OK,0.113927,,,2.911188,120,Keep as reference variant,false,,experiments/results/fast_lio_slam_hdl_400_reference_matrix.json
fast_lio_slam_hdl_400_reference,ready,fast_lio_slam,hdl_400_open_ct_lio_120,reference-based,dense,Dense,OK,0.109169,,,1.544028,120,Keep as reference variant,false,,experiments/results/fast_lio_slam_hdl_400_reference_matrix.json
fast_lio_slam_hdl_400_reference,ready,fast_lio_slam,hdl_400_open_ct_lio_120,reference-based,fast,Fast,OK,0.127792,,,8.441544,120,Adopt as current default,true,,experiments/results/fast_lio_slam_hdl_400_reference_matrix.json
fast_lio_slam_kitti_raw_0009,ready,fast_lio_slam,kitti_raw_0009_200,gt-backed,default,Default (no IMU),OK,2.482925,,,3.873880,200,Keep as reference variant,false,,experiments/results/fast_lio_slam_kitti_raw_0009_matrix.json
fast_lio_slam_kitti_raw_0009,ready,fast_lio_slam,kitti_raw_0009_200,gt-backed,dense,Dense,OK,2.620807,,,2.734975,200,Keep as reference variant,false,,experiments/results/fast_lio_slam_kitti_raw_0009_matrix.json
fast_lio_slam_kitti_raw_0009,ready,fast_lio_slam,kitti_raw_0009_200,gt-backed,fast,Fast,OK,2.381692,,,8.783401,200,Adopt as current default,true,,experiments/results/fast_lio_slam_kitti_raw_0009_matrix.json
fast_lio_slam_kitti_raw_0009_nogt,ready,fast_lio_slam,kitti_raw_0009_200,gt-backed,default,Default (no IMU),OK,2.482925,,,5.096536,200,Keep as reference variant,false,,experiments/results/fast_lio_slam_kitti_raw_0009_nogt_matrix.json
fast_lio_slam_kitti_raw_0009_nogt,ready,fast_lio_slam,kitti_raw_0009_200,gt-backed,dense,Dense,OK,2.620807,,,3.005558,200,Keep as reference variant,false,,experiments/results/fast_lio_slam_kitti_raw_0009_nogt_matrix.json
fast_lio_slam_kitti_raw_0009_nogt,ready,fast_lio_slam,kitti_raw_0009_200,gt-backed,fast,Fast,OK,2.381692,,,11.290223,200,Adopt as current default,true,,experiments/results/fast_lio_slam_kitti_raw_0009_nogt_matrix.json
fast_lio_slam_kitti_raw_0009_full,ready,fast_lio_slam,kitti_raw_0009_full,gt-backed,default,Default (no IMU),OK,5.468460,,,3.360696,443,Keep as reference variant,false,,experiments/results/fast_lio_slam_kitti_raw_0009_full_matrix.json
fast_lio_slam_kitti_raw_0009_full,ready,fast_lio_slam,kitti_raw_0009_full,gt-backed,dense,Dense,OK,5.700504,,,2.625304,443,Keep as reference variant,false,,experiments/results/fast_lio_slam_kitti_raw_0009_full_matrix.json
fast_lio_slam_kitti_raw_0009_full,ready,fast_lio_slam,kitti_raw_0009_full,gt-backed,fast,Fast,OK,5.289333,,,11.256113,443,Adopt as current default,true,,experiments/results/fast_lio_slam_kitti_raw_0009_full_matrix.json
fast_lio_slam_kitti_raw_0061,ready,fast_lio_slam,kitti_raw_0061_200,gt-backed,default,Default (no IMU),OK,0.729201,,,3.738419,200,Keep as reference variant,false,,experiments/results/fast_lio_slam_kitti_raw_0061_matrix.json
fast_lio_slam_kitti_raw_0061,ready,fast_lio_slam,kitti_raw_0061_200,gt-backed,dense,Dense,OK,0.736236,,,2.440662,200,Keep as reference variant,false,,experiments/results/fast_lio_slam_kitti_raw_0061_matrix.json
fast_lio_slam_kitti_raw_0061,ready,fast_lio_slam,kitti_raw_0061_200,gt-backed,fast,Fast,OK,0.659784,,,11.214183,200,Adopt as current default,true,,experiments/results/fast_lio_slam_kitti_raw_0061_matrix.json
fast_lio_slam_kitti_raw_0061_full,ready,fast_lio_slam,kitti_raw_0061_full,gt-backed,default,Default (no IMU),OK,5.350641,,,2.460138,703,Keep as reference variant,false,,experiments/results/fast_lio_slam_kitti_raw_0061_full_matrix.json
fast_lio_slam_kitti_raw_0061_full,ready,fast_lio_slam,kitti_raw_0061_full,gt-backed,dense,Dense,OK,5.756458,,,0.840408,703,Keep as reference variant,false,,experiments/results/fast_lio_slam_kitti_raw_0061_full_matrix.json
fast_lio_slam_kitti_raw_0061_full,ready,fast_lio_slam,kitti_raw_0061_full,gt-backed,fast,Fast,OK,4.945071,,,9.117200,703,Adopt as current default,true,,experiments/results/fast_lio_slam_kitti_raw_0061_full_matrix.json
fast_lio_slam_mcd_kth_day_06,ready,fast_lio_slam,mcd_kth_day_06_108,gt-backed,default,Default (no IMU),OK,6.086179,,,3.625335,108,Keep as reference variant,false,,experiments/results/fast_lio_slam_mcd_kth_day_06_matrix.json
fast_lio_slam_mcd_kth_day_06,ready,fast_lio_slam,mcd_kth_day_06_108,gt-backed,dense,Dense,OK,6.091332,,,1.800082,108,Keep as reference variant,false,,experiments/results/fast_lio_slam_mcd_kth_day_06_matrix.json
fast_lio_slam_mcd_kth_day_06,ready,fast_lio_slam,mcd_kth_day_06_108,gt-backed,fast,Fast,OK,6.074937,,,9.424651,108,Adopt as current default,true,,experiments/results/fast_lio_slam_mcd_kth_day_06_matrix.json
fast_lio_slam_mcd_ntu_day_02,ready,fast_lio_slam,mcd_ntu_day_02_108,gt-backed,default,Default (no IMU),OK,0.024719,,,9.020938,108,Keep as reference variant,false,,experiments/results/fast_lio_slam_mcd_ntu_day_02_matrix.json
fast_lio_slam_mcd_ntu_day_02,ready,fast_lio_slam,mcd_ntu_day_02_108,gt-backed,dense,Dense,OK,0.025344,,,5.972081,108,Keep as reference variant,false,,experiments/results/fast_lio_slam_mcd_ntu_day_02_matrix.json
fast_lio_slam_mcd_ntu_day_02,ready,fast_lio_slam,mcd_ntu_day_02_108,gt-backed,fast,Fast,OK,0.027647,,,20.416410,108,Adopt as current default,true,,experiments/results/fast_lio_slam_mcd_ntu_day_02_matrix.json
fast_lio_slam_mcd_tuhh_night_09,ready,fast_lio_slam,mcd_tuhh_night_09_108,gt-backed,default,Default (no IMU),OK,1.334217,,,4.938815,108,Keep as reference variant,false,,experiments/results/fast_lio_slam_mcd_tuhh_night_09_matrix.json
fast_lio_slam_mcd_tuhh_night_09,ready,fast_lio_slam,mcd_tuhh_night_09_108,gt-backed,dense,Dense,OK,1.329959,,,3.096000,108,Keep as reference variant,false,,experiments/results/fast_lio_slam_mcd_tuhh_night_09_matrix.json
fast_lio_slam_mcd_tuhh_night_09,ready,fast_lio_slam,mcd_tuhh_night_09_108,gt-backed,fast,Fast,OK,1.331989,,,12.753311,108,Adopt as current default,true,,experiments/results/fast_lio_slam_mcd_tuhh_night_09_matrix.json
fast_livo2_profile_tradeoff_kitti_raw_0009,ready,fast_livo2,kitti_raw_0009_200,gt-backed,default,Default,OK,31.298371,,,2.649651,187,Keep as reference variant,false,,experiments/results/fast_livo2_kitti_raw_0009_matrix.json
fast_livo2_profile_tradeoff_kitti_raw_0009,ready,fast_livo2,kitti_raw_0009_200,gt-backed,dense,Dense,OK,31.298351,,,2.338494,187,Keep as reference variant,false,,experiments/results/fast_livo2_kitti_raw_0009_matrix.json
fast_livo2_profile_tradeoff_kitti_raw_0009,ready,fast_livo2,kitti_raw_0009_200,gt-backed,fast,Fast,OK,31.368137,,,8.304955,187,Adopt as current default,true,,experiments/results/fast_livo2_kitti_raw_0009_matrix.json
fast_livo2_profile_tradeoff_kitti_raw_0009_full,ready,fast_livo2,kitti_raw_0009_full,gt-backed,default,Default,OK,49.423370,,,2.152091,443,Keep as reference variant,false,,experiments/results/fast_livo2_kitti_raw_0009_full_matrix.json
fast_livo2_profile_tradeoff_kitti_raw_0009_full,ready,fast_livo2,kitti_raw_0009_full,gt-backed,dense,Dense,OK,49.209270,,,2.265856,443,Keep as reference variant,false,,experiments/results/fast_livo2_kitti_raw_0009_full_matrix.json
fast_livo2_profile_tradeoff_kitti_raw_0009_full,ready,fast_livo2,kitti_raw_0009_full,gt-backed,fast,Fast,OK,49.629492,,,7.454006,443,Adopt as current default,true,,experiments/results/fast_livo2_kitti_raw_0009_full_matrix.json
fast_livo2_profile_tradeoff_kitti_raw_0061,ready,fast_livo2,kitti_raw_0061_200,gt-backed,default,Default,OK,27.933705,,,2.810901,196,Keep as reference variant,false,,experiments/results/fast_livo2_kitti_raw_0061_matrix.json
fast_livo2_profile_tradeoff_kitti_raw_0061,ready,fast_livo2,kitti_raw_0061_200,gt-backed,dense,Dense,OK,27.774233,,,1.826289,196,Keep as reference variant,false,,experiments/results/fast_livo2_kitti_raw_0061_matrix.json
fast_livo2_profile_tradeoff_kitti_raw_0061,ready,fast_livo2,kitti_raw_0061_200,gt-backed,fast,Fast,OK,27.581017,,,7.172801,196,Adopt as current default,true,,experiments/results/fast_livo2_kitti_raw_0061_matrix.json
fast_livo2_profile_tradeoff_kitti_raw_0061_full,ready,fast_livo2,kitti_raw_0061_full,gt-backed,default,Default,OK,96.904316,,,4.068294,691,Keep as reference variant,false,,experiments/results/fast_livo2_kitti_raw_0061_full_matrix.json
fast_livo2_profile_tradeoff_kitti_raw_0061_full,ready,fast_livo2,kitti_raw_0061_full,gt-backed,dense,Dense,OK,96.759492,,,2.996566,691,Keep as reference variant,false,,experiments/results/fast_livo2_kitti_raw_0061_full_matrix.json
fast_livo2_profile_tradeoff_kitti_raw_0061_full,ready,fast_livo2,kitti_raw_0061_full,gt-backed,fast,Fast,OK,96.345205,,,14.034048,691,Adopt as current default,true,,experiments/results/fast_livo2_kitti_raw_0061_full_matrix.json
floam_profile_tradeoff_hdl_400_reference,ready,floam,hdl_400_open_ct_lio_120,reference-based,dense,Dense,OK,0.194077,,,6.897544,120,Keep as reference variant,false,,experiments/results/floam_hdl_400_reference_matrix.json
floam_profile_tradeoff_hdl_400_reference,ready,floam,hdl_400_open_ct_lio_120,reference-based,fast,Fast,OK,0.411389,,,64.153154,120,Adopt as current default,true,,experiments/results/floam_hdl_400_reference_matrix.json
floam_profile_tradeoff_hdl_400_reference,ready,floam,hdl_400_open_ct_lio_120,reference-based,kitti_default,KITTI default,OK,0.193466,,,27.585257,120,Keep as active challenger,false,,experiments/results/floam_hdl_400_reference_matrix.json
floam_profile_tradeoff_kitti_raw_0009,ready,floam,kitti_raw_0009_200,gt-backed,dense,Dense,OK,2.883337,,,2.600506,200,Keep as reference variant,false,,experiments/results/floam_kitti_raw_0009_matrix.json
floam_profile_tradeoff_kitti_raw_0009,ready,floam,kitti_raw_0009_200,gt-backed,fast,Fast,OK,3.485754,,,24.630711,200,Adopt as current default,true,,experiments/results/floam_kitti_raw_0009_matrix.json
floam_profile_tradeoff_kitti_raw_0009,ready,floam,kitti_raw_0009_200,gt-backed,kitti_default,KITTI default,OK,3.684878,,,11.056413,200,Keep as reference variant,false,,experiments/results/floam_kitti_raw_0009_matrix.json
floam_profile_tradeoff_kitti_raw_0009_nogt,ready,floam,kitti_raw_0009_200,gt-backed,dense,Dense,OK,2.883337,,,2.904034,200,Keep as reference variant,false,,experiments/results/floam_kitti_raw_0009_nogt_matrix.json
floam_profile_tradeoff_kitti_raw_0009_nogt,ready,floam,kitti_raw_0009_200,gt-backed,fast,Fast,OK,3.485754,,,28.042056,200,Adopt as current default,true,,experiments/results/floam_kitti_raw_0009_nogt_matrix.json
floam_profile_tradeoff_kitti_raw_0009_nogt,ready,floam,kitti_raw_0009_200,gt-backed,kitti_default,KITTI default,OK,3.684878,,,12.392298,200,Keep as reference variant,false,,experiments/results/floam_kitti_raw_0009_nogt_matrix.json
floam_profile_tradeoff_kitti_raw_0009_full,ready,floam,kitti_raw_0009_full,gt-backed,dense,Dense,OK,6.094400,,,2.776704,443,Keep as reference variant,false,,experiments/results/floam_kitti_raw_0009_full_matrix.json
floam_profile_tradeoff_kitti_raw_0009_full,ready,floam,kitti_raw_0009_full,gt-backed,fast,Fast,OK,5.452120,,,28.590294,443,Adopt as current default,true,,experiments/results/floam_kitti_raw_0009_full_matrix.json
floam_profile_tradeoff_kitti_raw_0009_full,ready,floam,kitti_raw_0009_full,gt-backed,kitti_default,KITTI default,OK,6.564144,,,11.907639,443,Keep as reference variant,false,,experiments/results/floam_kitti_raw_0009_full_matrix.json
floam_profile_tradeoff_kitti_raw_0061,ready,floam,kitti_raw_0061_200,gt-backed,dense,Dense,OK,0.587115,,,3.033261,200,Keep as reference variant,false,,experiments/results/floam_kitti_raw_0061_matrix.json
floam_profile_tradeoff_kitti_raw_0061,ready,floam,kitti_raw_0061_200,gt-backed,fast,Fast,OK,0.756369,,,25.910127,200,Adopt as current default,true,,experiments/results/floam_kitti_raw_0061_matrix.json
floam_profile_tradeoff_kitti_raw_0061,ready,floam,kitti_raw_0061_200,gt-backed,kitti_default,KITTI default,OK,0.595924,,,11.879397,200,Keep as reference variant,false,,experiments/results/floam_kitti_raw_0061_matrix.json
floam_profile_tradeoff_kitti_raw_0061_full,ready,floam,kitti_raw_0061_full,gt-backed,dense,Dense,OK,5.400947,,,3.833778,703,Keep as reference variant,false,,experiments/results/floam_kitti_raw_0061_full_matrix.json
floam_profile_tradeoff_kitti_raw_0061_full,ready,floam,kitti_raw_0061_full,gt-backed,fast,Fast,OK,3.821616,,,30.717909,703,Adopt as current default,true,,experiments/results/floam_kitti_raw_0061_full_matrix.json
floam_profile_tradeoff_kitti_raw_0061_full,ready,floam,kitti_raw_0061_full,gt-backed,kitti_default,KITTI default,OK,5.859508,,,14.263203,703,Keep as reference variant,false,,experiments/results/floam_kitti_raw_0061_full_matrix.json
floam_kitti_seq_00_full_transfer,ready,floam,kitti_seq_00_full,gt-backed,dense,Dense,OK,9.833596,0.921410,0.008046,1.569616,4541,Keep as reference variant,false,11th Gen Intel(R) Core(TM) i5-1145G7 @ 2.60GHz,experiments/results/floam_kitti_seq_00_full_transfer_matrix.json
floam_kitti_seq_00_full_transfer,ready,floam,kitti_seq_00_full,gt-backed,kitti_default,KITTI default,OK,19.163961,0.967921,0.007795,6.463450,4541,Adopt as current default,true,11th Gen Intel(R) Core(TM) i5-1145G7 @ 2.60GHz,experiments/results/floam_kitti_seq_00_full_transfer_matrix.json
floam_kitti_seq_02_full_transfer,ready,floam,kitti_seq_02_full,gt-backed,dense,Dense,OK,52.068212,0.937750,0.006809,1.564183,4661,Keep as reference variant,false,11th Gen Intel(R) Core(TM) i5-1145G7 @ 2.60GHz,experiments/results/floam_kitti_seq_02_full_transfer_matrix.json
floam_kitti_seq_02_full_transfer,ready,floam,kitti_seq_02_full,gt-backed,kitti_default,KITTI default,OK,77.796485,1.072339,0.007142,5.926579,4661,Adopt as current default,true,11th Gen Intel(R) Core(TM) i5-1145G7 @ 2.60GHz,experiments/results/floam_kitti_seq_02_full_transfer_matrix.json
floam_kitti_seq_05_full_transfer,ready,floam,kitti_seq_05_full,gt-backed,dense,Dense,OK,6.035067,0.537259,0.006457,0.627592,2761,Keep as reference variant,false,11th Gen Intel(R) Core(TM) i5-1145G7 @ 2.60GHz,experiments/results/floam_kitti_seq_05_full_transfer_matrix.json
floam_kitti_seq_05_full_transfer,ready,floam,kitti_seq_05_full,gt-backed,kitti_default,KITTI default,OK,6.780194,0.556133,0.006240,1.950932,2761,Adopt as current default,true,11th Gen Intel(R) Core(TM) i5-1145G7 @ 2.60GHz,experiments/results/floam_kitti_seq_05_full_transfer_matrix.json
floam_kitti_seq_07_full_sweep,ready,floam,kitti_seq_07_full,gt-backed,dense,Dense,OK,2.971748,0.612719,0.006754,0.981424,1101,Keep as reference variant,false,11th Gen Intel(R) Core(TM) i5-1145G7 @ 2.60GHz,experiments/results/floam_kitti_seq_07_full_sweep_matrix.json
floam_kitti_seq_07_full_sweep,ready,floam,kitti_seq_07_full,gt-backed,fast,Fast,OK,5.025975,1.262249,0.012368,8.711532,1101,Adopt as current default,true,11th Gen Intel(R) Core(TM) i5-1145G7 @ 2.60GHz,experiments/results/floam_kitti_seq_07_full_sweep_matrix.json
floam_kitti_seq_07_full_sweep,ready,floam,kitti_seq_07_full,gt-backed,kitti_default,KITTI default,OK,3.244808,0.789386,0.007147,3.807239,1101,Keep as reference variant,false,11th Gen Intel(R) Core(TM) i5-1145G7 @ 2.60GHz,experiments/results/floam_kitti_seq_07_full_sweep_matrix.json
floam_kitti_seq_08_full_transfer,ready,floam,kitti_seq_08_full,gt-backed,dense,Dense,OK,20.440418,1.399647,0.005927,1.382758,4071,Keep as reference variant,false,11th Gen Intel(R) Core(TM) i5-1145G7 @ 2.60GHz,experiments/results/floam_kitti_seq_08_full_transfer_matrix.json
floam_kitti_seq_08_full_transfer,ready,floam,kitti_seq_08_full,gt-backed,kitti_default,KITTI default,OK,16.515801,1.566665,0.006742,5.972517,4071,Adopt as current default,true,11th Gen Intel(R) Core(TM) i5-1145G7 @ 2.60GHz,experiments/results/floam_kitti_seq_08_full_transfer_matrix.json
floam_profile_tradeoff_mcd_kth_day_06,ready,floam,mcd_kth_day_06_108,gt-backed,dense,Dense,OK,6.083842,,,2.871370,108,Keep as reference variant,false,,experiments/results/floam_mcd_kth_day_06_matrix.json
floam_profile_tradeoff_mcd_kth_day_06,ready,floam,mcd_kth_day_06_108,gt-backed,fast,Fast,OK,6.005421,,,31.117248,108,Adopt as current default,true,,experiments/results/floam_mcd_kth_day_06_matrix.json
floam_profile_tradeoff_mcd_kth_day_06,ready,floam,mcd_kth_day_06_108,gt-backed,kitti_default,KITTI default,OK,6.061389,,,13.571918,108,Keep as reference variant,false,,experiments/results/floam_mcd_kth_day_06_matrix.json
floam_profile_tradeoff_mcd_ntu_day_02,ready,floam,mcd_ntu_day_02_108,gt-backed,dense,Dense,OK,0.113224,,,2.698221,108,Keep as reference variant,false,,experiments/results/floam_mcd_ntu_day_02_matrix.json
floam_profile_tradeoff_mcd_ntu_day_02,ready,floam,mcd_ntu_day_02_108,gt-backed,fast,Fast,OK,0.151863,,,26.990908,108,Adopt as current default,true,,experiments/results/floam_mcd_ntu_day_02_matrix.json
floam_profile_tradeoff_mcd_ntu_day_02,ready,floam,mcd_ntu_day_02_108,gt-backed,kitti_default,KITTI default,OK,0.110632,,,11.863633,108,Keep as reference variant,false,,experiments/results/floam_mcd_ntu_day_02_matrix.json
floam_profile_tradeoff_mcd_tuhh_night_09,ready,floam,mcd_tuhh_night_09_108,gt-backed,dense,Dense,OK,1.377401,,,2.515030,108,Keep as reference variant,false,,experiments/results/floam_mcd_tuhh_night_09_matrix.json
floam_profile_tradeoff_mcd_tuhh_night_09,ready,floam,mcd_tuhh_night_09_108,gt-backed,fast,Fast,OK,1.344956,,,27.605206,108,Adopt as current default,true,,experiments/results/floam_mcd_tuhh_night_09_matrix.json
floam_profile_tradeoff_mcd_tuhh_night_09,ready,floam,mcd_tuhh_night_09_108,gt-backed,kitti_default,KITTI default,OK,1.361545,,,11.980081,108,Keep as reference variant,false,,experiments/results/floam_mcd_tuhh_night_09_matrix.json
genz_icp_profile_nclt_2013_01_10,ready,genz_icp,nclt_2013_01_10_120,gt-backed,default,Default profile,OK,3.512657,95.822250,2.192503,7.568846,120,Adopt as current default,true,,experiments/results/genz_icp_nclt_2013_01_10_matrix.json
genz_icp_profile_nclt_2013_01_10,ready,genz_icp,nclt_2013_01_10_120,gt-backed,dense_profile,Dense profile,OK,5.092956,125.658498,8.627724,7.875007,120,Keep as reference variant,false,,experiments/results/genz_icp_nclt_2013_01_10_matrix.json
genz_icp_profile_nclt_2013_01_10,ready,genz_icp,nclt_2013_01_10_120,gt-backed,fast_profile,Fast profile,OK,10.075964,261.527772,2.903153,10.963427,120,Keep as reference variant,false,,experiments/results/genz_icp_nclt_2013_01_10_matrix.json
gicp_profile_tradeoff,ready,gicp,autoware_istanbul_open_108,gt-backed,balanced_local_map,Balanced local map,OK,0.993857,,,3.387676,108,Keep as reference variant,false,,experiments/results/gicp_profile_matrix.json
gicp_profile_tradeoff,ready,gicp,autoware_istanbul_open_108,gt-backed,dense_recent_map,Dense recent map,OK,1.008949,,,1.874979,108,Keep as reference variant,false,,experiments/results/gicp_profile_matrix.json
gicp_profile_tradeoff,ready,gicp,autoware_istanbul_open_108,gt-backed,fast_recent_map,Fast recent map,OK,1.074032,,,6.269615,108,Adopt as current default,true,,experiments/results/gicp_profile_matrix.json
gicp_profile_tradeoff_istanbul_window_b,ready,gicp,autoware_istanbul_open_108_b,gt-backed,balanced_local_map,Balanced local map,OK,1.232723,,,3.125690,108,Keep as reference variant,false,,experiments/results/gicp_istanbul_window_b_matrix.json
gicp_profile_tradeoff_istanbul_window_b,ready,gicp,autoware_istanbul_open_108_b,gt-backed,dense_recent_map,Dense recent map,OK,1.228284,,,1.643233,108,Keep as reference variant,false,,experiments/results/gicp_istanbul_window_b_matrix.json
gicp_profile_tradeoff_istanbul_window_b,ready,gicp,autoware_istanbul_open_108_b,gt-backed,fast_recent_map,Fast recent map,OK,1.165895,,,5.677428,108,Adopt as current default,true,,experiments/results/gicp_istanbul_window_b_matrix.json
gicp_profile_tradeoff_istanbul_window_c,ready,gicp,autoware_istanbul_open_108_c,gt-backed,balanced_local_map,Balanced local map,OK,1.254264,,,2.300989,108,Keep as reference variant,false,,experiments/results/gicp_istanbul_window_c_matrix.json
gicp_profile_tradeoff_istanbul_window_c,ready,gicp,autoware_istanbul_open_108_c,gt-backed,dense_recent_map,Dense recent map,OK,1.294926,,,1.295687,108,Keep as reference variant,false,,experiments/results/gicp_istanbul_window_c_matrix.json
gicp_profile_tradeoff_istanbul_window_c,ready,gicp,autoware_istanbul_open_108_c,gt-backed,fast_recent_map,Fast recent map,OK,0.981916,,,4.265101,108,Adopt as current default,true,,experiments/results/gicp_istanbul_window_c_matrix.json
gicp_profile_tradeoff_hdl_400_reference,ready,gicp,hdl_400_open_ct_lio_120,reference-based,balanced_local_map,Balanced local map,OK,0.146016,,,16.032025,120,Keep as active challenger,false,,experiments/results/gicp_hdl_400_reference_matrix.json
gicp_profile_tradeoff_hdl_400_reference,ready,gicp,hdl_400_open_ct_lio_120,reference-based,dense_recent_map,Dense recent map,OK,0.101173,,,9.291615,120,Keep as active challenger,false,,experiments/results/gicp_hdl_400_reference_matrix.json
gicp_profile_tradeoff_hdl_400_reference,ready,gicp,hdl_400_open_ct_lio_120,reference-based,fast_recent_map,Fast recent map,OK,0.214675,,,23.337712,120,Adopt as current default,true,,experiments/results/gicp_hdl_400_reference_matrix.json
gicp_profile_tradeoff_hdl_400_reference_b,ready,gicp,hdl_400_open_ct_lio_120_b,reference-based,balanced_local_map,Balanced local map,OK,0.206820,,,0.824845,120,Keep as reference variant,false,,experiments/results/gicp_hdl_400_reference_b_matrix.json
gicp_profile_tradeoff_hdl_400_reference_b,ready,gicp,hdl_400_open_ct_lio_120_b,reference-based,dense_recent_map,Dense recent map,OK,0.135310,,,0.460323,120,Keep as reference variant,false,,experiments/results/gicp_hdl_400_reference_b_matrix.json
gicp_profile_tradeoff_hdl_400_reference_b,ready,gicp,hdl_400_open_ct_lio_120_b,reference-based,fast_recent_map,Fast recent map,OK,0.283982,,,1.709203,120,Adopt as current default,true,,experiments/results/gicp_hdl_400_reference_b_matrix.json
gicp_profile_tradeoff_kitti_raw_0009,ready,gicp,kitti_raw_0009_200,gt-backed,balanced_local_map,Balanced local map,OK,1.456205,1.247125,0.011095,8.187990,196,Keep as reference variant,false,,experiments/results/gicp_kitti_raw_0009_matrix.json
gicp_profile_tradeoff_kitti_raw_0009,ready,gicp,kitti_raw_0009_200,gt-backed,dense_recent_map,Dense recent map,OK,1.445241,1.604691,0.016615,4.734140,196,Keep as reference variant,false,,experiments/results/gicp_kitti_raw_0009_matrix.json
gicp_profile_tradeoff_kitti_raw_0009,ready,gicp,kitti_raw_0009_200,gt-backed,fast_recent_map,Fast recent map,OK,1.151269,1.185712,0.010974,11.763779,196,Adopt as current default,true,,experiments/results/gicp_kitti_raw_0009_matrix.json
gicp_profile_tradeoff_kitti_raw_0009_nogt,ready,gicp,kitti_raw_0009_200,gt-backed,balanced_local_map,Balanced local map,OK,2.231173,1.501953,0.007657,6.055610,196,Keep as reference variant,false,,experiments/results/gicp_kitti_raw_0009_nogt_matrix.json
gicp_profile_tradeoff_kitti_raw_0009_nogt,ready,gicp,kitti_raw_0009_200,gt-backed,dense_recent_map,Dense recent map,OK,1.445850,1.582494,0.016122,4.951582,196,Keep as active challenger,false,,experiments/results/gicp_kitti_raw_0009_nogt_matrix.json
gicp_profile_tradeoff_kitti_raw_0009_nogt,ready,gicp,kitti_raw_0009_200,gt-backed,fast_recent_map,Fast recent map,OK,2.068052,1.310621,0.008609,8.576454,196,Adopt as current default,true,,experiments/results/gicp_kitti_raw_0009_nogt_matrix.json
gicp_profile_tradeoff_kitti_raw_0009_full,ready,gicp,kitti_raw_0009_full,gt-backed,balanced_local_map,Balanced local map,OK,1.303500,1.646143,0.014166,5.948599,443,Keep as reference variant,false,,experiments/results/gicp_kitti_raw_0009_full_matrix.json
gicp_profile_tradeoff_kitti_raw_0009_full,ready,gicp,kitti_raw_0009_full,gt-backed,dense_recent_map,Dense recent map,OK,1.357770,2.542023,0.018894,3.791824,443,Keep as reference variant,false,,experiments/results/gicp_kitti_raw_0009_full_matrix.json
gicp_profile_tradeoff_kitti_raw_0009_full,ready,gicp,kitti_raw_0009_full,gt-backed,fast_recent_map,Fast recent map,OK,1.129410,1.361274,0.012012,8.430922,443,Adopt as current default,true,,experiments/results/gicp_kitti_raw_0009_full_matrix.json
gicp_profile_tradeoff_kitti_raw_0061,ready,gicp,kitti_raw_0061_200,gt-backed,balanced_local_map,Balanced local map,OK,0.845801,,,14.529793,200,Keep as reference variant,false,,experiments/results/gicp_kitti_raw_0061_matrix.json
gicp_profile_tradeoff_kitti_raw_0061,ready,gicp,kitti_raw_0061_200,gt-backed,dense_recent_map,Dense recent map,OK,0.781028,,,9.243038,200,Keep as reference variant,false,,experiments/results/gicp_kitti_raw_0061_matrix.json
gicp_profile_tradeoff_kitti_raw_0061,ready,gicp,kitti_raw_0061_200,gt-backed,fast_recent_map,Fast recent map,OK,0.959049,,,25.741027,200,Adopt as current default,true,,experiments/results/gicp_kitti_raw_0061_matrix.json
gicp_profile_tradeoff_kitti_raw_0061_full,ready,gicp,kitti_raw_0061_full,gt-backed,balanced_local_map,Balanced local map,OK,1.172876,,,13.777757,703,Keep as reference variant,false,,experiments/results/gicp_kitti_raw_0061_full_matrix.json
gicp_profile_tradeoff_kitti_raw_0061_full,ready,gicp,kitti_raw_0061_full,gt-backed,dense_recent_map,Dense recent map,OK,1.054982,,,7.271635,703,Keep as reference variant,false,,experiments/results/gicp_kitti_raw_0061_full_matrix.json
gicp_profile_tradeoff_kitti_raw_0061_full,ready,gicp,kitti_raw_0061_full,gt-backed,fast_recent_map,Fast recent map,OK,1.080850,,,22.758923,703,Adopt as current default,true,,experiments/results/gicp_kitti_raw_0061_full_matrix.json
gicp_profile_tradeoff_mcd_kth_day_06,ready,gicp,mcd_kth_day_06_108,gt-backed,balanced_local_map,Balanced local map,OK,1.026339,,,12.893587,108,Keep as reference variant,false,,experiments/results/gicp_mcd_kth_day_06_matrix.json
gicp_profile_tradeoff_mcd_kth_day_06,ready,gicp,mcd_kth_day_06_108,gt-backed,dense_recent_map,Dense recent map,OK,1.175471,,,7.187522,108,Keep as reference variant,false,,experiments/results/gicp_mcd_kth_day_06_matrix.json
gicp_profile_tradeoff_mcd_kth_day_06,ready,gicp,mcd_kth_day_06_108,gt-backed,fast_recent_map,Fast recent map,OK,0.629828,,,24.673568,108,Adopt as current default,true,,experiments/results/gicp_mcd_kth_day_06_matrix.json
gicp_profile_tradeoff_mcd_ntu_day_02,ready,gicp,mcd_ntu_day_02_108,gt-backed,balanced_local_map,Balanced local map,OK,0.057970,,,20.346260,108,Keep as reference variant,false,,experiments/results/gicp_mcd_ntu_day_02_matrix.json
gicp_profile_tradeoff_mcd_ntu_day_02,ready,gicp,mcd_ntu_day_02_108,gt-backed,dense_recent_map,Dense recent map,OK,0.016816,,,12.991898,108,Adopt as current default,true,,experiments/results/gicp_mcd_ntu_day_02_matrix.json
gicp_profile_tradeoff_mcd_ntu_day_02,ready,gicp,mcd_ntu_day_02_108,gt-backed,fast_recent_map,Fast recent map,OK,0.255674,,,28.680282,108,Keep as reference variant,false,,experiments/results/gicp_mcd_ntu_day_02_matrix.json
gicp_profile_tradeoff_mcd_tuhh_night_09,ready,gicp,mcd_tuhh_night_09_108,gt-backed,balanced_local_map,Balanced local map,OK,0.489684,,,17.180693,108,Keep as reference variant,false,,experiments/results/gicp_mcd_tuhh_night_09_matrix.json
gicp_profile_tradeoff_mcd_tuhh_night_09,ready,gicp,mcd_tuhh_night_09_108,gt-backed,dense_recent_map,Dense recent map,OK,0.549279,,,9.204178,108,Keep as reference variant,false,,experiments/results/gicp_mcd_tuhh_night_09_matrix.json
gicp_profile_tradeoff_mcd_tuhh_night_09,ready,gicp,mcd_tuhh_night_09_108,gt-backed,fast_recent_map,Fast recent map,OK,0.316541,,,31.240385,108,Adopt as current default,true,,experiments/results/gicp_mcd_tuhh_night_09_matrix.json
gicp_profile_tradeoff_mulran_parkinglot_120,ready,gicp,mulran_parkinglot_120,gt-backed,balanced_local_map,Balanced local map,OK,0.799548,8.709207,0.074503,15.582292,120,Keep as reference variant,false,,experiments/results/gicp_mulran_parkinglot_120_matrix.json
gicp_profile_tradeoff_mulran_parkinglot_120,ready,gicp,mulran_parkinglot_120,gt-backed,dense_recent_map,Dense recent map,OK,0.819458,6.518535,0.049295,8.914912,120,Keep as reference variant,false,,experiments/results/gicp_mulran_parkinglot_120_matrix.json
gicp_profile_tradeoff_mulran_parkinglot_120,ready,gicp,mulran_parkinglot_120,gt-backed,fast_recent_map,Fast recent map,OK,0.643851,4.988018,0.124007,27.744637,120,Adopt as current default,true,,experiments/results/gicp_mulran_parkinglot_120_matrix.json
gicp_profile_tradeoff_mulran_parkinglot_full,ready,gicp,mulran_parkinglot_full,gt-backed,balanced_local_map,Balanced local map,OK,1.059807,1.720222,0.020380,13.811661,1175,Keep as reference variant,false,,experiments/results/gicp_mulran_parkinglot_full_matrix.json
gicp_profile_tradeoff_mulran_parkinglot_full,ready,gicp,mulran_parkinglot_full,gt-backed,dense_recent_map,Dense recent map,OK,0.943724,1.440364,0.009161,9.932431,1175,Keep as reference variant,false,,experiments/results/gicp_mulran_parkinglot_full_matrix.json
gicp_profile_tradeoff_mulran_parkinglot_full,ready,gicp,mulran_parkinglot_full,gt-backed,fast_recent_map,Fast recent map,OK,1.148695,2.443276,0.047401,30.276080,1175,Adopt as current default,true,,experiments/results/gicp_mulran_parkinglot_full_matrix.json
hdl_graph_slam_hdl_400_reference,ready,hdl_graph_slam,hdl_400_open_ct_lio_120,reference-based,default,Default,OK,14.452825,,,2.993749,120,Keep as reference variant,false,,experiments/results/hdl_graph_slam_hdl_400_reference_matrix.json
hdl_graph_slam_hdl_400_reference,ready,hdl_graph_slam,hdl_400_open_ct_lio_120,reference-based,dense,Dense,OK,13.820313,,,2.294928,120,Keep as reference variant,false,,experiments/results/hdl_graph_slam_hdl_400_reference_matrix.json
hdl_graph_slam_hdl_400_reference,ready,hdl_graph_slam,hdl_400_open_ct_lio_120,reference-based,fast,Fast,OK,15.655995,,,6.749644,120,Adopt as current default,true,,experiments/results/hdl_graph_slam_hdl_400_reference_matrix.json
hdl_graph_slam_kitti_raw_0009,ready,hdl_graph_slam,kitti_raw_0009_200,gt-backed,default,Default,OK,122.140983,,,1.818869,200,Keep as reference variant,false,,experiments/results/hdl_graph_slam_kitti_raw_0009_matrix.json
hdl_graph_slam_kitti_raw_0009,ready,hdl_graph_slam,kitti_raw_0009_200,gt-backed,dense,Dense,OK,24.734127,,,1.817481,200,Keep as reference variant,false,,experiments/results/hdl_graph_slam_kitti_raw_0009_matrix.json
hdl_graph_slam_kitti_raw_0009,ready,hdl_graph_slam,kitti_raw_0009_200,gt-backed,fast,Fast,OK,2.877962,,,15.416470,200,Adopt as current default,true,,experiments/results/hdl_graph_slam_kitti_raw_0009_matrix.json
hdl_graph_slam_kitti_raw_0009_nogt,ready,hdl_graph_slam,kitti_raw_0009_200,gt-backed,default,Default,OK,122.140983,,,1.889904,200,Adopt as current default,true,,experiments/results/hdl_graph_slam_kitti_raw_0009_nogt_matrix.json
hdl_graph_slam_kitti_raw_0009_full,ready,hdl_graph_slam,kitti_raw_0009_full,gt-backed,default,Default,OK,185.826196,,,0.172750,443,Adopt as current default,true,,experiments/results/hdl_graph_slam_kitti_raw_0009_full_matrix.json
hdl_graph_slam_kitti_raw_0061,ready,hdl_graph_slam,kitti_raw_0061_200,gt-backed,default,Default,OK,118.996356,,,1.518960,200,Keep as reference variant,false,,experiments/results/hdl_graph_slam_kitti_raw_0061_matrix.json
hdl_graph_slam_kitti_raw_0061,ready,hdl_graph_slam,kitti_raw_0061_200,gt-backed,dense,Dense,OK,5.178322,,,2.062340,200,Keep as reference variant,false,,experiments/results/hdl_graph_slam_kitti_raw_0061_matrix.json
hdl_graph_slam_kitti_raw_0061,ready,hdl_graph_slam,kitti_raw_0061_200,gt-backed,fast,Fast,OK,6.421096,,,19.152311,200,Adopt as current default,true,,experiments/results/hdl_graph_slam_kitti_raw_0061_matrix.json
hdl_graph_slam_kitti_raw_0061_full,skipped,hdl_graph_slam,kitti_raw_0061_full,gt-backed,default,Default,SKIPPED,-1.000000,,,-1.000000,0,Rejected for this run,false,,experiments/results/hdl_graph_slam_kitti_raw_0061_full_matrix.json
hdl_graph_slam_mcd_kth_day_06,ready,hdl_graph_slam,mcd_kth_day_06_108,gt-backed,default,Default,OK,5.113050,,,4.297701,108,Keep as reference variant,false,,experiments/results/hdl_graph_slam_mcd_kth_day_06_matrix.json
hdl_graph_slam_mcd_kth_day_06,ready,hdl_graph_slam,mcd_kth_day_06_108,gt-backed,dense,Dense,OK,5.056736,,,3.103941,108,Keep as reference variant,false,,experiments/results/hdl_graph_slam_mcd_kth_day_06_matrix.json
hdl_graph_slam_mcd_kth_day_06,ready,hdl_graph_slam,mcd_kth_day_06_108,gt-backed,fast,Fast,OK,9.241273,,,13.927111,108,Adopt as current default,true,,experiments/results/hdl_graph_slam_mcd_kth_day_06_matrix.json
hdl_graph_slam_mcd_ntu_day_02,ready,hdl_graph_slam,mcd_ntu_day_02_108,gt-backed,default,Default,OK,27.211615,,,2.666864,108,Keep as reference variant,false,,experiments/results/hdl_graph_slam_mcd_ntu_day_02_matrix.json
hdl_graph_slam_mcd_ntu_day_02,ready,hdl_graph_slam,mcd_ntu_day_02_108,gt-backed,dense,Dense,OK,0.179861,,,6.514175,108,Adopt as current default,true,,experiments/results/hdl_graph_slam_mcd_ntu_day_02_matrix.json
hdl_graph_slam_mcd_ntu_day_02,ready,hdl_graph_slam,mcd_ntu_day_02_108,gt-backed,fast,Fast,OK,28.001923,,,21.887795,108,Keep as reference variant,false,,experiments/results/hdl_graph_slam_mcd_ntu_day_02_matrix.json
hdl_graph_slam_mcd_tuhh_night_09,ready,hdl_graph_slam,mcd_tuhh_night_09_108,gt-backed,default,Default,OK,10.818301,,,3.176199,108,Keep as reference variant,false,,experiments/results/hdl_graph_slam_mcd_tuhh_night_09_matrix.json
hdl_graph_slam_mcd_tuhh_night_09,ready,hdl_graph_slam,mcd_tuhh_night_09_108,gt-backed,dense,Dense,OK,1.373137,,,4.163019,108,Adopt as current default,true,,experiments/results/hdl_graph_slam_mcd_tuhh_night_09_matrix.json
hdl_graph_slam_mcd_tuhh_night_09,ready,hdl_graph_slam,mcd_tuhh_night_09_108,gt-backed,fast,Fast,OK,10.877069,,,14.520434,108,Keep as reference variant,false,,experiments/results/hdl_graph_slam_mcd_tuhh_night_09_matrix.json
imu_dead_reckoning_aiding_ablation_kitti_raw_0009,ready,imu_dead_reckoning,kitti_raw_0009_200,gt-backed,accel_bias_kitti_0009,"+ static-init accel-bias estimation -- KITTI Raw 0009, 200-frame window",OK,9059.896469,7408.778822,0.446123,1068993.727843,196,Keep as reference variant,false,,experiments/results/imu_dead_reckoning_kitti_raw_0009_matrix.json
imu_dead_reckoning_aiding_ablation_kitti_raw_0009,ready,imu_dead_reckoning,kitti_raw_0009_200,gt-backed,default_dr_kitti_0009,"Default (pure strapdown DR, midpoint, no ZUPT) -- KITTI Raw 0009, 200-frame window",OK,9195.203015,7519.660099,0.446123,25723.155328,196,Keep as reference variant,false,,experiments/results/imu_dead_reckoning_kitti_raw_0009_matrix.json
imu_dead_reckoning_aiding_ablation_kitti_raw_0009,ready,imu_dead_reckoning,kitti_raw_0009_200,gt-backed,euler_kitti_0009,"Forward Euler (vs default midpoint) -- KITTI Raw 0009, 200-frame window",OK,9349.895230,7664.489821,0.446551,1687109.963417,196,Keep as reference variant,false,,experiments/results/imu_dead_reckoning_kitti_raw_0009_matrix.json
imu_dead_reckoning_aiding_ablation_kitti_raw_0009,ready,imu_dead_reckoning,kitti_raw_0009_200,gt-backed,nhc_kitti_0009,"+ NHC -- KITTI Raw 0009, 200-frame window",OK,7468.054041,6350.160609,0.446123,1154591.563235,196,Keep as reference variant,false,,experiments/results/imu_dead_reckoning_kitti_raw_0009_matrix.json
imu_dead_reckoning_aiding_ablation_kitti_raw_0009,ready,imu_dead_reckoning,kitti_raw_0009_200,gt-backed,nhc_zupt_kitti_0009,"+ NHC + ZUPT -- KITTI Raw 0009, 200-frame window",OK,201.185027,172.015266,0.446123,1035661.634549,196,Keep as active challenger,false,,experiments/results/imu_dead_reckoning_kitti_raw_0009_matrix.json
imu_dead_reckoning_aiding_ablation_kitti_raw_0009,ready,imu_dead_reckoning,kitti_raw_0009_200,gt-backed,no_gyro_bias_kitti_0009,"No static-init gyro-bias estimation -- KITTI Raw 0009, 200-frame window",OK,1170.370145,1017.515724,0.056088,1988293.415300,196,Keep as reference variant,false,,experiments/results/imu_dead_reckoning_kitti_raw_0009_matrix.json
imu_dead_reckoning_aiding_ablation_kitti_raw_0009,ready,imu_dead_reckoning,kitti_raw_0009_200,gt-backed,rk4_kitti_0009,"RK4 attitude integration (vs default midpoint) -- KITTI Raw 0009, 200-frame window",OK,9195.272796,7519.720938,0.446125,524466.636162,196,Keep as reference variant,false,,experiments/results/imu_dead_reckoning_kitti_raw_0009_matrix.json
imu_dead_reckoning_aiding_ablation_kitti_raw_0009,ready,imu_dead_reckoning,kitti_raw_0009_200,gt-backed,zupt_kitti_0009,"+ ZUPT -- KITTI Raw 0009, 200-frame window",OK,210.224398,172.596232,0.446123,1342750.858059,196,Adopt as current default,true,,experiments/results/imu_dead_reckoning_kitti_raw_0009_matrix.json
imu_dead_reckoning_aiding_ablation_kitti_raw_0009_full,ready,imu_dead_reckoning,kitti_raw_0009_full,gt-backed,accel_bias_kitti_0009_full,"+ static-init accel-bias estimation -- KITTI Raw 0009, full sequence",OK,90451.004595,49006.265643,0.697122,2584793.479085,443,Keep as reference variant,false,,experiments/results/imu_dead_reckoning_kitti_raw_0009_full_matrix.json
imu_dead_reckoning_aiding_ablation_kitti_raw_0009_full,ready,imu_dead_reckoning,kitti_raw_0009_full,gt-backed,default_dr_kitti_0009_full,"Default (pure strapdown DR, midpoint, no ZUPT) -- KITTI Raw 0009, full 443-frame sequence",OK,91851.969108,49762.369429,0.697122,376448.434212,443,Keep as reference variant,false,,experiments/results/imu_dead_reckoning_kitti_raw_0009_full_matrix.json
imu_dead_reckoning_aiding_ablation_kitti_raw_0009_full,ready,imu_dead_reckoning,kitti_raw_0009_full,gt-backed,euler_kitti_0009_full,"Forward Euler (vs default midpoint) -- KITTI Raw 0009, full sequence",OK,92489.724315,50137.344443,0.697401,2692976.377187,443,Keep as reference variant,false,,experiments/results/imu_dead_reckoning_kitti_raw_0009_full_matrix.json
imu_dead_reckoning_aiding_ablation_kitti_raw_0009_full,ready,imu_dead_reckoning,kitti_raw_0009_full,gt-backed,nhc_kitti_0009_full,"+ NHC -- KITTI Raw 0009, full sequence",OK,31926.114981,17991.242290,0.697122,1503157.308975,443,Keep as reference variant,false,,experiments/results/imu_dead_reckoning_kitti_raw_0009_full_matrix.json
imu_dead_reckoning_aiding_ablation_kitti_raw_0009_full,ready,imu_dead_reckoning,kitti_raw_0009_full,gt-backed,nhc_zupt_kitti_0009_full,"+ NHC + ZUPT -- KITTI Raw 0009, full sequence",OK,1067.301349,812.451648,0.697122,1567725.382642,443,Adopt as current default,true,,experiments/results/imu_dead_reckoning_kitti_raw_0009_full_matrix.json
imu_dead_reckoning_aiding_ablation_kitti_raw_0009_full,ready,imu_dead_reckoning,kitti_raw_0009_full,gt-backed,no_gyro_bias_kitti_0009_full,"No static-init gyro-bias estimation -- KITTI Raw 0009, full sequence",OK,11184.984681,5914.430820,0.429956,1740955.285352,443,Keep as reference variant,false,,experiments/results/imu_dead_reckoning_kitti_raw_0009_full_matrix.json
imu_dead_reckoning_aiding_ablation_kitti_raw_0009_full,ready,imu_dead_reckoning,kitti_raw_0009_full,gt-backed,rk4_kitti_0009_full,"RK4 attitude integration (vs default midpoint) -- KITTI Raw 0009, full sequence",OK,91855.575390,49764.540906,0.697284,55899.702558,443,Keep as reference variant,false,,experiments/results/imu_dead_reckoning_kitti_raw_0009_full_matrix.json
imu_dead_reckoning_aiding_ablation_kitti_raw_0009_full,ready,imu_dead_reckoning,kitti_raw_0009_full,gt-backed,zupt_kitti_0009_full,"+ ZUPT -- KITTI Raw 0009, full sequence",OK,5994.496598,4432.717111,0.697122,2617012.352535,443,Keep as reference variant,false,,experiments/results/imu_dead_reckoning_kitti_raw_0009_full_matrix.json
imu_dead_reckoning_aiding_ablation_nclt_2013_01_10,ready,imu_dead_reckoning,nclt_2013_01_10_120,gt-backed,accel_bias,+ static-init accel-bias estimation,OK,9.074672,170.703651,3.536675,1525979.806201,120,Keep as reference variant,false,,experiments/results/imu_dead_reckoning_nclt_2013_01_10_matrix.json
imu_dead_reckoning_aiding_ablation_nclt_2013_01_10,ready,imu_dead_reckoning,nclt_2013_01_10_120,gt-backed,default_dr,"Default (pure strapdown DR, midpoint, no ZUPT)",OK,9.071040,170.617194,3.536675,1360852.801089,120,Keep as reference variant,false,,experiments/results/imu_dead_reckoning_nclt_2013_01_10_matrix.json
imu_dead_reckoning_aiding_ablation_nclt_2013_01_10,ready,imu_dead_reckoning,nclt_2013_01_10_120,gt-backed,euler,Forward Euler (vs default midpoint),OK,10.280414,198.899316,3.552025,1405827.153551,120,Keep as reference variant,false,,experiments/results/imu_dead_reckoning_nclt_2013_01_10_matrix.json
imu_dead_reckoning_aiding_ablation_nclt_2013_01_10,ready,imu_dead_reckoning,nclt_2013_01_10_120,gt-backed,nhc,+ NHC (non-holonomic constraints),OK,9.156022,156.296841,3.536675,899732.329632,120,Keep as reference variant,false,,experiments/results/imu_dead_reckoning_nclt_2013_01_10_matrix.json
imu_dead_reckoning_aiding_ablation_nclt_2013_01_10,ready,imu_dead_reckoning,nclt_2013_01_10_120,gt-backed,nhc_zupt,+ NHC + ZUPT,OK,3.716707,18.520716,3.536675,888178.346212,120,Keep as reference variant,false,,experiments/results/imu_dead_reckoning_nclt_2013_01_10_matrix.json
imu_dead_reckoning_aiding_ablation_nclt_2013_01_10,ready,imu_dead_reckoning,nclt_2013_01_10_120,gt-backed,no_gyro_bias,No static-init gyro-bias estimation,OK,24.676444,482.027510,3.600323,1258838.092441,120,Keep as reference variant,false,,experiments/results/imu_dead_reckoning_nclt_2013_01_10_matrix.json
imu_dead_reckoning_aiding_ablation_nclt_2013_01_10,ready,imu_dead_reckoning,nclt_2013_01_10_120,gt-backed,rk4,RK4 attitude integration (vs default midpoint),OK,9.072071,170.643938,3.536784,177532.651213,120,Keep as reference variant,false,,experiments/results/imu_dead_reckoning_nclt_2013_01_10_matrix.json
imu_dead_reckoning_aiding_ablation_nclt_2013_01_10,ready,imu_dead_reckoning,nclt_2013_01_10_120,gt-backed,zupt,+ ZUPT,OK,2.887291,30.606609,3.536675,1054259.207197,120,Adopt as current default,true,,experiments/results/imu_dead_reckoning_nclt_2013_01_10_matrix.json
imu_dead_reckoning_aiding_ablation_nclt_2013_01_10_full,ready,imu_dead_reckoning,nclt_2013_01_10_full,gt-backed,accel_bias_full,+ static-init accel-bias estimation -- full session,OK,288751.377113,67446.880719,0.087023,1354057.171715,5105,Keep as reference variant,false,,experiments/results/imu_dead_reckoning_nclt_2013_01_10_full_matrix.json
imu_dead_reckoning_aiding_ablation_nclt_2013_01_10_full,ready,imu_dead_reckoning,nclt_2013_01_10_full,gt-backed,default_dr_full,"Default (pure strapdown DR, midpoint, no ZUPT) -- full session",OK,288700.449374,67435.004997,0.087023,1095010.676622,5105,Keep as reference variant,false,,experiments/results/imu_dead_reckoning_nclt_2013_01_10_full_matrix.json
imu_dead_reckoning_aiding_ablation_nclt_2013_01_10_full,ready,imu_dead_reckoning,nclt_2013_01_10_full,gt-backed,euler_full,Forward Euler (vs default midpoint) -- full session,OK,291892.626693,68484.743817,0.087480,1116254.946070,5105,Keep as reference variant,false,,experiments/results/imu_dead_reckoning_nclt_2013_01_10_full_matrix.json
imu_dead_reckoning_aiding_ablation_nclt_2013_01_10_full,ready,imu_dead_reckoning,nclt_2013_01_10_full,gt-backed,nhc_full,+ NHC -- full session,OK,46003.188030,16267.197030,0.087023,932269.395723,5105,Keep as reference variant,false,,experiments/results/imu_dead_reckoning_nclt_2013_01_10_full_matrix.json
imu_dead_reckoning_aiding_ablation_nclt_2013_01_10_full,ready,imu_dead_reckoning,nclt_2013_01_10_full,gt-backed,nhc_zupt_full,+ NHC + ZUPT -- full session,OK,9605.454791,1901.378830,0.087023,800357.330936,5105,Adopt as current default,true,,experiments/results/imu_dead_reckoning_nclt_2013_01_10_full_matrix.json
imu_dead_reckoning_aiding_ablation_nclt_2013_01_10_full,ready,imu_dead_reckoning,nclt_2013_01_10_full,gt-backed,no_gyro_bias_full,No static-init gyro-bias estimation -- full session,OK,672302.751383,139392.867799,0.205085,1112119.994806,5105,Keep as reference variant,false,,experiments/results/imu_dead_reckoning_nclt_2013_01_10_full_matrix.json
imu_dead_reckoning_aiding_ablation_nclt_2013_01_10_full,ready,imu_dead_reckoning,nclt_2013_01_10_full,gt-backed,rk4_full,RK4 attitude integration (vs default midpoint) -- full session,OK,290555.089699,67867.846228,0.087232,174600.984592,5105,Keep as reference variant,false,,experiments/results/imu_dead_reckoning_nclt_2013_01_10_full_matrix.json
imu_dead_reckoning_aiding_ablation_nclt_2013_01_10_full,ready,imu_dead_reckoning,nclt_2013_01_10_full,gt-backed,zupt_full,+ ZUPT -- full session,OK,14531.742757,2859.303790,0.087023,798152.226782,5105,Keep as reference variant,false,,experiments/results/imu_dead_reckoning_nclt_2013_01_10_full_matrix.json
isc_loam_hdl_400_reference,ready,isc_loam,hdl_400_open_ct_lio_120,reference-based,default,Default,OK,0.195350,,,26.415992,120,Keep as reference variant,false,,experiments/results/isc_loam_hdl_400_reference_matrix.json
isc_loam_hdl_400_reference,ready,isc_loam,hdl_400_open_ct_lio_120,reference-based,dense,Dense,OK,0.161261,,,20.071574,120,Keep as reference variant,false,,experiments/results/isc_loam_hdl_400_reference_matrix.json
isc_loam_hdl_400_reference,ready,isc_loam,hdl_400_open_ct_lio_120,reference-based,fast,Fast,OK,0.161975,,,37.004353,120,Adopt as current default,true,,experiments/results/isc_loam_hdl_400_reference_matrix.json
isc_loam_kitti_raw_0009,ready,isc_loam,kitti_raw_0009_200,gt-backed,default,Default,OK,2.777803,,,9.361668,200,Keep as reference variant,false,,experiments/results/isc_loam_kitti_raw_0009_matrix.json
isc_loam_kitti_raw_0009,ready,isc_loam,kitti_raw_0009_200,gt-backed,dense,Dense,OK,2.739922,,,21.671329,200,Keep as reference variant,false,,experiments/results/isc_loam_kitti_raw_0009_matrix.json
isc_loam_kitti_raw_0009,ready,isc_loam,kitti_raw_0009_200,gt-backed,fast,Fast,OK,2.321429,,,35.591566,200,Adopt as current default,true,,experiments/results/isc_loam_kitti_raw_0009_matrix.json
isc_loam_kitti_raw_0009_nogt,ready,isc_loam,kitti_raw_0009_200,gt-backed,default,Default,OK,2.777803,,,27.760520,200,Keep as reference variant,false,,experiments/results/isc_loam_kitti_raw_0009_nogt_matrix.json
isc_loam_kitti_raw_0009_nogt,ready,isc_loam,kitti_raw_0009_200,gt-backed,dense,Dense,OK,2.739922,,,21.157211,200,Keep as reference variant,false,,experiments/results/isc_loam_kitti_raw_0009_nogt_matrix.json
isc_loam_kitti_raw_0009_nogt,ready,isc_loam,kitti_raw_0009_200,gt-backed,fast,Fast,OK,2.321429,,,37.613257,200,Adopt as current default,true,,experiments/results/isc_loam_kitti_raw_0009_nogt_matrix.json
isc_loam_kitti_raw_0009_full,ready,isc_loam,kitti_raw_0009_full,gt-backed,default,Default,OK,5.267246,,,9.210994,443,Keep as reference variant,false,,experiments/results/isc_loam_kitti_raw_0009_full_matrix.json
isc_loam_kitti_raw_0009_full,ready,isc_loam,kitti_raw_0009_full,gt-backed,dense,Dense,OK,5.289674,,,16.647565,443,Keep as reference variant,false,,experiments/results/isc_loam_kitti_raw_0009_full_matrix.json
isc_loam_kitti_raw_0009_full,ready,isc_loam,kitti_raw_0009_full,gt-backed,fast,Fast,OK,4.323063,,,30.479877,443,Adopt as current default,true,,experiments/results/isc_loam_kitti_raw_0009_full_matrix.json
isc_loam_kitti_raw_0061,ready,isc_loam,kitti_raw_0061_200,gt-backed,default,Default,OK,0.985567,,,11.550568,200,Keep as reference variant,false,,experiments/results/isc_loam_kitti_raw_0061_matrix.json
isc_loam_kitti_raw_0061,ready,isc_loam,kitti_raw_0061_200,gt-backed,dense,Dense,OK,0.493689,,,23.677852,200,Adopt as current default,true,,experiments/results/isc_loam_kitti_raw_0061_matrix.json
isc_loam_kitti_raw_0061,ready,isc_loam,kitti_raw_0061_200,gt-backed,fast,Fast,OK,1.001976,,,43.520196,200,Keep as active challenger,false,,experiments/results/isc_loam_kitti_raw_0061_matrix.json
isc_loam_kitti_raw_0061_full,ready,isc_loam,kitti_raw_0061_full,gt-backed,default,Default,OK,4.853741,,,6.596183,703,Keep as reference variant,false,,experiments/results/isc_loam_kitti_raw_0061_full_matrix.json
isc_loam_kitti_raw_0061_full,ready,isc_loam,kitti_raw_0061_full,gt-backed,dense,Dense,OK,5.799823,,,14.856407,703,Keep as reference variant,false,,experiments/results/isc_loam_kitti_raw_0061_full_matrix.json
isc_loam_kitti_raw_0061_full,ready,isc_loam,kitti_raw_0061_full,gt-backed,fast,Fast,OK,5.439002,,,33.500917,703,Adopt as current default,true,,experiments/results/isc_loam_kitti_raw_0061_full_matrix.json
isc_loam_mcd_kth_day_06,ready,isc_loam,mcd_kth_day_06_108,gt-backed,default,Default,OK,6.022859,,,11.000525,108,Keep as reference variant,false,,experiments/results/isc_loam_mcd_kth_day_06_matrix.json
isc_loam_mcd_kth_day_06,ready,isc_loam,mcd_kth_day_06_108,gt-backed,dense,Dense,OK,6.055392,,,26.621374,108,Keep as reference variant,false,,experiments/results/isc_loam_mcd_kth_day_06_matrix.json
isc_loam_mcd_kth_day_06,ready,isc_loam,mcd_kth_day_06_108,gt-backed,fast,Fast,OK,6.093531,,,48.604253,108,Adopt as current default,true,,experiments/results/isc_loam_mcd_kth_day_06_matrix.json
isc_loam_mcd_ntu_day_02,ready,isc_loam,mcd_ntu_day_02_108,gt-backed,default,Default,OK,0.096015,,,9.881857,108,Keep as reference variant,false,,experiments/results/isc_loam_mcd_ntu_day_02_matrix.json
isc_loam_mcd_ntu_day_02,ready,isc_loam,mcd_ntu_day_02_108,gt-backed,dense,Dense,OK,0.108918,,,25.404493,108,Keep as reference variant,false,,experiments/results/isc_loam_mcd_ntu_day_02_matrix.json
isc_loam_mcd_ntu_day_02,ready,isc_loam,mcd_ntu_day_02_108,gt-backed,fast,Fast,OK,0.064940,,,50.238587,108,Adopt as current default,true,,experiments/results/isc_loam_mcd_ntu_day_02_matrix.json
isc_loam_mcd_tuhh_night_09,ready,isc_loam,mcd_tuhh_night_09_108,gt-backed,default,Default,OK,1.336695,,,11.736668,108,Keep as reference variant,false,,experiments/results/isc_loam_mcd_tuhh_night_09_matrix.json
isc_loam_mcd_tuhh_night_09,ready,isc_loam,mcd_tuhh_night_09_108,gt-backed,dense,Dense,OK,1.387597,,,28.094969,108,Keep as reference variant,false,,experiments/results/isc_loam_mcd_tuhh_night_09_matrix.json
isc_loam_mcd_tuhh_night_09,ready,isc_loam,mcd_tuhh_night_09_108,gt-backed,fast,Fast,OK,1.357469,,,53.163133,108,Adopt as current default,true,,experiments/results/isc_loam_mcd_tuhh_night_09_matrix.json
kiss_icp_profile_tradeoff,ready,kiss_icp,autoware_istanbul_open_108,gt-backed,balanced_local_map,Balanced local map,OK,183.178132,,,3.688111,108,Keep as active challenger,false,,experiments/results/kiss_icp_profile_matrix.json
kiss_icp_profile_tradeoff,ready,kiss_icp,autoware_istanbul_open_108,gt-backed,dense_local_map,Dense local map,OK,183.226086,,,3.382455,108,Keep as active challenger,false,,experiments/results/kiss_icp_profile_matrix.json
kiss_icp_profile_tradeoff,ready,kiss_icp,autoware_istanbul_open_108,gt-backed,fast_recent_map,Fast recent map,OK,182.959848,,,4.049046,108,Adopt as current default,true,,experiments/results/kiss_icp_profile_matrix.json
kiss_icp_profile_tradeoff_istanbul_window_b,ready,kiss_icp,autoware_istanbul_open_108_b,gt-backed,balanced_local_map,Balanced local map,OK,143.956256,,,3.429686,108,Keep as active challenger,false,,experiments/results/kiss_icp_istanbul_window_b_matrix.json
kiss_icp_profile_tradeoff_istanbul_window_b,ready,kiss_icp,autoware_istanbul_open_108_b,gt-backed,dense_local_map,Dense local map,OK,144.085953,,,3.585160,108,Adopt as current default,true,,experiments/results/kiss_icp_istanbul_window_b_matrix.json
kiss_icp_profile_tradeoff_istanbul_window_b,ready,kiss_icp,autoware_istanbul_open_108_b,gt-backed,fast_recent_map,Fast recent map,OK,143.921265,,,3.569117,108,Keep as active challenger,false,,experiments/results/kiss_icp_istanbul_window_b_matrix.json
kiss_icp_profile_tradeoff_istanbul_window_c,ready,kiss_icp,autoware_istanbul_open_108_c,gt-backed,balanced_local_map,Balanced local map,OK,131.691394,,,3.383554,108,Keep as active challenger,false,,experiments/results/kiss_icp_istanbul_window_c_matrix.json
kiss_icp_profile_tradeoff_istanbul_window_c,ready,kiss_icp,autoware_istanbul_open_108_c,gt-backed,dense_local_map,Dense local map,OK,131.752305,,,3.253676,108,Keep as active challenger,false,,experiments/results/kiss_icp_istanbul_window_c_matrix.json
kiss_icp_profile_tradeoff_istanbul_window_c,ready,kiss_icp,autoware_istanbul_open_108_c,gt-backed,fast_recent_map,Fast recent map,OK,131.691761,,,3.744606,108,Adopt as current default,true,,experiments/results/kiss_icp_istanbul_window_c_matrix.json
kiss_icp_profile_tradeoff_hdl_400_reference,ready,kiss_icp,hdl_400_open_ct_lio_120,reference-based,balanced_local_map,Balanced local map,OK,3.084124,,,3.469438,120,Keep as reference variant,false,,experiments/results/kiss_icp_hdl_400_reference_matrix.json
kiss_icp_profile_tradeoff_hdl_400_reference,ready,kiss_icp,hdl_400_open_ct_lio_120,reference-based,dense_local_map,Dense local map,OK,2.823086,,,1.710996,120,Keep as reference variant,false,,experiments/results/kiss_icp_hdl_400_reference_matrix.json
kiss_icp_profile_tradeoff_hdl_400_reference,ready,kiss_icp,hdl_400_open_ct_lio_120,reference-based,fast_recent_map,Fast recent map,OK,1.280790,,,11.275908,120,Adopt as current default,true,,experiments/results/kiss_icp_hdl_400_reference_matrix.json
kiss_icp_profile_tradeoff_hdl_400_reference_b,ready,kiss_icp,hdl_400_open_ct_lio_120_b,reference-based,balanced_local_map,Balanced local map,OK,0.497635,,,0.194250,120,Keep as reference variant,false,,experiments/results/kiss_icp_hdl_400_reference_b_matrix.json
kiss_icp_profile_tradeoff_hdl_400_reference_b,ready,kiss_icp,hdl_400_open_ct_lio_120_b,reference-based,dense_local_map,Dense local map,OK,0.447435,,,0.134373,120,Keep as reference variant,false,,experiments/results/kiss_icp_hdl_400_reference_b_matrix.json
kiss_icp_profile_tradeoff_hdl_400_reference_b,ready,kiss_icp,hdl_400_open_ct_lio_120_b,reference-based,fast_recent_map,Fast recent map,OK,0.218431,,,0.446613,120,Adopt as current default,true,,experiments/results/kiss_icp_hdl_400_reference_b_matrix.json
kiss_icp_profile_tradeoff_kitti_raw_0009,ready,kiss_icp,kitti_raw_0009_200,gt-backed,balanced_local_map,Balanced local map,OK,2.360497,1.659588,0.004671,13.130262,196,Keep as reference variant,false,,experiments/results/kiss_icp_kitti_raw_0009_matrix.json
kiss_icp_profile_tradeoff_kitti_raw_0009,ready,kiss_icp,kitti_raw_0009_200,gt-backed,dense_local_map,Dense local map,OK,2.427048,1.697592,0.005066,9.827559,196,Keep as reference variant,false,,experiments/results/kiss_icp_kitti_raw_0009_matrix.json
kiss_icp_profile_tradeoff_kitti_raw_0009,ready,kiss_icp,kitti_raw_0009_200,gt-backed,fast_recent_map,Fast recent map,OK,2.577746,1.675092,0.004303,18.712085,196,Adopt as current default,true,,experiments/results/kiss_icp_kitti_raw_0009_matrix.json
kiss_icp_profile_tradeoff_kitti_raw_0009_nogt,ready,kiss_icp,kitti_raw_0009_200,gt-backed,balanced_local_map,Balanced local map,OK,2.360497,1.659588,0.004671,12.851536,196,Keep as reference variant,false,,experiments/results/kiss_icp_kitti_raw_0009_nogt_matrix.json
kiss_icp_profile_tradeoff_kitti_raw_0009_nogt,ready,kiss_icp,kitti_raw_0009_200,gt-backed,dense_local_map,Dense local map,OK,2.427048,1.697592,0.005066,9.588822,196,Keep as reference variant,false,,experiments/results/kiss_icp_kitti_raw_0009_nogt_matrix.json
kiss_icp_profile_tradeoff_kitti_raw_0009_nogt,ready,kiss_icp,kitti_raw_0009_200,gt-backed,fast_recent_map,Fast recent map,OK,2.577746,1.675092,0.004303,18.195931,196,Adopt as current default,true,,experiments/results/kiss_icp_kitti_raw_0009_nogt_matrix.json
kiss_icp_profile_tradeoff_kitti_raw_0009_full,ready,kiss_icp,kitti_raw_0009_full,gt-backed,balanced_local_map,Balanced local map,OK,3.720947,1.260098,0.006779,7.933104,443,Keep as active challenger,false,,experiments/results/kiss_icp_kitti_raw_0009_full_matrix.json
kiss_icp_profile_tradeoff_kitti_raw_0009_full,ready,kiss_icp,kitti_raw_0009_full,gt-backed,dense_local_map,Dense local map,OK,3.793875,1.239670,0.006620,4.572543,443,Keep as reference variant,false,,experiments/results/kiss_icp_kitti_raw_0009_full_matrix.json
kiss_icp_profile_tradeoff_kitti_raw_0009_full,ready,kiss_icp,kitti_raw_0009_full,gt-backed,fast_recent_map,Fast recent map,OK,4.207068,1.402597,0.007330,10.839305,443,Adopt as current default,true,,experiments/results/kiss_icp_kitti_raw_0009_full_matrix.json
kiss_icp_profile_tradeoff_kitti_raw_0061,ready,kiss_icp,kitti_raw_0061_200,gt-backed,balanced_local_map,Balanced local map,OK,0.738388,,,15.436434,200,Keep as reference variant,false,,experiments/results/kiss_icp_kitti_raw_0061_matrix.json
kiss_icp_profile_tradeoff_kitti_raw_0061,ready,kiss_icp,kitti_raw_0061_200,gt-backed,dense_local_map,Dense local map,OK,0.773353,,,9.954153,200,Keep as reference variant,false,,experiments/results/kiss_icp_kitti_raw_0061_matrix.json
kiss_icp_profile_tradeoff_kitti_raw_0061,ready,kiss_icp,kitti_raw_0061_200,gt-backed,fast_recent_map,Fast recent map,OK,0.678894,,,28.258976,200,Adopt as current default,true,,experiments/results/kiss_icp_kitti_raw_0061_matrix.json
kiss_icp_profile_tradeoff_kitti_raw_0061_full,ready,kiss_icp,kitti_raw_0061_full,gt-backed,balanced_local_map,Balanced local map,OK,4.342735,,,9.748470,703,Keep as active challenger,false,,experiments/results/kiss_icp_kitti_raw_0061_full_matrix.json
kiss_icp_profile_tradeoff_kitti_raw_0061_full,ready,kiss_icp,kitti_raw_0061_full,gt-backed,dense_local_map,Dense local map,OK,4.706278,,,3.026878,703,Keep as reference variant,false,,experiments/results/kiss_icp_kitti_raw_0061_full_matrix.json
kiss_icp_profile_tradeoff_kitti_raw_0061_full,ready,kiss_icp,kitti_raw_0061_full,gt-backed,fast_recent_map,Fast recent map,OK,4.622772,,,11.229322,703,Adopt as current default,true,,experiments/results/kiss_icp_kitti_raw_0061_full_matrix.json
kiss_icp_kitti_seq_00_full_sweep,ready,kiss_icp,kitti_seq_00_full,gt-backed,balanced_reference,balanced (default),OK,15.403048,0.939886,0.007563,1.429370,4541,Keep as active challenger,false,11th Gen Intel(R) Core(TM) i5-1145G7 @ 2.60GHz,experiments/results/kiss_icp_kitti_seq_00_full_sweep_matrix.json
kiss_icp_kitti_seq_00_full_sweep,ready,kiss_icp,kitti_seq_00_full,gt-backed,dense_profile,dense profile,OK,12.323400,0.962926,0.007617,1.248601,4541,Adopt as current default,true,11th Gen Intel(R) Core(TM) i5-1145G7 @ 2.60GHz,experiments/results/kiss_icp_kitti_seq_00_full_sweep_matrix.json
kiss_icp_kitti_seq_00_full_sweep,ready,kiss_icp,kitti_seq_00_full,gt-backed,fast_profile,fast profile,OK,21.385768,1.068939,0.008639,1.653338,4541,Keep as reference variant,false,11th Gen Intel(R) Core(TM) i5-1145G7 @ 2.60GHz,experiments/results/kiss_icp_kitti_seq_00_full_sweep_matrix.json
kiss_icp_kitti_seq_00_full_sweep,ready,kiss_icp,kitti_seq_00_full,gt-backed,t1_transfer_v05_i12,T1 transfer (voxel=0.5 + iter=12),OK,14.006979,1.271118,0.009119,0.687848,4541,Keep as reference variant,false,11th Gen Intel(R) Core(TM) i5-1145G7 @ 2.60GHz,experiments/results/kiss_icp_kitti_seq_00_full_sweep_matrix.json
kiss_icp_kitti_seq_02_full_sweep,ready,kiss_icp,kitti_seq_02_full,gt-backed,balanced_reference,balanced,OK,71.182842,1.177635,0.008933,3.056777,4661,Adopt as current default,true,11th Gen Intel(R) Core(TM) i5-1145G7 @ 2.60GHz,experiments/results/kiss_icp_kitti_seq_02_full_sweep_matrix.json
kiss_icp_kitti_seq_02_full_sweep,ready,kiss_icp,kitti_seq_02_full,gt-backed,dense_profile,dense,OK,56.234270,1.085995,0.008358,0.834271,4661,Keep as reference variant,false,11th Gen Intel(R) Core(TM) i5-1145G7 @ 2.60GHz,experiments/results/kiss_icp_kitti_seq_02_full_sweep_matrix.json
kiss_icp_kitti_seq_02_full_sweep,ready,kiss_icp,kitti_seq_02_full,gt-backed,fast_profile,fast,OK,94.593242,2.400107,0.013111,3.355331,4661,Keep as active challenger,false,11th Gen Intel(R) Core(TM) i5-1145G7 @ 2.60GHz,experiments/results/kiss_icp_kitti_seq_02_full_sweep_matrix.json
kiss_icp_kitti_seq_02_full_sweep,ready,kiss_icp,kitti_seq_02_full,gt-backed,t1_transfer_v05_i12,T1 v0.5+i12,OK,69.881158,1.393355,0.009860,0.444647,4661,Keep as reference variant,false,11th Gen Intel(R) Core(TM) i5-1145G7 @ 2.60GHz,experiments/results/kiss_icp_kitti_seq_02_full_sweep_matrix.json
kiss_icp_kitti_seq_05_full_sweep,ready,kiss_icp,kitti_seq_05_full,gt-backed,balanced_reference,balanced,OK,6.511075,0.706319,0.005127,1.531559,2761,Keep as reference variant,false,11th Gen Intel(R) Core(TM) i5-1145G7 @ 2.60GHz,experiments/results/kiss_icp_kitti_seq_05_full_sweep_matrix.json
kiss_icp_kitti_seq_05_full_sweep,ready,kiss_icp,kitti_seq_05_full,gt-backed,dense_profile,dense,OK,4.555696,0.714581,0.005066,1.643608,2761,Adopt as current default,true,11th Gen Intel(R) Core(TM) i5-1145G7 @ 2.60GHz,experiments/results/kiss_icp_kitti_seq_05_full_sweep_matrix.json
kiss_icp_kitti_seq_05_full_sweep,ready,kiss_icp,kitti_seq_05_full,gt-backed,fast_profile,fast,OK,8.407336,0.853388,0.005803,2.058932,2761,Keep as reference variant,false,11th Gen Intel(R) Core(TM) i5-1145G7 @ 2.60GHz,experiments/results/kiss_icp_kitti_seq_05_full_sweep_matrix.json
kiss_icp_kitti_seq_05_full_sweep,ready,kiss_icp,kitti_seq_05_full,gt-backed,t1_transfer_v05_i12,T1 v0.5+i12,OK,8.308875,1.060748,0.005995,1.010929,2761,Keep as reference variant,false,11th Gen Intel(R) Core(TM) i5-1145G7 @ 2.60GHz,experiments/results/kiss_icp_kitti_seq_05_full_sweep_matrix.json
kiss_icp_kitti_seq_07_full_sweep,ready,kiss_icp,kitti_seq_07_full,gt-backed,balanced_reference,balanced (default),OK,2.238005,0.664090,0.007003,3.379602,1101,Adopt as current default,true,11th Gen Intel(R) Core(TM) i5-1145G7 @ 2.60GHz,experiments/results/kiss_icp_kitti_seq_07_full_sweep_matrix.json
kiss_icp_kitti_seq_07_full_sweep,ready,kiss_icp,kitti_seq_07_full,gt-backed,dense_profile,dense profile,OK,2.640765,0.694782,0.008410,2.620619,1101,Keep as reference variant,false,11th Gen Intel(R) Core(TM) i5-1145G7 @ 2.60GHz,experiments/results/kiss_icp_kitti_seq_07_full_sweep_matrix.json
kiss_icp_kitti_seq_07_full_sweep,ready,kiss_icp,kitti_seq_07_full,gt-backed,fast_profile,fast profile,OK,2.613180,0.794812,0.009144,3.384645,1101,Keep as active challenger,false,11th Gen Intel(R) Core(TM) i5-1145G7 @ 2.60GHz,experiments/results/kiss_icp_kitti_seq_07_full_sweep_matrix.json
kiss_icp_kitti_seq_07_full_sweep,ready,kiss_icp,kitti_seq_07_full,gt-backed,t1_transfer_v03_i12,T1 transfer (voxel=0.3 + iter=12),OK,2.681192,1.130450,0.008992,1.450380,1101,Keep as reference variant,false,11th Gen Intel(R) Core(TM) i5-1145G7 @ 2.60GHz,experiments/results/kiss_icp_kitti_seq_07_full_sweep_matrix.json
kiss_icp_kitti_seq_07_full_sweep,ready,kiss_icp,kitti_seq_07_full,gt-backed,t1_transfer_v05_i12,T1 transfer (voxel=0.5 + iter=12),OK,2.537667,0.942907,0.008296,1.766573,1101,Keep as reference variant,false,11th Gen Intel(R) Core(TM) i5-1145G7 @ 2.60GHz,experiments/results/kiss_icp_kitti_seq_07_full_sweep_matrix.json
kiss_icp_kitti_seq_08_full_sweep,ready,kiss_icp,kitti_seq_08_full,gt-backed,balanced_reference,balanced,OK,20.784833,1.373436,0.006420,2.512778,4071,Keep as active challenger,false,11th Gen Intel(R) Core(TM) i5-1145G7 @ 2.60GHz,experiments/results/kiss_icp_kitti_seq_08_full_sweep_matrix.json
kiss_icp_kitti_seq_08_full_sweep,ready,kiss_icp,kitti_seq_08_full,gt-backed,dense_profile,dense,OK,17.321927,1.364208,0.005878,0.927694,4071,Keep as reference variant,false,11th Gen Intel(R) Core(TM) i5-1145G7 @ 2.60GHz,experiments/results/kiss_icp_kitti_seq_08_full_sweep_matrix.json
kiss_icp_kitti_seq_08_full_sweep,ready,kiss_icp,kitti_seq_08_full,gt-backed,fast_profile,fast,OK,18.084742,1.548625,0.007241,2.230160,4071,Adopt as current default,true,11th Gen Intel(R) Core(TM) i5-1145G7 @ 2.60GHz,experiments/results/kiss_icp_kitti_seq_08_full_sweep_matrix.json
kiss_icp_kitti_seq_08_full_sweep,ready,kiss_icp,kitti_seq_08_full,gt-backed,t1_transfer_v05_i12,T1 v0.5+i12,OK,20.533083,1.545607,0.006877,0.637534,4071,Keep as reference variant,false,11th Gen Intel(R) Core(TM) i5-1145G7 @ 2.60GHz,experiments/results/kiss_icp_kitti_seq_08_full_sweep_matrix.json
kiss_icp_profile_tradeoff_mcd_kth_day_06,ready,kiss_icp,mcd_kth_day_06_108,gt-backed,balanced_local_map,Balanced local map,OK,6.095229,,,4.176709,108,Keep as reference variant,false,,experiments/results/kiss_icp_mcd_kth_day_06_matrix.json
kiss_icp_profile_tradeoff_mcd_kth_day_06,ready,kiss_icp,mcd_kth_day_06_108,gt-backed,dense_local_map,Dense local map,OK,6.108503,,,1.883925,108,Keep as reference variant,false,,experiments/results/kiss_icp_mcd_kth_day_06_matrix.json
kiss_icp_profile_tradeoff_mcd_kth_day_06,ready,kiss_icp,mcd_kth_day_06_108,gt-backed,fast_recent_map,Fast recent map,OK,5.567867,,,11.289632,108,Adopt as current default,true,,experiments/results/kiss_icp_mcd_kth_day_06_matrix.json
kiss_icp_profile_tradeoff_mcd_ntu_day_02,ready,kiss_icp,mcd_ntu_day_02_108,gt-backed,balanced_local_map,Balanced local map,OK,0.024394,,,42.196557,108,Keep as reference variant,false,,experiments/results/kiss_icp_mcd_ntu_day_02_matrix.json
kiss_icp_profile_tradeoff_mcd_ntu_day_02,ready,kiss_icp,mcd_ntu_day_02_108,gt-backed,dense_local_map,Dense local map,OK,0.017162,,,34.000181,108,Keep as active challenger,false,,experiments/results/kiss_icp_mcd_ntu_day_02_matrix.json
kiss_icp_profile_tradeoff_mcd_ntu_day_02,ready,kiss_icp,mcd_ntu_day_02_108,gt-backed,fast_recent_map,Fast recent map,OK,0.025871,,,66.681982,108,Adopt as current default,true,,experiments/results/kiss_icp_mcd_ntu_day_02_matrix.json
kiss_icp_profile_tradeoff_mcd_tuhh_night_09,ready,kiss_icp,mcd_tuhh_night_09_108,gt-backed,balanced_local_map,Balanced local map,OK,1.104416,,,9.393025,108,Keep as reference variant,false,,experiments/results/kiss_icp_mcd_tuhh_night_09_matrix.json
kiss_icp_profile_tradeoff_mcd_tuhh_night_09,ready,kiss_icp,mcd_tuhh_night_09_108,gt-backed,dense_local_map,Dense local map,OK,1.139276,,,6.347886,108,Keep as reference variant,false,,experiments/results/kiss_icp_mcd_tuhh_night_09_matrix.json
kiss_icp_profile_tradeoff_mcd_tuhh_night_09,ready,kiss_icp,mcd_tuhh_night_09_108,gt-backed,fast_recent_map,Fast recent map,OK,1.302876,,,24.096147,108,Adopt as current default,true,,experiments/results/kiss_icp_mcd_tuhh_night_09_matrix.json
kiss_icp_profile_tradeoff_mulran_parkinglot_120,ready,kiss_icp,mulran_parkinglot_120,gt-backed,balanced_local_map,Balanced local map,OK,15.653636,225.107294,0.099167,12.742041,120,Keep as reference variant,false,,experiments/results/kiss_icp_mulran_parkinglot_120_matrix.json
kiss_icp_profile_tradeoff_mulran_parkinglot_120,ready,kiss_icp,mulran_parkinglot_120,gt-backed,dense_recent_map,Dense recent map,OK,15.640853,225.109738,0.097264,9.210484,120,Keep as reference variant,false,,experiments/results/kiss_icp_mulran_parkinglot_120_matrix.json
kiss_icp_profile_tradeoff_mulran_parkinglot_120,ready,kiss_icp,mulran_parkinglot_120,gt-backed,fast_recent_map,Fast recent map,OK,15.640868,224.646504,0.103093,27.259361,120,Adopt as current default,true,,experiments/results/kiss_icp_mulran_parkinglot_120_matrix.json
kiss_icp_profile_tradeoff_mulran_parkinglot_full,ready,kiss_icp,mulran_parkinglot_full,gt-backed,balanced_local_map,Balanced local map,OK,74.259081,103.298288,0.034593,10.123959,1175,Keep as reference variant,false,,experiments/results/kiss_icp_mulran_parkinglot_full_matrix.json
kiss_icp_profile_tradeoff_mulran_parkinglot_full,ready,kiss_icp,mulran_parkinglot_full,gt-backed,dense_recent_map,Dense recent map,OK,73.620672,102.390826,0.043611,4.391983,1175,Keep as reference variant,false,,experiments/results/kiss_icp_mulran_parkinglot_full_matrix.json
kiss_icp_profile_tradeoff_mulran_parkinglot_full,ready,kiss_icp,mulran_parkinglot_full,gt-backed,fast_recent_map,Fast recent map,OK,74.336896,103.248046,0.035060,26.851105,1175,Adopt as current default,true,,experiments/results/kiss_icp_mulran_parkinglot_full_matrix.json
lego_loam_profile_tradeoff_hdl_400_reference,ready,lego_loam,hdl_400_open_ct_lio_120,reference-based,dense,Dense,OK,0.192237,,,9.555966,120,Keep as reference variant,false,,experiments/results/lego_loam_hdl_400_reference_matrix.json
lego_loam_profile_tradeoff_hdl_400_reference,ready,lego_loam,hdl_400_open_ct_lio_120,reference-based,fast,Fast,OK,0.225549,,,21.813787,120,Adopt as current default,true,,experiments/results/lego_loam_hdl_400_reference_matrix.json
lego_loam_profile_tradeoff_hdl_400_reference,ready,lego_loam,hdl_400_open_ct_lio_120,reference-based,kitti_default,KITTI default,OK,0.147184,,,7.685557,120,Keep as reference variant,false,,experiments/results/lego_loam_hdl_400_reference_matrix.json
lego_loam_profile_tradeoff_kitti_raw_0009,ready,lego_loam,kitti_raw_0009_200,gt-backed,dense,Dense,OK,3.604245,,,3.197613,200,Keep as reference variant,false,,experiments/results/lego_loam_kitti_raw_0009_matrix.json
lego_loam_profile_tradeoff_kitti_raw_0009,ready,lego_loam,kitti_raw_0009_200,gt-backed,fast,Fast,OK,3.216463,,,8.914729,200,Adopt as current default,true,,experiments/results/lego_loam_kitti_raw_0009_matrix.json
lego_loam_profile_tradeoff_kitti_raw_0009,ready,lego_loam,kitti_raw_0009_200,gt-backed,kitti_default,KITTI default,OK,2.865321,,,3.006826,200,Keep as reference variant,false,,experiments/results/lego_loam_kitti_raw_0009_matrix.json
lego_loam_profile_tradeoff_kitti_raw_0009_nogt,ready,lego_loam,kitti_raw_0009_200,gt-backed,dense,Dense,OK,3.604245,,,3.596389,200,Keep as reference variant,false,,experiments/results/lego_loam_kitti_raw_0009_nogt_matrix.json
lego_loam_profile_tradeoff_kitti_raw_0009_nogt,ready,lego_loam,kitti_raw_0009_200,gt-backed,fast,Fast,OK,3.216463,,,9.939628,200,Adopt as current default,true,,experiments/results/lego_loam_kitti_raw_0009_nogt_matrix.json
lego_loam_profile_tradeoff_kitti_raw_0009_nogt,ready,lego_loam,kitti_raw_0009_200,gt-backed,kitti_default,KITTI default,OK,2.865321,,,3.356995,200,Keep as reference variant,false,,experiments/results/lego_loam_kitti_raw_0009_nogt_matrix.json
lego_loam_profile_tradeoff_kitti_raw_0009_full,ready,lego_loam,kitti_raw_0009_full,gt-backed,dense,Dense,OK,7.248753,,,3.473966,443,Keep as reference variant,false,,experiments/results/lego_loam_kitti_raw_0009_full_matrix.json
lego_loam_profile_tradeoff_kitti_raw_0009_full,ready,lego_loam,kitti_raw_0009_full,gt-backed,fast,Fast,OK,6.498303,,,9.472085,443,Adopt as current default,true,,experiments/results/lego_loam_kitti_raw_0009_full_matrix.json
lego_loam_profile_tradeoff_kitti_raw_0009_full,ready,lego_loam,kitti_raw_0009_full,gt-backed,kitti_default,KITTI default,OK,6.066001,,,2.926412,443,Keep as reference variant,false,,experiments/results/lego_loam_kitti_raw_0009_full_matrix.json
lego_loam_profile_tradeoff_kitti_raw_0061,ready,lego_loam,kitti_raw_0061_200,gt-backed,dense,Dense,OK,0.731270,,,3.542454,200,Keep as reference variant,false,,experiments/results/lego_loam_kitti_raw_0061_matrix.json
lego_loam_profile_tradeoff_kitti_raw_0061,ready,lego_loam,kitti_raw_0061_200,gt-backed,fast,Fast,OK,0.481454,,,9.650725,200,Adopt as current default,true,,experiments/results/lego_loam_kitti_raw_0061_matrix.json
lego_loam_profile_tradeoff_kitti_raw_0061,ready,lego_loam,kitti_raw_0061_200,gt-backed,kitti_default,KITTI default,OK,0.458437,,,3.324491,200,Keep as reference variant,false,,experiments/results/lego_loam_kitti_raw_0061_matrix.json
lego_loam_profile_tradeoff_kitti_raw_0061_full,ready,lego_loam,kitti_raw_0061_full,gt-backed,dense,Dense,OK,7.829637,,,4.258378,703,Keep as reference variant,false,,experiments/results/lego_loam_kitti_raw_0061_full_matrix.json
lego_loam_profile_tradeoff_kitti_raw_0061_full,ready,lego_loam,kitti_raw_0061_full,gt-backed,fast,Fast,OK,5.247552,,,11.120898,703,Adopt as current default,true,,experiments/results/lego_loam_kitti_raw_0061_full_matrix.json
lego_loam_profile_tradeoff_kitti_raw_0061_full,ready,lego_loam,kitti_raw_0061_full,gt-backed,kitti_default,KITTI default,OK,6.017624,,,4.150111,703,Keep as reference variant,false,,experiments/results/lego_loam_kitti_raw_0061_full_matrix.json
lego_loam_kitti_seq_00_full_transfer,ready,lego_loam,kitti_seq_00_full,gt-backed,kitti_default,KITTI default,OK,12.833331,0.838536,0.007290,1.380983,4541,Adopt as current default,true,11th Gen Intel(R) Core(TM) i5-1145G7 @ 2.60GHz,experiments/results/lego_loam_kitti_seq_00_full_transfer_matrix.json
lego_loam_kitti_seq_02_full_transfer,ready,lego_loam,kitti_seq_02_full,gt-backed,kitti_default,KITTI default,OK,41.755869,0.883497,0.007149,1.046234,4661,Adopt as current default,true,11th Gen Intel(R) Core(TM) i5-1145G7 @ 2.60GHz,experiments/results/lego_loam_kitti_seq_02_full_transfer_matrix.json
lego_loam_kitti_seq_05_full_transfer,ready,lego_loam,kitti_seq_05_full,gt-backed,kitti_default,KITTI default,OK,6.449096,0.559431,0.006403,0.803219,2761,Adopt as current default,true,11th Gen Intel(R) Core(TM) i5-1145G7 @ 2.60GHz,experiments/results/lego_loam_kitti_seq_05_full_transfer_matrix.json
lego_loam_kitti_seq_07_full_sweep,ready,lego_loam,kitti_seq_07_full,gt-backed,dense,Dense,OK,3.940170,0.658170,0.010641,1.003927,1101,Keep as reference variant,false,11th Gen Intel(R) Core(TM) i5-1145G7 @ 2.60GHz,experiments/results/lego_loam_kitti_seq_07_full_sweep_matrix.json
lego_loam_kitti_seq_07_full_sweep,ready,lego_loam,kitti_seq_07_full,gt-backed,fast,Fast,OK,4.195782,0.582899,0.009260,2.848425,1101,Adopt as current default,true,11th Gen Intel(R) Core(TM) i5-1145G7 @ 2.60GHz,experiments/results/lego_loam_kitti_seq_07_full_sweep_matrix.json
lego_loam_kitti_seq_07_full_sweep,ready,lego_loam,kitti_seq_07_full,gt-backed,kitti_default,KITTI default,OK,2.589775,0.527758,0.005787,0.952927,1101,Keep as reference variant,false,11th Gen Intel(R) Core(TM) i5-1145G7 @ 2.60GHz,experiments/results/lego_loam_kitti_seq_07_full_sweep_matrix.json
lego_loam_kitti_seq_08_full_transfer,ready,lego_loam,kitti_seq_08_full,gt-backed,kitti_default,KITTI default,OK,17.896468,1.375340,0.006261,0.925221,4071,Adopt as current default,true,11th Gen Intel(R) Core(TM) i5-1145G7 @ 2.60GHz,experiments/results/lego_loam_kitti_seq_08_full_transfer_matrix.json
lego_loam_profile_tradeoff_mcd_kth_day_06,ready,lego_loam,mcd_kth_day_06_108,gt-backed,dense,Dense,OK,6.108715,,,3.656874,108,Keep as reference variant,false,,experiments/results/lego_loam_mcd_kth_day_06_matrix.json
lego_loam_profile_tradeoff_mcd_kth_day_06,ready,lego_loam,mcd_kth_day_06_108,gt-backed,fast,Fast,OK,6.098881,,,9.923787,108,Adopt as current default,true,,experiments/results/lego_loam_mcd_kth_day_06_matrix.json
lego_loam_profile_tradeoff_mcd_kth_day_06,ready,lego_loam,mcd_kth_day_06_108,gt-backed,kitti_default,KITTI default,OK,6.072436,,,2.947769,108,Keep as reference variant,false,,experiments/results/lego_loam_mcd_kth_day_06_matrix.json
lego_loam_profile_tradeoff_mcd_ntu_day_02,ready,lego_loam,mcd_ntu_day_02_108,gt-backed,dense,Dense,OK,0.035767,,,3.152834,108,Keep as active challenger,false,,experiments/results/lego_loam_mcd_ntu_day_02_matrix.json
lego_loam_profile_tradeoff_mcd_ntu_day_02,ready,lego_loam,mcd_ntu_day_02_108,gt-backed,fast,Fast,OK,0.078650,,,8.362960,108,Adopt as current default,true,,experiments/results/lego_loam_mcd_ntu_day_02_matrix.json
lego_loam_profile_tradeoff_mcd_ntu_day_02,ready,lego_loam,mcd_ntu_day_02_108,gt-backed,kitti_default,KITTI default,OK,0.092759,,,3.073252,108,Keep as reference variant,false,,experiments/results/lego_loam_mcd_ntu_day_02_matrix.json
lego_loam_profile_tradeoff_mcd_tuhh_night_09,ready,lego_loam,mcd_tuhh_night_09_108,gt-backed,dense,Dense,OK,1.343701,,,4.010514,108,Keep as reference variant,false,,experiments/results/lego_loam_mcd_tuhh_night_09_matrix.json
lego_loam_profile_tradeoff_mcd_tuhh_night_09,ready,lego_loam,mcd_tuhh_night_09_108,gt-backed,fast,Fast,OK,1.401108,,,10.053788,108,Adopt as current default,true,,experiments/results/lego_loam_mcd_tuhh_night_09_matrix.json
lego_loam_profile_tradeoff_mcd_tuhh_night_09,ready,lego_loam,mcd_tuhh_night_09_108,gt-backed,kitti_default,KITTI default,OK,1.372225,,,2.835517,108,Keep as reference variant,false,,experiments/results/lego_loam_mcd_tuhh_night_09_matrix.json
lins_hdl_400_reference,ready,lins,hdl_400_open_ct_lio_120,reference-based,default,Default,OK,270.992223,,,39.260980,120,Keep as reference variant,false,,experiments/results/lins_hdl_400_reference_matrix.json
lins_hdl_400_reference,ready,lins,hdl_400_open_ct_lio_120,reference-based,dense,Dense,OK,159.726145,,,14.580073,120,Keep as reference variant,false,,experiments/results/lins_hdl_400_reference_matrix.json
lins_hdl_400_reference,ready,lins,hdl_400_open_ct_lio_120,reference-based,fast,Fast,OK,29.745231,,,71.863775,120,Adopt as current default,true,,experiments/results/lins_hdl_400_reference_matrix.json
lins_kitti_raw_0009,ready,lins,kitti_raw_0009_200,gt-backed,default,Default,OK,120.280399,,,31.468311,200,Keep as reference variant,false,,experiments/results/lins_kitti_raw_0009_matrix.json
lins_kitti_raw_0009,ready,lins,kitti_raw_0009_200,gt-backed,dense,Dense,OK,119.860838,,,28.475727,200,Keep as reference variant,false,,experiments/results/lins_kitti_raw_0009_matrix.json
lins_kitti_raw_0009,ready,lins,kitti_raw_0009_200,gt-backed,fast,Fast,OK,120.032189,,,120.725712,200,Adopt as current default,true,,experiments/results/lins_kitti_raw_0009_matrix.json
lins_kitti_raw_0009_nogt,ready,lins,kitti_raw_0009_200,gt-backed,default,Default,OK,120.280399,,,73.581980,200,Keep as reference variant,false,,experiments/results/lins_kitti_raw_0009_nogt_matrix.json
lins_kitti_raw_0009_nogt,ready,lins,kitti_raw_0009_200,gt-backed,dense,Dense,OK,119.860838,,,10.804543,200,Keep as reference variant,false,,experiments/results/lins_kitti_raw_0009_nogt_matrix.json
lins_kitti_raw_0009_nogt,ready,lins,kitti_raw_0009_200,gt-backed,fast,Fast,OK,120.032189,,,104.959144,200,Adopt as current default,true,,experiments/results/lins_kitti_raw_0009_nogt_matrix.json
lins_kitti_raw_0009_full,ready,lins,kitti_raw_0009_full,gt-backed,default,Default,OK,183.795271,,,40.412156,443,Keep as reference variant,false,,experiments/results/lins_kitti_raw_0009_full_matrix.json
lins_kitti_raw_0009_full,ready,lins,kitti_raw_0009_full,gt-backed,dense,Dense,OK,183.379647,,,32.856729,443,Keep as reference variant,false,,experiments/results/lins_kitti_raw_0009_full_matrix.json
lins_kitti_raw_0009_full,ready,lins,kitti_raw_0009_full,gt-backed,fast,Fast,OK,183.686427,,,123.251360,443,Adopt as current default,true,,experiments/results/lins_kitti_raw_0009_full_matrix.json
lins_kitti_raw_0061,ready,lins,kitti_raw_0061_200,gt-backed,default,Default,OK,82.382533,,,14.719422,200,Keep as reference variant,false,,experiments/results/lins_kitti_raw_0061_matrix.json
lins_kitti_raw_0061,ready,lins,kitti_raw_0061_200,gt-backed,dense,Dense,OK,82.877140,,,32.187604,200,Keep as reference variant,false,,experiments/results/lins_kitti_raw_0061_matrix.json
lins_kitti_raw_0061,ready,lins,kitti_raw_0061_200,gt-backed,fast,Fast,OK,82.393027,,,115.246216,200,Adopt as current default,true,,experiments/results/lins_kitti_raw_0061_matrix.json
lins_kitti_raw_0061_full,ready,lins,kitti_raw_0061_full,gt-backed,default,Default,OK,291.978024,,,17.786493,703,Keep as reference variant,false,,experiments/results/lins_kitti_raw_0061_full_matrix.json
lins_kitti_raw_0061_full,ready,lins,kitti_raw_0061_full,gt-backed,dense,Dense,OK,292.403957,,,23.363691,703,Keep as reference variant,false,,experiments/results/lins_kitti_raw_0061_full_matrix.json
lins_kitti_raw_0061_full,ready,lins,kitti_raw_0061_full,gt-backed,fast,Fast,OK,291.877347,,,104.745995,703,Adopt as current default,true,,experiments/results/lins_kitti_raw_0061_full_matrix.json
lins_mcd_kth_day_06,ready,lins,mcd_kth_day_06_108,gt-backed,default,Default,OK,7.393354,,,64.964040,108,Keep as reference variant,false,,experiments/results/lins_mcd_kth_day_06_matrix.json
lins_mcd_kth_day_06,ready,lins,mcd_kth_day_06_108,gt-backed,dense,Dense,OK,7.207154,,,49.768073,108,Keep as reference variant,false,,experiments/results/lins_mcd_kth_day_06_matrix.json
lins_mcd_kth_day_06,ready,lins,mcd_kth_day_06_108,gt-backed,fast,Fast,OK,7.119924,,,166.095771,108,Adopt as current default,true,,experiments/results/lins_mcd_kth_day_06_matrix.json
lins_mcd_ntu_day_02,ready,lins,mcd_ntu_day_02_108,gt-backed,default,Default,OK,0.269182,,,42.474614,108,Keep as reference variant,false,,experiments/results/lins_mcd_ntu_day_02_matrix.json
lins_mcd_ntu_day_02,ready,lins,mcd_ntu_day_02_108,gt-backed,dense,Dense,OK,0.110815,,,34.902843,108,Adopt as current default,true,,experiments/results/lins_mcd_ntu_day_02_matrix.json
lins_mcd_ntu_day_02,ready,lins,mcd_ntu_day_02_108,gt-backed,fast,Fast,OK,0.479147,,,147.220718,108,Keep as active challenger,false,,experiments/results/lins_mcd_ntu_day_02_matrix.json
lins_mcd_tuhh_night_09,ready,lins,mcd_tuhh_night_09_108,gt-backed,default,Default,OK,1.268630,,,73.008806,108,Keep as reference variant,false,,experiments/results/lins_mcd_tuhh_night_09_matrix.json
lins_mcd_tuhh_night_09,ready,lins,mcd_tuhh_night_09_108,gt-backed,dense,Dense,OK,1.150188,,,52.309388,108,Keep as reference variant,false,,experiments/results/lins_mcd_tuhh_night_09_matrix.json
lins_mcd_tuhh_night_09,ready,lins,mcd_tuhh_night_09_108,gt-backed,fast,Fast,OK,1.146664,,,173.410275,108,Adopt as current default,true,,experiments/results/lins_mcd_tuhh_night_09_matrix.json
lio_sam_hdl_400_reference,ready,lio_sam,hdl_400_open_ct_lio_120,reference-based,default,Default (no IMU),OK,0.273305,,,4.487338,120,Keep as reference variant,false,,experiments/results/lio_sam_hdl_400_reference_matrix.json
lio_sam_hdl_400_reference,ready,lio_sam,hdl_400_open_ct_lio_120,reference-based,dense,Dense,OK,0.255058,,,4.327611,120,Keep as reference variant,false,,experiments/results/lio_sam_hdl_400_reference_matrix.json
lio_sam_hdl_400_reference,ready,lio_sam,hdl_400_open_ct_lio_120,reference-based,fast,Fast,OK,0.201521,,,18.091640,120,Adopt as current default,true,,experiments/results/lio_sam_hdl_400_reference_matrix.json
lio_sam_kitti_raw_0009,ready,lio_sam,kitti_raw_0009_200,gt-backed,default,Default (no IMU),OK,2.578958,,,9.252227,200,Keep as reference variant,false,,experiments/results/lio_sam_kitti_raw_0009_matrix.json
lio_sam_kitti_raw_0009,ready,lio_sam,kitti_raw_0009_200,gt-backed,dense,Dense,OK,2.934580,,,13.401771,200,Keep as reference variant,false,,experiments/results/lio_sam_kitti_raw_0009_matrix.json
lio_sam_kitti_raw_0009,ready,lio_sam,kitti_raw_0009_200,gt-backed,fast,Fast,OK,2.648951,,,24.882991,200,Adopt as current default,true,,experiments/results/lio_sam_kitti_raw_0009_matrix.json
lio_sam_kitti_raw_0009_nogt,ready,lio_sam,kitti_raw_0009_200,gt-backed,default,Default (no IMU),OK,2.578958,,,16.634649,200,Keep as reference variant,false,,experiments/results/lio_sam_kitti_raw_0009_nogt_matrix.json
lio_sam_kitti_raw_0009_nogt,ready,lio_sam,kitti_raw_0009_200,gt-backed,dense,Dense,OK,2.750327,,,14.996973,200,Keep as reference variant,false,,experiments/results/lio_sam_kitti_raw_0009_nogt_matrix.json
lio_sam_kitti_raw_0009_nogt,ready,lio_sam,kitti_raw_0009_200,gt-backed,fast,Fast,OK,2.648951,,,23.089969,200,Adopt as current default,true,,experiments/results/lio_sam_kitti_raw_0009_nogt_matrix.json
lio_sam_kitti_raw_0009_full,ready,lio_sam,kitti_raw_0009_full,gt-backed,default,Default (no IMU),OK,5.258995,,,6.453026,443,Keep as reference variant,false,,experiments/results/lio_sam_kitti_raw_0009_full_matrix.json
lio_sam_kitti_raw_0009_full,ready,lio_sam,kitti_raw_0009_full,gt-backed,dense,Dense,OK,5.831998,,,10.086833,443,Keep as reference variant,false,,experiments/results/lio_sam_kitti_raw_0009_full_matrix.json
lio_sam_kitti_raw_0009_full,ready,lio_sam,kitti_raw_0009_full,gt-backed,fast,Fast,OK,5.295557,,,20.177324,443,Adopt as current default,true,,experiments/results/lio_sam_kitti_raw_0009_full_matrix.json
lio_sam_kitti_raw_0061,ready,lio_sam,kitti_raw_0061_200,gt-backed,default,Default (no IMU),OK,0.576812,,,10.258106,200,Keep as reference variant,false,,experiments/results/lio_sam_kitti_raw_0061_matrix.json
lio_sam_kitti_raw_0061,ready,lio_sam,kitti_raw_0061_200,gt-backed,dense,Dense,OK,0.840169,,,17.214182,200,Keep as reference variant,false,,experiments/results/lio_sam_kitti_raw_0061_matrix.json
lio_sam_kitti_raw_0061,ready,lio_sam,kitti_raw_0061_200,gt-backed,fast,Fast,OK,0.703993,,,27.102457,200,Adopt as current default,true,,experiments/results/lio_sam_kitti_raw_0061_matrix.json
lio_sam_kitti_raw_0061_full,ready,lio_sam,kitti_raw_0061_full,gt-backed,default,Default (no IMU),OK,5.236252,,,5.799722,703,Keep as reference variant,false,,experiments/results/lio_sam_kitti_raw_0061_full_matrix.json
lio_sam_kitti_raw_0061_full,ready,lio_sam,kitti_raw_0061_full,gt-backed,dense,Dense,OK,5.755783,,,10.830720,703,Keep as reference variant,false,,experiments/results/lio_sam_kitti_raw_0061_full_matrix.json
lio_sam_kitti_raw_0061_full,ready,lio_sam,kitti_raw_0061_full,gt-backed,fast,Fast,OK,6.066975,,,21.217291,703,Adopt as current default,true,,experiments/results/lio_sam_kitti_raw_0061_full_matrix.json
lio_sam_mcd_kth_day_06,ready,lio_sam,mcd_kth_day_06_108,gt-backed,default,Default (no IMU),OK,6.019893,,,8.056481,108,Keep as reference variant,false,,experiments/results/lio_sam_mcd_kth_day_06_matrix.json
lio_sam_mcd_kth_day_06,ready,lio_sam,mcd_kth_day_06_108,gt-backed,dense,Dense,OK,6.059896,,,11.745969,108,Keep as reference variant,false,,experiments/results/lio_sam_mcd_kth_day_06_matrix.json
lio_sam_mcd_kth_day_06,ready,lio_sam,mcd_kth_day_06_108,gt-backed,fast,Fast,OK,6.074348,,,29.715926,108,Adopt as current default,true,,experiments/results/lio_sam_mcd_kth_day_06_matrix.json
lio_sam_mcd_ntu_day_02,ready,lio_sam,mcd_ntu_day_02_108,gt-backed,default,Default (no IMU),OK,0.066983,,,8.389944,108,Keep as reference variant,false,,experiments/results/lio_sam_mcd_ntu_day_02_matrix.json
lio_sam_mcd_ntu_day_02,ready,lio_sam,mcd_ntu_day_02_108,gt-backed,dense,Dense,OK,0.045068,,,12.170854,108,Keep as reference variant,false,,experiments/results/lio_sam_mcd_ntu_day_02_matrix.json
lio_sam_mcd_ntu_day_02,ready,lio_sam,mcd_ntu_day_02_108,gt-backed,fast,Fast,OK,0.072989,,,31.720395,108,Adopt as current default,true,,experiments/results/lio_sam_mcd_ntu_day_02_matrix.json
lio_sam_mcd_tuhh_night_09,ready,lio_sam,mcd_tuhh_night_09_108,gt-backed,default,Default (no IMU),OK,1.330974,,,9.331518,108,Keep as reference variant,false,,experiments/results/lio_sam_mcd_tuhh_night_09_matrix.json
lio_sam_mcd_tuhh_night_09,ready,lio_sam,mcd_tuhh_night_09_108,gt-backed,dense,Dense,OK,1.346711,,,10.385753,108,Keep as reference variant,false,,experiments/results/lio_sam_mcd_tuhh_night_09_matrix.json
lio_sam_mcd_tuhh_night_09,ready,lio_sam,mcd_tuhh_night_09_108,gt-backed,fast,Fast,OK,1.314104,,,30.021739,108,Adopt as current default,true,,experiments/results/lio_sam_mcd_tuhh_night_09_matrix.json
litamin2_profile_tradeoff,ready,litamin2,autoware_istanbul_open_108,gt-backed,fast_cov_half_threads,Fast local-map + covariance,OK,1.213391,,,21.462765,108,Keep as active challenger,false,,experiments/results/litamin2_profile_matrix.json
litamin2_profile_tradeoff,ready,litamin2,autoware_istanbul_open_108,gt-backed,fast_icp_only_half_threads,Fast local-map + ICP-only,OK,1.213391,,,23.518337,108,Adopt as current default,true,,experiments/results/litamin2_profile_matrix.json
litamin2_profile_tradeoff,ready,litamin2,autoware_istanbul_open_108,gt-backed,paper_cov_half_threads,Paper-like 3m + covariance,OK,1.263903,,,15.505760,108,Keep as reference variant,false,,experiments/results/litamin2_profile_matrix.json
litamin2_profile_tradeoff,ready,litamin2,autoware_istanbul_open_108,gt-backed,paper_icp_only_half_threads,Paper-like 3m + ICP-only,OK,1.263903,,,18.013602,108,Keep as reference variant,false,,experiments/results/litamin2_profile_matrix.json
litamin2_profile_tradeoff_istanbul_window_b,ready,litamin2,autoware_istanbul_open_108_b,gt-backed,fast_cov_half_threads,Fast local-map + covariance,OK,1.221590,,,18.557924,108,Keep as active challenger,false,,experiments/results/litamin2_istanbul_window_b_matrix.json
litamin2_profile_tradeoff_istanbul_window_b,ready,litamin2,autoware_istanbul_open_108_b,gt-backed,fast_icp_only_half_threads,Fast local-map + ICP-only,OK,1.221590,,,20.945227,108,Adopt as current default,true,,experiments/results/litamin2_istanbul_window_b_matrix.json
litamin2_profile_tradeoff_istanbul_window_b,ready,litamin2,autoware_istanbul_open_108_b,gt-backed,paper_cov_half_threads,Paper-like 3m + covariance,OK,1.332017,,,14.969596,108,Keep as reference variant,false,,experiments/results/litamin2_istanbul_window_b_matrix.json
litamin2_profile_tradeoff_istanbul_window_b,ready,litamin2,autoware_istanbul_open_108_b,gt-backed,paper_icp_only_half_threads,Paper-like 3m + ICP-only,OK,1.332017,,,17.026895,108,Keep as reference variant,false,,experiments/results/litamin2_istanbul_window_b_matrix.json
litamin2_profile_tradeoff_istanbul_window_c,ready,litamin2,autoware_istanbul_open_108_c,gt-backed,fast_cov_half_threads,Fast local-map + covariance,OK,0.930008,,,17.991722,108,Keep as active challenger,false,,experiments/results/litamin2_istanbul_window_c_matrix.json
litamin2_profile_tradeoff_istanbul_window_c,ready,litamin2,autoware_istanbul_open_108_c,gt-backed,fast_icp_only_half_threads,Fast local-map + ICP-only,OK,0.930008,,,21.161740,108,Keep as active challenger,false,,experiments/results/litamin2_istanbul_window_c_matrix.json
litamin2_profile_tradeoff_istanbul_window_c,ready,litamin2,autoware_istanbul_open_108_c,gt-backed,paper_cov_half_threads,Paper-like 3m + covariance,OK,0.741485,,,14.798245,108,Keep as active challenger,false,,experiments/results/litamin2_istanbul_window_c_matrix.json
litamin2_profile_tradeoff_istanbul_window_c,ready,litamin2,autoware_istanbul_open_108_c,gt-backed,paper_icp_only_half_threads,Paper-like 3m + ICP-only,OK,0.741485,,,17.249127,108,Adopt as current default,true,,experiments/results/litamin2_istanbul_window_c_matrix.json
litamin2_profile_tradeoff_hdl_400_reference,ready,litamin2,hdl_400_open_ct_lio_120,reference-based,fast_cov_half_threads,Fast local-map + covariance,OK,0.111115,1.313040,0.050393,80.708405,120,Adopt as current default,true,,experiments/results/litamin2_hdl_400_reference_matrix.json
litamin2_profile_tradeoff_hdl_400_reference,ready,litamin2,hdl_400_open_ct_lio_120,reference-based,fast_icp_only_half_threads,Fast local-map + ICP-only,OK,0.111115,1.313040,0.050393,71.313465,120,Keep as active challenger,false,,experiments/results/litamin2_hdl_400_reference_matrix.json
litamin2_profile_tradeoff_hdl_400_reference,ready,litamin2,hdl_400_open_ct_lio_120,reference-based,paper_cov_half_threads,Paper-like 3m + covariance,OK,0.128962,2.125761,0.067449,75.460150,120,Keep as reference variant,false,,experiments/results/litamin2_hdl_400_reference_matrix.json
litamin2_profile_tradeoff_hdl_400_reference,ready,litamin2,hdl_400_open_ct_lio_120,reference-based,paper_icp_only_half_threads,Paper-like 3m + ICP-only,OK,0.128962,2.125761,0.067449,79.891704,120,Keep as active challenger,false,,experiments/results/litamin2_hdl_400_reference_matrix.json
litamin2_profile_tradeoff_hdl_400_reference_b,ready,litamin2,hdl_400_open_ct_lio_120_b,reference-based,fast_cov_half_threads,Fast local-map + covariance,OK,0.168429,,,4.855753,120,Keep as active challenger,false,,experiments/results/litamin2_hdl_400_reference_b_matrix.json
litamin2_profile_tradeoff_hdl_400_reference_b,ready,litamin2,hdl_400_open_ct_lio_120_b,reference-based,fast_icp_only_half_threads,Fast local-map + ICP-only,OK,0.168429,,,5.198294,120,Adopt as current default,true,,experiments/results/litamin2_hdl_400_reference_b_matrix.json
litamin2_profile_tradeoff_hdl_400_reference_b,ready,litamin2,hdl_400_open_ct_lio_120_b,reference-based,paper_cov_half_threads,Paper-like 3m + covariance,OK,0.273681,,,5.778855,120,Keep as reference variant,false,,experiments/results/litamin2_hdl_400_reference_b_matrix.json
litamin2_profile_tradeoff_hdl_400_reference_b,ready,litamin2,hdl_400_open_ct_lio_120_b,reference-based,paper_icp_only_half_threads,Paper-like 3m + ICP-only,OK,0.273681,,,6.079298,120,Keep as reference variant,false,,experiments/results/litamin2_hdl_400_reference_b_matrix.json
litamin2_kitti_raw_0009_200_cluster_t1,ready,litamin2,kitti_raw_0009_200,gt-backed,cluster_t1_seeded,cluster T1 + seed,OK,0.643648,0.792487,0.008077,27.871920,196,Adopt as current default,true,,experiments/results/litamin2_kitti_raw_0009_200_cluster_t1_matrix.json
litamin2_kitti_raw_0009_200_cluster_t1,ready,litamin2,kitti_raw_0009_200,gt-backed,fast_seeded_reference,fast + seed,OK,1.066576,0.741854,0.003888,30.008848,196,Keep as reference variant,false,,experiments/results/litamin2_kitti_raw_0009_200_cluster_t1_matrix.json
litamin2_profile_tradeoff_kitti_raw_0009,ready,litamin2,kitti_raw_0009_200,gt-backed,fast_cov_half_threads,Fast local-map + covariance,OK,1.066576,0.741854,0.003888,30.153053,196,Keep as active challenger,false,,experiments/results/litamin2_kitti_raw_0009_matrix.json
litamin2_profile_tradeoff_kitti_raw_0009,ready,litamin2,kitti_raw_0009_200,gt-backed,fast_icp_only_half_threads,Fast local-map + ICP-only,OK,1.066576,0.741854,0.003888,31.256240,196,Adopt as current default,true,,experiments/results/litamin2_kitti_raw_0009_matrix.json
litamin2_profile_tradeoff_kitti_raw_0009,ready,litamin2,kitti_raw_0009_200,gt-backed,paper_cov_half_threads,Paper-like 3m + covariance,OK,1.444990,1.240890,0.004650,29.080322,196,Keep as reference variant,false,,experiments/results/litamin2_kitti_raw_0009_matrix.json
litamin2_profile_tradeoff_kitti_raw_0009,ready,litamin2,kitti_raw_0009_200,gt-backed,paper_icp_only_half_threads,Paper-like 3m + ICP-only,OK,1.444990,1.240890,0.004650,31.745606,196,Keep as reference variant,false,,experiments/results/litamin2_kitti_raw_0009_matrix.json
litamin2_profile_tradeoff_kitti_raw_0009_nogt,ready,litamin2,kitti_raw_0009_200,gt-backed,fast_cov_half_threads,Fast local-map + covariance,OK,6.290480,2.287131,0.004462,29.818360,196,Keep as active challenger,false,,experiments/results/litamin2_kitti_raw_0009_nogt_matrix.json
litamin2_profile_tradeoff_kitti_raw_0009_nogt,ready,litamin2,kitti_raw_0009_200,gt-backed,fast_icp_only_half_threads,Fast local-map + ICP-only,OK,6.290480,2.287131,0.004462,30.542137,196,Adopt as current default,true,,experiments/results/litamin2_kitti_raw_0009_nogt_matrix.json
litamin2_profile_tradeoff_kitti_raw_0009_nogt,ready,litamin2,kitti_raw_0009_200,gt-backed,paper_cov_half_threads,Paper-like 3m + covariance,OK,115.567436,99.789444,0.015105,30.292339,196,Keep as reference variant,false,,experiments/results/litamin2_kitti_raw_0009_nogt_matrix.json
litamin2_profile_tradeoff_kitti_raw_0009_nogt,ready,litamin2,kitti_raw_0009_200,gt-backed,paper_icp_only_half_threads,Paper-like 3m + ICP-only,OK,115.567436,99.789444,0.015105,30.353132,196,Keep as reference variant,false,,experiments/results/litamin2_kitti_raw_0009_nogt_matrix.json
litamin2_kitti_raw_0009_full_cluster_t1,ready,litamin2,kitti_raw_0009_full,gt-backed,cluster_t1_seeded,cluster T1 + seed,OK,0.676327,0.757915,0.007913,18.016554,443,Adopt as current default,true,,experiments/results/litamin2_kitti_raw_0009_full_cluster_t1_matrix.json
litamin2_kitti_raw_0009_full_cluster_t1,ready,litamin2,kitti_raw_0009_full,gt-backed,fast_seeded_reference,fast + seed,OK,1.064216,0.793142,0.006576,20.574546,443,Keep as reference variant,false,,experiments/results/litamin2_kitti_raw_0009_full_cluster_t1_matrix.json
litamin2_profile_tradeoff_kitti_raw_0009_full,ready,litamin2,kitti_raw_0009_full,gt-backed,fast_cov_half_threads,Fast local-map + covariance,OK,1.064216,0.793142,0.006576,18.854663,443,Adopt as current default,true,,experiments/results/litamin2_kitti_raw_0009_full_matrix.json
litamin2_profile_tradeoff_kitti_raw_0009_full,ready,litamin2,kitti_raw_0009_full,gt-backed,fast_icp_only_half_threads,Fast local-map + ICP-only,OK,1.064216,0.793142,0.006576,18.836655,443,Keep as active challenger,false,,experiments/results/litamin2_kitti_raw_0009_full_matrix.json
litamin2_profile_tradeoff_kitti_raw_0009_full,ready,litamin2,kitti_raw_0009_full,gt-backed,paper_cov_half_threads,Paper-like 3m + covariance,OK,1.286777,1.183917,0.008012,19.459888,443,Keep as active challenger,false,,experiments/results/litamin2_kitti_raw_0009_full_matrix.json
litamin2_profile_tradeoff_kitti_raw_0009_full,ready,litamin2,kitti_raw_0009_full,gt-backed,paper_icp_only_half_threads,Paper-like 3m + ICP-only,OK,1.286777,1.183917,0.008012,19.310506,443,Keep as active challenger,false,,experiments/results/litamin2_kitti_raw_0009_full_matrix.json
litamin2_kitti_raw_0061_200_cluster_t1,ready,litamin2,kitti_raw_0061_200,gt-backed,cluster_t1_seeded,cluster T1 + seed,OK,0.516725,0.445296,0.007128,48.132843,200,Adopt as current default,true,,experiments/results/litamin2_kitti_raw_0061_200_cluster_t1_matrix.json
litamin2_kitti_raw_0061_200_cluster_t1,ready,litamin2,kitti_raw_0061_200,gt-backed,fast_seeded_reference,fast + seed,OK,0.510660,0.449319,0.005964,47.436800,200,Keep as active challenger,false,,experiments/results/litamin2_kitti_raw_0061_200_cluster_t1_matrix.json
litamin2_profile_tradeoff_kitti_raw_0061,ready,litamin2,kitti_raw_0061_200,gt-backed,fast_cov_half_threads,Fast local-map + covariance,OK,0.510660,,,67.739260,200,Adopt as current default,true,,experiments/results/litamin2_kitti_raw_0061_matrix.json
litamin2_profile_tradeoff_kitti_raw_0061,ready,litamin2,kitti_raw_0061_200,gt-backed,fast_icp_only_half_threads,Fast local-map + ICP-only,OK,0.510660,,,64.917950,200,Keep as active challenger,false,,experiments/results/litamin2_kitti_raw_0061_matrix.json
litamin2_profile_tradeoff_kitti_raw_0061,ready,litamin2,kitti_raw_0061_200,gt-backed,paper_cov_half_threads,Paper-like 3m + covariance,OK,1.130345,,,67.182462,200,Keep as reference variant,false,,experiments/results/litamin2_kitti_raw_0061_matrix.json
litamin2_profile_tradeoff_kitti_raw_0061,ready,litamin2,kitti_raw_0061_200,gt-backed,paper_icp_only_half_threads,Paper-like 3m + ICP-only,OK,1.130345,,,68.578850,200,Keep as reference variant,false,,experiments/results/litamin2_kitti_raw_0061_matrix.json
litamin2_kitti_raw_0061_full_cluster_t1,ready,litamin2,kitti_raw_0061_full,gt-backed,cluster_t1_seeded,cluster T1 + seed,OK,0.600179,1.039685,0.010314,39.773285,703,Adopt as current default,true,,experiments/results/litamin2_kitti_raw_0061_full_cluster_t1_matrix.json
litamin2_kitti_raw_0061_full_cluster_t1,ready,litamin2,kitti_raw_0061_full,gt-backed,fast_seeded_reference,fast + seed,OK,0.943964,2.022549,0.017496,61.364475,703,Keep as active challenger,false,,experiments/results/litamin2_kitti_raw_0061_full_cluster_t1_matrix.json
litamin2_profile_tradeoff_kitti_raw_0061_full,ready,litamin2,kitti_raw_0061_full,gt-backed,fast_cov_half_threads,Fast local-map + covariance,OK,0.943964,,,53.512181,703,Keep as active challenger,false,,experiments/results/litamin2_kitti_raw_0061_full_matrix.json
litamin2_profile_tradeoff_kitti_raw_0061_full,ready,litamin2,kitti_raw_0061_full,gt-backed,fast_icp_only_half_threads,Fast local-map + ICP-only,OK,0.943964,,,58.114664,703,Adopt as current default,true,,experiments/results/litamin2_kitti_raw_0061_full_matrix.json
litamin2_profile_tradeoff_kitti_raw_0061_full,ready,litamin2,kitti_raw_0061_full,gt-backed,paper_cov_half_threads,Paper-like 3m + covariance,OK,1.324792,,,36.273480,703,Keep as reference variant,false,,experiments/results/litamin2_kitti_raw_0061_full_matrix.json
litamin2_profile_tradeoff_kitti_raw_0061_full,ready,litamin2,kitti_raw_0061_full,gt-backed,paper_icp_only_half_threads,Paper-like 3m + ICP-only,OK,1.324792,,,43.232806,703,Keep as reference variant,false,,experiments/results/litamin2_kitti_raw_0061_full_matrix.json
litamin2_kitti_seq_00_full_tuned_seeded,ready,litamin2,kitti_seq_00_full,gt-backed,tuned_voxel0_5_iter12_seeded,voxel=0.5 + iter=12 + GT seed,OK,0.731360,0.918319,0.008361,54.420132,4541,Keep as active challenger,false,,experiments/results/litamin2_kitti_seq_00_full_tuned_seeded_matrix.json
litamin2_kitti_seq_00_full_tuned_seeded,ready,litamin2,kitti_seq_00_full,gt-backed,tuned_voxel1_iter12_seeded,voxel=1.0 + iter=12 + GT seed,OK,1.098905,1.327810,0.009669,55.161710,4541,Keep as reference variant,false,,experiments/results/litamin2_kitti_seq_00_full_tuned_seeded_matrix.json
litamin2_kitti_seq_00_full_tuned_seeded,ready,litamin2,kitti_seq_00_full,gt-backed,tuned_voxel1_iter20_seeded,voxel=1.0 + iter=20 + GT seed,OK,1.095947,1.491510,0.011344,56.023590,4541,Keep as reference variant,false,,experiments/results/litamin2_kitti_seq_00_full_tuned_seeded_matrix.json
litamin2_kitti_seq_00_full_tuned_seeded,ready,litamin2,kitti_seq_00_full,gt-backed,tuned_voxel2_iter12_seeded,voxel=2.0 + iter=12 + GT seed,OK,1.117129,2.024361,0.018026,86.826678,4541,Adopt as current default,true,,experiments/results/litamin2_kitti_seq_00_full_tuned_seeded_matrix.json
litamin2_paper_comparison_kitti_seq_00_full,ready,litamin2,kitti_seq_00_full,gt-backed,fast_cov_no_gt_seed,Fast local-map + covariance (pure odometry),OK,110.483920,3.081315,0.018176,98.948385,4541,Adopt as current default,true,,experiments/results/litamin2_kitti_seq_00_full_paper_comp_matrix.json
litamin2_profile_tradeoff_kitti_seq_00_full,ready,litamin2,kitti_seq_00_full,gt-backed,fast_cov_half_threads,Fast local-map + covariance,OK,0.997919,1.914118,0.018601,104.568180,4541,Keep as active challenger,false,,experiments/results/litamin2_kitti_seq_00_full_matrix.json
litamin2_profile_tradeoff_kitti_seq_00_full,ready,litamin2,kitti_seq_00_full,gt-backed,fast_icp_only_half_threads,Fast local-map + ICP-only,OK,0.997919,1.914118,0.018601,108.859881,4541,Adopt as current default,true,,experiments/results/litamin2_kitti_seq_00_full_matrix.json
litamin2_profile_tradeoff_kitti_seq_00_full,ready,litamin2,kitti_seq_00_full,gt-backed,paper_cov_half_threads,Paper-like 3m + covariance,OK,1.224759,2.637028,0.024895,80.986592,4541,Keep as reference variant,false,,experiments/results/litamin2_kitti_seq_00_full_matrix.json
litamin2_profile_tradeoff_kitti_seq_00_full,ready,litamin2,kitti_seq_00_full,gt-backed,paper_icp_only_half_threads,Paper-like 3m + ICP-only,OK,1.224759,2.637028,0.024895,100.876473,4541,Keep as reference variant,false,,experiments/results/litamin2_kitti_seq_00_full_matrix.json
litamin2_tuned_kitti_seq_00_full,ready,litamin2,kitti_seq_00_full,gt-backed,tuned_voxel1_iter12,Tuned: voxel 1.0 + iter 12 (no GT seed),OK,13.463967,0.919647,0.008111,60.947313,4541,Adopt as current default,true,,experiments/results/litamin2_kitti_seq_00_full_tuned_matrix.json
litamin2_correspondence_kitti_seq_02_full,ready,litamin2,kitti_seq_02_full,gt-backed,coarse_to_fine_3_2_1,Coarse-to-fine voxels: 3.0 -> 2.0 -> 1.0,OK,102.942161,2.347625,0.013049,64.502740,4661,Keep as reference variant,false,,experiments/results/litamin2_kitti_seq_02_full_correspondence_matrix.json
litamin2_correspondence_kitti_seq_02_full,ready,litamin2,kitti_seq_02_full,gt-backed,cov_floor_1e_4,Covariance floor: 1e-4,OK,51.894945,0.966926,0.007174,91.828586,4661,Adopt as current default,true,,experiments/results/litamin2_kitti_seq_02_full_correspondence_matrix.json
litamin2_correspondence_kitti_seq_02_full,ready,litamin2,kitti_seq_02_full,gt-backed,covariance_gradient,Covariance-shape gradient,OK,384.473686,5.678684,0.087656,82.686684,4661,Keep as reference variant,false,,experiments/results/litamin2_kitti_seq_02_full_correspondence_matrix.json
litamin2_correspondence_kitti_seq_02_full,ready,litamin2,kitti_seq_02_full,gt-backed,covariance_gradient_w0_1_linesearch,Covariance-shape gradient: 0.1x + line search,OK,81.960757,0.979889,0.007540,87.058697,4661,Keep as reference variant,false,,experiments/results/litamin2_kitti_seq_02_full_correspondence_matrix.json
litamin2_correspondence_kitti_seq_02_full,ready,litamin2,kitti_seq_02_full,gt-backed,radius1_distance_gate_1_5m,Neighbor voxels: radius 1 + 1.5 m gate,OK,44.004774,0.936317,0.007103,39.272822,4661,Keep as reference variant,false,,experiments/results/litamin2_kitti_seq_02_full_correspondence_matrix.json
litamin2_correspondence_kitti_seq_02_full,ready,litamin2,kitti_seq_02_full,gt-backed,radius1_no_distance_gate,Neighbor voxels: radius 1,OK,46.494978,0.944966,0.007089,38.653085,4661,Keep as reference variant,false,,experiments/results/litamin2_kitti_seq_02_full_correspondence_matrix.json
litamin2_correspondence_kitti_seq_02_full,ready,litamin2,kitti_seq_02_full,gt-backed,tuned_voxel1_iter12,Tuned baseline: voxel 1.0 + iter 12,OK,50.621705,0.975238,0.007037,67.743238,4661,Keep as reference variant,false,,experiments/results/litamin2_kitti_seq_02_full_correspondence_matrix.json
litamin2_kitti_seq_02_full_tuned_seeded,ready,litamin2,kitti_seq_02_full,gt-backed,cluster_t1_seeded,cluster T1: voxel=0.5 + iter=12 + seed,OK,0.728304,0.952178,0.010395,68.312143,4661,Adopt as current default,true,,experiments/results/litamin2_kitti_seq_02_full_tuned_seeded_matrix.json
litamin2_kitti_seq_02_full_tuned_seeded,ready,litamin2,kitti_seq_02_full,gt-backed,fast_seeded_reference,fast + seed (baseline),OK,1.038284,1.882172,0.015921,67.094055,4661,Keep as reference variant,false,,experiments/results/litamin2_kitti_seq_02_full_tuned_seeded_matrix.json
litamin2_correspondence_kitti_seq_05_full,ready,litamin2,kitti_seq_05_full,gt-backed,coarse_to_fine_3_2_1,Coarse-to-fine voxels: 3.0 -> 2.0 -> 1.0,OK,7.217209,0.613345,0.005901,70.414650,2761,Keep as reference variant,false,,experiments/results/litamin2_kitti_seq_05_full_correspondence_matrix.json
litamin2_correspondence_kitti_seq_05_full,ready,litamin2,kitti_seq_05_full,gt-backed,cov_floor_1e_4,Covariance floor: 1e-4,OK,6.565388,0.611968,0.005857,93.444935,2761,Adopt as current default,true,,experiments/results/litamin2_kitti_seq_05_full_correspondence_matrix.json
litamin2_correspondence_kitti_seq_05_full,ready,litamin2,kitti_seq_05_full,gt-backed,covariance_gradient,Covariance-shape gradient,OK,9.653786,0.684015,0.010719,75.366457,2761,Keep as reference variant,false,,experiments/results/litamin2_kitti_seq_05_full_correspondence_matrix.json
litamin2_correspondence_kitti_seq_05_full,ready,litamin2,kitti_seq_05_full,gt-backed,covariance_gradient_w0_1_linesearch,Covariance-shape gradient: 0.1x + line search,OK,8.999882,0.608655,0.005856,79.465850,2761,Keep as reference variant,false,,experiments/results/litamin2_kitti_seq_05_full_correspondence_matrix.json
litamin2_correspondence_kitti_seq_05_full,ready,litamin2,kitti_seq_05_full,gt-backed,radius1_distance_gate_1_5m,Neighbor voxels: radius 1 + 1.5 m gate,OK,6.068657,0.610888,0.005783,41.520197,2761,Keep as reference variant,false,,experiments/results/litamin2_kitti_seq_05_full_correspondence_matrix.json
litamin2_correspondence_kitti_seq_05_full,ready,litamin2,kitti_seq_05_full,gt-backed,radius1_no_distance_gate,Neighbor voxels: radius 1,OK,6.148167,0.604575,0.005434,41.151168,2761,Keep as reference variant,false,,experiments/results/litamin2_kitti_seq_05_full_correspondence_matrix.json
litamin2_correspondence_kitti_seq_05_full,ready,litamin2,kitti_seq_05_full,gt-backed,tuned_voxel1_iter12,Tuned baseline: voxel 1.0 + iter 12,OK,7.350139,0.625504,0.006029,62.391436,2761,Keep as reference variant,false,,experiments/results/litamin2_kitti_seq_05_full_correspondence_matrix.json
litamin2_kitti_seq_05_full_tuned_seeded,ready,litamin2,kitti_seq_05_full,gt-backed,cluster_t1_seeded,cluster T1: voxel=0.5 + iter=12 + seed,OK,0.750774,0.637859,0.005497,7.346734,2761,Keep as reference variant,false,,experiments/results/litamin2_kitti_seq_05_full_tuned_seeded_matrix.json
litamin2_kitti_seq_05_full_tuned_seeded,ready,litamin2,kitti_seq_05_full,gt-backed,fast_seeded_reference,fast + seed (baseline),OK,0.957385,1.418541,0.013525,17.170825,2761,Adopt as current default,true,,experiments/results/litamin2_kitti_seq_05_full_tuned_seeded_matrix.json
litamin2_correspondence_kitti_seq_07_full,ready,litamin2,kitti_seq_07_full,gt-backed,coarse_to_fine_3_2_1,Coarse-to-fine voxels: 3.0 -> 2.0 -> 1.0,OK,2.242392,0.529735,0.006386,70.793594,1101,Keep as reference variant,false,,experiments/results/litamin2_kitti_seq_07_full_correspondence_matrix.json
litamin2_correspondence_kitti_seq_07_full,ready,litamin2,kitti_seq_07_full,gt-backed,cov_floor_1e_4,Covariance floor: 1e-4,OK,2.201678,0.547594,0.006877,106.884652,1101,Adopt as current default,true,,experiments/results/litamin2_kitti_seq_07_full_correspondence_matrix.json
litamin2_correspondence_kitti_seq_07_full,ready,litamin2,kitti_seq_07_full,gt-backed,covariance_gradient,Covariance-shape gradient,OK,5.236933,0.844673,0.013197,81.832439,1101,Keep as reference variant,false,,experiments/results/litamin2_kitti_seq_07_full_correspondence_matrix.json
litamin2_correspondence_kitti_seq_07_full,ready,litamin2,kitti_seq_07_full,gt-backed,covariance_gradient_w0_1_linesearch,Covariance-shape gradient: 0.1x + line search,OK,2.186245,0.551590,0.006900,69.322633,1101,Keep as reference variant,false,,experiments/results/litamin2_kitti_seq_07_full_correspondence_matrix.json
litamin2_correspondence_kitti_seq_07_full,ready,litamin2,kitti_seq_07_full,gt-backed,radius1_distance_gate_1_5m,Neighbor voxels: radius 1 + 1.5 m gate,OK,2.314551,0.575098,0.007393,45.688610,1101,Keep as reference variant,false,,experiments/results/litamin2_kitti_seq_07_full_correspondence_matrix.json
litamin2_correspondence_kitti_seq_07_full,ready,litamin2,kitti_seq_07_full,gt-backed,radius1_no_distance_gate,Neighbor voxels: radius 1,OK,2.523655,0.578199,0.007495,48.223016,1101,Keep as reference variant,false,,experiments/results/litamin2_kitti_seq_07_full_correspondence_matrix.json
litamin2_correspondence_kitti_seq_07_full,ready,litamin2,kitti_seq_07_full,gt-backed,tuned_voxel1_iter12,Tuned baseline: voxel 1.0 + iter 12,OK,1.963576,0.535485,0.006091,75.457498,1101,Keep as active challenger,false,,experiments/results/litamin2_kitti_seq_07_full_correspondence_matrix.json
litamin2_kitti_seq_07_full_tuned_seeded,ready,litamin2,kitti_seq_07_full,gt-backed,cluster_t1_seeded,cluster T1: voxel=0.5 + iter=12 + seed,OK,0.646534,0.591077,0.006834,58.293555,1101,Keep as active challenger,false,,experiments/results/litamin2_kitti_seq_07_full_tuned_seeded_matrix.json
litamin2_kitti_seq_07_full_tuned_seeded,ready,litamin2,kitti_seq_07_full,gt-backed,fast_seeded_reference,fast + seed (baseline),OK,0.835570,1.039468,0.011014,94.731232,1101,Adopt as current default,true,,experiments/results/litamin2_kitti_seq_07_full_tuned_seeded_matrix.json
litamin2_correspondence_kitti_seq_08_full,ready,litamin2,kitti_seq_08_full,gt-backed,coarse_to_fine_3_2_1,Coarse-to-fine voxels: 3.0 -> 2.0 -> 1.0,OK,39.471674,2.582403,0.006495,59.430662,4071,Keep as reference variant,false,,experiments/results/litamin2_kitti_seq_08_full_correspondence_matrix.json
litamin2_correspondence_kitti_seq_08_full,ready,litamin2,kitti_seq_08_full,gt-backed,cov_floor_1e_4,Covariance floor: 1e-4,OK,19.672162,1.306726,0.006429,94.182589,4071,Adopt as current default,true,,experiments/results/litamin2_kitti_seq_08_full_correspondence_matrix.json
litamin2_correspondence_kitti_seq_08_full,ready,litamin2,kitti_seq_08_full,gt-backed,covariance_gradient,Covariance-shape gradient,OK,18.694104,1.351358,0.010801,79.170498,4071,Keep as active challenger,false,,experiments/results/litamin2_kitti_seq_08_full_correspondence_matrix.json
litamin2_correspondence_kitti_seq_08_full,ready,litamin2,kitti_seq_08_full,gt-backed,covariance_gradient_w0_1_linesearch,Covariance-shape gradient: 0.1x + line search,OK,23.143877,1.281630,0.006421,83.667212,4071,Keep as reference variant,false,,experiments/results/litamin2_kitti_seq_08_full_correspondence_matrix.json
litamin2_correspondence_kitti_seq_08_full,ready,litamin2,kitti_seq_08_full,gt-backed,radius1_distance_gate_1_5m,Neighbor voxels: radius 1 + 1.5 m gate,OK,19.519183,1.310988,0.005925,38.807051,4071,Keep as reference variant,false,,experiments/results/litamin2_kitti_seq_08_full_correspondence_matrix.json
litamin2_correspondence_kitti_seq_08_full,ready,litamin2,kitti_seq_08_full,gt-backed,radius1_no_distance_gate,Neighbor voxels: radius 1,OK,18.326920,1.322774,0.006035,39.642695,4071,Keep as reference variant,false,,experiments/results/litamin2_kitti_seq_08_full_correspondence_matrix.json
litamin2_correspondence_kitti_seq_08_full,ready,litamin2,kitti_seq_08_full,gt-backed,tuned_voxel1_iter12,Tuned baseline: voxel 1.0 + iter 12,OK,22.875022,1.294877,0.006126,68.521656,4071,Keep as reference variant,false,,experiments/results/litamin2_kitti_seq_08_full_correspondence_matrix.json
litamin2_kitti_seq_08_full_tuned_seeded,ready,litamin2,kitti_seq_08_full,gt-backed,cluster_t1_seeded,cluster T1: voxel=0.5 + iter=12 + seed,OK,0.695676,0.990512,0.008796,54.267132,4071,Keep as active challenger,false,,experiments/results/litamin2_kitti_seq_08_full_tuned_seeded_matrix.json
litamin2_kitti_seq_08_full_tuned_seeded,ready,litamin2,kitti_seq_08_full,gt-backed,fast_seeded_reference,fast + seed (baseline),OK,1.130466,2.116728,0.018472,104.915246,4071,Adopt as current default,true,,experiments/results/litamin2_kitti_seq_08_full_tuned_seeded_matrix.json
litamin2_mcd_kth_day_06_cluster_t1,ready,litamin2,mcd_kth_day_06_108,gt-backed,cluster_t1_seeded,cluster T1 + seed,OK,0.192114,3.296574,0.181810,20.058121,108,Adopt as current default,true,,experiments/results/litamin2_mcd_kth_day_06_cluster_t1_matrix.json
litamin2_mcd_kth_day_06_cluster_t1,ready,litamin2,mcd_kth_day_06_108,gt-backed,fast_seeded_reference,fast + seed,OK,0.401468,7.357192,0.537257,33.039808,108,Keep as active challenger,false,,experiments/results/litamin2_mcd_kth_day_06_cluster_t1_matrix.json
litamin2_profile_tradeoff_mcd_kth_day_06,ready,litamin2,mcd_kth_day_06_108,gt-backed,fast_cov_half_threads,Fast local-map + covariance,OK,0.401468,7.357192,0.537257,89.413456,108,Keep as active challenger,false,,experiments/results/litamin2_mcd_kth_day_06_matrix.json
litamin2_profile_tradeoff_mcd_kth_day_06,ready,litamin2,mcd_kth_day_06_108,gt-backed,fast_icp_only_half_threads,Fast local-map + ICP-only,OK,0.401468,7.357192,0.537257,91.635910,108,Adopt as current default,true,,experiments/results/litamin2_mcd_kth_day_06_matrix.json
litamin2_profile_tradeoff_mcd_kth_day_06,ready,litamin2,mcd_kth_day_06_108,gt-backed,paper_cov_half_threads,Paper-like 3m + covariance,OK,0.952734,10.962340,1.012804,112.989759,108,Keep as reference variant,false,,experiments/results/litamin2_mcd_kth_day_06_matrix.json
litamin2_profile_tradeoff_mcd_kth_day_06,ready,litamin2,mcd_kth_day_06_108,gt-backed,paper_icp_only_half_threads,Paper-like 3m + ICP-only,OK,0.952734,10.962340,1.012804,89.059515,108,Keep as reference variant,false,,experiments/results/litamin2_mcd_kth_day_06_matrix.json
litamin2_mcd_ntu_day_02_cluster_t1,ready,litamin2,mcd_ntu_day_02_108,gt-backed,cluster_t1_seeded,cluster T1 + seed,OK,0.020511,16.625755,2.360907,43.404453,108,Adopt as current default,true,,experiments/results/litamin2_mcd_ntu_day_02_cluster_t1_matrix.json
litamin2_mcd_ntu_day_02_cluster_t1,ready,litamin2,mcd_ntu_day_02_108,gt-backed,fast_seeded_reference,fast + seed,OK,0.074987,155.124033,7.778634,33.946786,108,Keep as reference variant,false,,experiments/results/litamin2_mcd_ntu_day_02_cluster_t1_matrix.json
litamin2_profile_tradeoff_mcd_ntu_day_02,ready,litamin2,mcd_ntu_day_02_108,gt-backed,fast_cov_half_threads,Fast local-map + covariance,OK,0.074987,155.124033,7.778634,72.898779,108,Keep as reference variant,false,,experiments/results/litamin2_mcd_ntu_day_02_matrix.json
litamin2_profile_tradeoff_mcd_ntu_day_02,ready,litamin2,mcd_ntu_day_02_108,gt-backed,fast_icp_only_half_threads,Fast local-map + ICP-only,OK,0.074987,155.124033,7.778634,79.434089,108,Keep as reference variant,false,,experiments/results/litamin2_mcd_ntu_day_02_matrix.json
litamin2_profile_tradeoff_mcd_ntu_day_02,ready,litamin2,mcd_ntu_day_02_108,gt-backed,paper_cov_half_threads,Paper-like 3m + covariance,OK,0.045457,13.029160,16.949197,73.177042,108,Keep as active challenger,false,,experiments/results/litamin2_mcd_ntu_day_02_matrix.json
litamin2_profile_tradeoff_mcd_ntu_day_02,ready,litamin2,mcd_ntu_day_02_108,gt-backed,paper_icp_only_half_threads,Paper-like 3m + ICP-only,OK,0.045457,13.029160,16.949197,81.240234,108,Adopt as current default,true,,experiments/results/litamin2_mcd_ntu_day_02_matrix.json
litamin2_mcd_tuhh_night_09_cluster_t1,ready,litamin2,mcd_tuhh_night_09_108,gt-backed,cluster_t1_seeded,cluster T1 + seed,OK,0.132465,5.560505,0.646547,39.451802,108,Adopt as current default,true,,experiments/results/litamin2_mcd_tuhh_night_09_cluster_t1_matrix.json
litamin2_mcd_tuhh_night_09_cluster_t1,ready,litamin2,mcd_tuhh_night_09_108,gt-backed,fast_seeded_reference,fast + seed,OK,0.193749,12.688423,1.119389,39.299957,108,Keep as reference variant,false,,experiments/results/litamin2_mcd_tuhh_night_09_cluster_t1_matrix.json
litamin2_profile_tradeoff_mcd_tuhh_night_09,ready,litamin2,mcd_tuhh_night_09_108,gt-backed,fast_cov_half_threads,Fast local-map + covariance,OK,0.193749,12.688423,1.119389,81.842150,108,Keep as reference variant,false,,experiments/results/litamin2_mcd_tuhh_night_09_matrix.json
litamin2_profile_tradeoff_mcd_tuhh_night_09,ready,litamin2,mcd_tuhh_night_09_108,gt-backed,fast_icp_only_half_threads,Fast local-map + ICP-only,OK,0.193749,12.688423,1.119389,107.210734,108,Adopt as current default,true,,experiments/results/litamin2_mcd_tuhh_night_09_matrix.json
litamin2_profile_tradeoff_mcd_tuhh_night_09,ready,litamin2,mcd_tuhh_night_09_108,gt-backed,paper_cov_half_threads,Paper-like 3m + covariance,OK,0.291305,20.022998,1.580490,121.206911,108,Keep as reference variant,false,,experiments/results/litamin2_mcd_tuhh_night_09_matrix.json
litamin2_profile_tradeoff_mcd_tuhh_night_09,ready,litamin2,mcd_tuhh_night_09_108,gt-backed,paper_icp_only_half_threads,Paper-like 3m + ICP-only,OK,0.291305,20.022998,1.580490,57.457692,108,Keep as reference variant,false,,experiments/results/litamin2_mcd_tuhh_night_09_matrix.json
litamin2_mulran_parkinglot_120_cluster_t1,ready,litamin2,mulran_parkinglot_120,gt-backed,cluster_t1_seeded,cluster T1: voxel=0.5 + iter=12 + seed,OK,0.212334,2.152889,0.099764,30.597922,120,Adopt as current default,true,,experiments/results/litamin2_mulran_parkinglot_120_cluster_t1_matrix.json
litamin2_mulran_parkinglot_120_cluster_t1,ready,litamin2,mulran_parkinglot_120,gt-backed,fast_seeded_reference,fast + seed (baseline),OK,0.497612,4.252611,0.104025,38.995083,120,Keep as reference variant,false,,experiments/results/litamin2_mulran_parkinglot_120_cluster_t1_matrix.json
litamin2_profile_tradeoff_mulran_parkinglot_120,ready,litamin2,mulran_parkinglot_120,gt-backed,fast_cov_half_threads,Fast local-map + covariance,OK,0.497612,4.252611,0.104025,90.232570,120,Adopt as current default,true,,experiments/results/litamin2_mulran_parkinglot_120_matrix.json
litamin2_profile_tradeoff_mulran_parkinglot_120,ready,litamin2,mulran_parkinglot_120,gt-backed,fast_icp_only_half_threads,Fast local-map + ICP-only,OK,0.497612,4.252611,0.104025,64.350605,120,Keep as reference variant,false,,experiments/results/litamin2_mulran_parkinglot_120_matrix.json
litamin2_profile_tradeoff_mulran_parkinglot_120,ready,litamin2,mulran_parkinglot_120,gt-backed,paper_cov_half_threads,Paper-like 3m + covariance,OK,0.730317,7.331313,0.115760,97.535041,120,Keep as reference variant,false,,experiments/results/litamin2_mulran_parkinglot_120_matrix.json
litamin2_profile_tradeoff_mulran_parkinglot_120,ready,litamin2,mulran_parkinglot_120,gt-backed,paper_icp_only_half_threads,Paper-like 3m + ICP-only,OK,0.730317,7.331313,0.115760,121.036587,120,Keep as active challenger,false,,experiments/results/litamin2_mulran_parkinglot_120_matrix.json
litamin2_mulran_parkinglot_full_cluster_t1,ready,litamin2,mulran_parkinglot_full,gt-backed,cluster_t1_seeded,cluster T1: voxel=0.5 + iter=12 + seed,OK,0.302514,0.526520,0.009781,34.434342,1175,Adopt as current default,true,,experiments/results/litamin2_mulran_parkinglot_full_cluster_t1_matrix.json
litamin2_mulran_parkinglot_full_cluster_t1,ready,litamin2,mulran_parkinglot_full,gt-backed,fast_seeded_reference,fast + seed (baseline),OK,0.710731,1.263171,0.024128,33.079861,1175,Keep as reference variant,false,,experiments/results/litamin2_mulran_parkinglot_full_cluster_t1_matrix.json
litamin2_profile_tradeoff_mulran_parkinglot_full,ready,litamin2,mulran_parkinglot_full,gt-backed,fast_cov_half_threads,Fast local-map + covariance,OK,0.710731,1.263171,0.024128,44.094074,1175,Keep as reference variant,false,,experiments/results/litamin2_mulran_parkinglot_full_matrix.json
litamin2_profile_tradeoff_mulran_parkinglot_full,ready,litamin2,mulran_parkinglot_full,gt-backed,fast_icp_only_half_threads,Fast local-map + ICP-only,OK,0.710731,1.263171,0.024128,118.632095,1175,Adopt as current default,true,,experiments/results/litamin2_mulran_parkinglot_full_matrix.json
litamin2_profile_tradeoff_mulran_parkinglot_full,ready,litamin2,mulran_parkinglot_full,gt-backed,paper_cov_half_threads,Paper-like 3m + covariance,OK,1.151319,2.050394,0.036758,112.450047,1175,Keep as reference variant,false,,experiments/results/litamin2_mulran_parkinglot_full_matrix.json
litamin2_profile_tradeoff_mulran_parkinglot_full,ready,litamin2,mulran_parkinglot_full,gt-backed,paper_icp_only_half_threads,Paper-like 3m + ICP-only,OK,1.151319,2.050394,0.036758,70.111882,1175,Keep as reference variant,false,,experiments/results/litamin2_mulran_parkinglot_full_matrix.json
litamin2_voxel_resolution_nclt_2012_12_01,ready,litamin2,nclt_2012_12_01_5000,gt-backed,default_voxel_2_0,Default voxel 2.0,OK,0.868590,1.843598,0.021064,6.914601,5000,Keep as active challenger,false,,experiments/results/litamin2_nclt_2012_12_01_matrix.json
litamin2_voxel_resolution_nclt_2012_12_01,ready,litamin2,nclt_2012_12_01_5000,gt-backed,voxel_0_5_t1,Voxel 0.5 + iter 12 (KITTI T1 transfer),OK,0.519153,1.356872,0.015294,4.389130,5000,Adopt as current default,true,,experiments/results/litamin2_nclt_2012_12_01_matrix.json
litamin2_voxel_resolution_nclt_2012_12_01,ready,litamin2,nclt_2012_12_01_5000,gt-backed,voxel_1_0,Voxel 1.0 + iter 12,OK,1.021070,2.205229,0.025076,4.266290,5000,Keep as reference variant,false,,experiments/results/litamin2_nclt_2012_12_01_matrix.json
litamin2_voxel_resolution_nclt_2013_01_10,ready,litamin2,nclt_2013_01_10_600,gt-backed,default_voxel_2_0,Default voxel 2.0,OK,0.379552,0.579968,0.017993,14.690228,600,Adopt as current default,true,,experiments/results/litamin2_nclt_2013_01_10_matrix.json
litamin2_voxel_resolution_nclt_2013_01_10,ready,litamin2,nclt_2013_01_10_600,gt-backed,voxel_0_5_t1,Voxel 0.5 + iter 12 (KITTI T1 transfer),OK,0.448746,0.690205,0.009535,13.081001,600,Keep as reference variant,false,,experiments/results/litamin2_nclt_2013_01_10_matrix.json
litamin2_voxel_resolution_nclt_2013_01_10,ready,litamin2,nclt_2013_01_10_600,gt-backed,voxel_1_0,Voxel 1.0 + iter 12,OK,0.358081,0.514249,0.018589,13.681234,600,Keep as active challenger,false,,experiments/results/litamin2_nclt_2013_01_10_matrix.json
loam_livox_hdl_400_reference,ready,loam_livox,hdl_400_open_ct_lio_120,reference-based,default,Default,OK,0.091487,,,17.783503,120,Adopt as current default,true,,experiments/results/loam_livox_hdl_400_reference_matrix.json
loam_livox_hdl_400_reference,ready,loam_livox,hdl_400_open_ct_lio_120,reference-based,dense,Dense,OK,0.078838,,,10.349029,120,Keep as active challenger,false,,experiments/results/loam_livox_hdl_400_reference_matrix.json
loam_livox_hdl_400_reference,ready,loam_livox,hdl_400_open_ct_lio_120,reference-based,fast,Fast,OK,2.919638,,,51.976603,120,Keep as reference variant,false,,experiments/results/loam_livox_hdl_400_reference_matrix.json
loam_livox_kitti_raw_0009,ready,loam_livox,kitti_raw_0009_200,gt-backed,default,Default,OK,93.193125,,,6.721511,200,Keep as reference variant,false,,experiments/results/loam_livox_kitti_raw_0009_matrix.json
loam_livox_kitti_raw_0009,ready,loam_livox,kitti_raw_0009_200,gt-backed,dense,Dense,OK,92.735348,,,11.455496,200,Keep as reference variant,false,,experiments/results/loam_livox_kitti_raw_0009_matrix.json
loam_livox_kitti_raw_0009,ready,loam_livox,kitti_raw_0009_200,gt-backed,fast,Fast,OK,98.811045,,,43.763362,200,Adopt as current default,true,,experiments/results/loam_livox_kitti_raw_0009_matrix.json
loam_livox_kitti_raw_0009_nogt,ready,loam_livox,kitti_raw_0009_200,gt-backed,default,Default,OK,93.193125,,,17.802818,200,Keep as reference variant,false,,experiments/results/loam_livox_kitti_raw_0009_nogt_matrix.json
loam_livox_kitti_raw_0009_nogt,ready,loam_livox,kitti_raw_0009_200,gt-backed,dense,Dense,OK,92.735348,,,10.554827,200,Keep as reference variant,false,,experiments/results/loam_livox_kitti_raw_0009_nogt_matrix.json
loam_livox_kitti_raw_0009_nogt,ready,loam_livox,kitti_raw_0009_200,gt-backed,fast,Fast,OK,98.811045,,,40.154718,200,Adopt as current default,true,,experiments/results/loam_livox_kitti_raw_0009_nogt_matrix.json
loam_livox_kitti_raw_0009_full,ready,loam_livox,kitti_raw_0009_full,gt-backed,default,Default,OK,124.828044,,,6.675705,443,Keep as reference variant,false,,experiments/results/loam_livox_kitti_raw_0009_full_matrix.json
loam_livox_kitti_raw_0009_full,ready,loam_livox,kitti_raw_0009_full,gt-backed,dense,Dense,OK,130.624466,,,8.625153,443,Keep as reference variant,false,,experiments/results/loam_livox_kitti_raw_0009_full_matrix.json
loam_livox_kitti_raw_0009_full,ready,loam_livox,kitti_raw_0009_full,gt-backed,fast,Fast,OK,136.097288,,,33.066955,443,Adopt as current default,true,,experiments/results/loam_livox_kitti_raw_0009_full_matrix.json
loam_livox_kitti_raw_0061,ready,loam_livox,kitti_raw_0061_200,gt-backed,default,Default,OK,51.612892,,,9.491678,200,Keep as reference variant,false,,experiments/results/loam_livox_kitti_raw_0061_matrix.json
loam_livox_kitti_raw_0061,ready,loam_livox,kitti_raw_0061_200,gt-backed,dense,Dense,OK,45.817878,,,12.859157,200,Keep as reference variant,false,,experiments/results/loam_livox_kitti_raw_0061_matrix.json
loam_livox_kitti_raw_0061,ready,loam_livox,kitti_raw_0061_200,gt-backed,fast,Fast,OK,78.137667,,,50.036120,200,Adopt as current default,true,,experiments/results/loam_livox_kitti_raw_0061_matrix.json
loam_livox_kitti_raw_0061_full,ready,loam_livox,kitti_raw_0061_full,gt-backed,default,Default,OK,200.533172,,,8.445882,703,Keep as reference variant,false,,experiments/results/loam_livox_kitti_raw_0061_full_matrix.json
loam_livox_kitti_raw_0061_full,ready,loam_livox,kitti_raw_0061_full,gt-backed,dense,Dense,OK,201.052749,,,9.845353,703,Keep as reference variant,false,,experiments/results/loam_livox_kitti_raw_0061_full_matrix.json
loam_livox_kitti_raw_0061_full,ready,loam_livox,kitti_raw_0061_full,gt-backed,fast,Fast,OK,277.147597,,,36.599518,703,Adopt as current default,true,,experiments/results/loam_livox_kitti_raw_0061_full_matrix.json
loam_livox_mcd_kth_day_06,ready,loam_livox,mcd_kth_day_06_108,gt-backed,default,Default,OK,5.971807,,,6.698466,108,Keep as reference variant,false,,experiments/results/loam_livox_mcd_kth_day_06_matrix.json
loam_livox_mcd_kth_day_06,ready,loam_livox,mcd_kth_day_06_108,gt-backed,dense,Dense,OK,5.913274,,,12.455056,108,Keep as reference variant,false,,experiments/results/loam_livox_mcd_kth_day_06_matrix.json
loam_livox_mcd_kth_day_06,ready,loam_livox,mcd_kth_day_06_108,gt-backed,fast,Fast,OK,4.095008,,,66.275199,108,Adopt as current default,true,,experiments/results/loam_livox_mcd_kth_day_06_matrix.json
loam_livox_mcd_ntu_day_02,ready,loam_livox,mcd_ntu_day_02_108,gt-backed,default,Default,OK,0.057175,,,7.193563,108,Keep as reference variant,false,,experiments/results/loam_livox_mcd_ntu_day_02_matrix.json
loam_livox_mcd_ntu_day_02,ready,loam_livox,mcd_ntu_day_02_108,gt-backed,dense,Dense,OK,0.062152,,,12.949457,108,Keep as reference variant,false,,experiments/results/loam_livox_mcd_ntu_day_02_matrix.json
loam_livox_mcd_ntu_day_02,ready,loam_livox,mcd_ntu_day_02_108,gt-backed,fast,Fast,OK,0.137012,,,68.986739,108,Adopt as current default,true,,experiments/results/loam_livox_mcd_ntu_day_02_matrix.json
loam_livox_mcd_tuhh_night_09,ready,loam_livox,mcd_tuhh_night_09_108,gt-backed,default,Default,OK,1.310894,,,8.203640,108,Keep as reference variant,false,,experiments/results/loam_livox_mcd_tuhh_night_09_matrix.json
loam_livox_mcd_tuhh_night_09,ready,loam_livox,mcd_tuhh_night_09_108,gt-backed,dense,Dense,OK,1.309329,,,12.603247,108,Keep as reference variant,false,,experiments/results/loam_livox_mcd_tuhh_night_09_matrix.json
loam_livox_mcd_tuhh_night_09,ready,loam_livox,mcd_tuhh_night_09_108,gt-backed,fast,Fast,OK,1.192143,,,68.823288,108,Adopt as current default,true,,experiments/results/loam_livox_mcd_tuhh_night_09_matrix.json
lvi_sam_profile_tradeoff_kitti_raw_0009,skipped,lvi_sam,kitti_raw_0009_200,gt-backed,default,Default,TIMED_OUT,,,,,None,Rejected for this run,false,,experiments/results/lvi_sam_kitti_raw_0009_matrix.json
lvi_sam_profile_tradeoff_kitti_raw_0009,skipped,lvi_sam,kitti_raw_0009_200,gt-backed,dense,Dense,TIMED_OUT,,,,,None,Rejected for this run,false,,experiments/results/lvi_sam_kitti_raw_0009_matrix.json
lvi_sam_profile_tradeoff_kitti_raw_0009,skipped,lvi_sam,kitti_raw_0009_200,gt-backed,fast,Fast,TIMED_OUT,,,,,None,Rejected for this run,false,,experiments/results/lvi_sam_kitti_raw_0009_matrix.json
lvi_sam_profile_tradeoff_kitti_raw_0009_full,skipped,lvi_sam,kitti_raw_0009_full,gt-backed,default,Default,TIMED_OUT,,,,,None,Rejected for this run,false,,experiments/results/lvi_sam_kitti_raw_0009_full_matrix.json
lvi_sam_profile_tradeoff_kitti_raw_0009_full,skipped,lvi_sam,kitti_raw_0009_full,gt-backed,dense,Dense,TIMED_OUT,,,,,None,Rejected for this run,false,,experiments/results/lvi_sam_kitti_raw_0009_full_matrix.json
lvi_sam_profile_tradeoff_kitti_raw_0009_full,skipped,lvi_sam,kitti_raw_0009_full,gt-backed,fast,Fast,TIMED_OUT,,,,,None,Rejected for this run,false,,experiments/results/lvi_sam_kitti_raw_0009_full_matrix.json
lvi_sam_profile_tradeoff_kitti_raw_0061,skipped,lvi_sam,kitti_raw_0061_200,gt-backed,default,Default,TIMED_OUT,,,,,None,Rejected for this run,false,,experiments/results/lvi_sam_kitti_raw_0061_matrix.json
lvi_sam_profile_tradeoff_kitti_raw_0061,skipped,lvi_sam,kitti_raw_0061_200,gt-backed,dense,Dense,TIMED_OUT,,,,,None,Rejected for this run,false,,experiments/results/lvi_sam_kitti_raw_0061_matrix.json
lvi_sam_profile_tradeoff_kitti_raw_0061,skipped,lvi_sam,kitti_raw_0061_200,gt-backed,fast,Fast,TIMED_OUT,,,,,None,Rejected for this run,false,,experiments/results/lvi_sam_kitti_raw_0061_matrix.json
lvi_sam_profile_tradeoff_kitti_raw_0061_full,skipped,lvi_sam,kitti_raw_0061_full,gt-backed,default,Default,TIMED_OUT,,,,,None,Rejected for this run,false,,experiments/results/lvi_sam_kitti_raw_0061_full_matrix.json
lvi_sam_profile_tradeoff_kitti_raw_0061_full,skipped,lvi_sam,kitti_raw_0061_full,gt-backed,dense,Dense,TIMED_OUT,,,,,None,Rejected for this run,false,,experiments/results/lvi_sam_kitti_raw_0061_full_matrix.json
lvi_sam_profile_tradeoff_kitti_raw_0061_full,skipped,lvi_sam,kitti_raw_0061_full,gt-backed,fast,Fast,TIMED_OUT,,,,,None,Rejected for this run,false,,experiments/results/lvi_sam_kitti_raw_0061_full_matrix.json
mulls_profile_tradeoff_hdl_400_reference,ready,mulls,hdl_400_open_ct_lio_120,reference-based,dense,Dense,OK,0.874062,,,3.065782,119,Keep as reference variant,false,,experiments/results/mulls_hdl_400_reference_matrix.json
mulls_profile_tradeoff_hdl_400_reference,ready,mulls,hdl_400_open_ct_lio_120,reference-based,fast,Fast,OK,0.875584,,,9.340595,119,Adopt as current default,true,,experiments/results/mulls_hdl_400_reference_matrix.json
mulls_profile_tradeoff_hdl_400_reference,ready,mulls,hdl_400_open_ct_lio_120,reference-based,kitti_default,KITTI default,OK,0.897886,,,3.479180,119,Keep as reference variant,false,,experiments/results/mulls_hdl_400_reference_matrix.json
mulls_profile_tradeoff_kitti_raw_0009,skipped,mulls,kitti_raw_0009_200,gt-backed,dense,Dense,timeout_budget,,,,,None,Rejected for this run,false,,experiments/results/mulls_kitti_raw_0009_matrix.json
mulls_profile_tradeoff_kitti_raw_0009,skipped,mulls,kitti_raw_0009_200,gt-backed,fast,Fast,timeout_budget,,,,,None,Rejected for this run,false,,experiments/results/mulls_kitti_raw_0009_matrix.json
mulls_profile_tradeoff_kitti_raw_0009,skipped,mulls,kitti_raw_0009_200,gt-backed,kitti_default,KITTI default,timeout_budget,,,,,None,Rejected for this run,false,,experiments/results/mulls_kitti_raw_0009_matrix.json
mulls_profile_tradeoff_kitti_raw_0009_nogt,ready,mulls,kitti_raw_0009_200,gt-backed,dense,Dense,timeout_budget,,,,,None,Rejected for this run,false,,experiments/results/mulls_kitti_raw_0009_nogt_matrix.json
mulls_profile_tradeoff_kitti_raw_0009_nogt,ready,mulls,kitti_raw_0009_200,gt-backed,fast,Fast,OK,2.695346,1.558086,0.009244,1.204493,195,Adopt as current default,true,,experiments/results/mulls_kitti_raw_0009_nogt_matrix.json
mulls_profile_tradeoff_kitti_raw_0009_nogt,ready,mulls,kitti_raw_0009_200,gt-backed,kitti_default,KITTI default,timeout_budget,,,,,None,Rejected for this run,false,,experiments/results/mulls_kitti_raw_0009_nogt_matrix.json
mulls_profile_tradeoff_kitti_raw_0009_full,ready,mulls,kitti_raw_0009_full,gt-backed,dense,Dense,OK,5.003849,,,0.988730,442,Keep as reference variant,false,,experiments/results/mulls_kitti_raw_0009_full_matrix.json
mulls_profile_tradeoff_kitti_raw_0009_full,ready,mulls,kitti_raw_0009_full,gt-backed,fast,Fast,OK,4.609734,,,3.337311,442,Adopt as current default,true,,experiments/results/mulls_kitti_raw_0009_full_matrix.json
mulls_profile_tradeoff_kitti_raw_0009_full,ready,mulls,kitti_raw_0009_full,gt-backed,kitti_default,KITTI default,OK,4.933488,,,1.187126,442,Keep as reference variant,false,,experiments/results/mulls_kitti_raw_0009_full_matrix.json
mulls_profile_tradeoff_kitti_raw_0061,ready,mulls,kitti_raw_0061_200,gt-backed,dense,Dense,OK,0.424562,,,0.988477,199,Keep as reference variant,false,,experiments/results/mulls_kitti_raw_0061_matrix.json
mulls_profile_tradeoff_kitti_raw_0061,ready,mulls,kitti_raw_0061_200,gt-backed,fast,Fast,OK,0.489837,,,3.313149,199,Adopt as current default,true,,experiments/results/mulls_kitti_raw_0061_matrix.json
mulls_profile_tradeoff_kitti_raw_0061,ready,mulls,kitti_raw_0061_200,gt-backed,kitti_default,KITTI default,OK,0.490310,,,1.185747,199,Keep as reference variant,false,,experiments/results/mulls_kitti_raw_0061_matrix.json
mulls_profile_tradeoff_kitti_raw_0061_full,ready,mulls,kitti_raw_0061_full,gt-backed,dense,Dense,OK,10.172534,,,0.904931,702,Keep as reference variant,false,,experiments/results/mulls_kitti_raw_0061_full_matrix.json
mulls_profile_tradeoff_kitti_raw_0061_full,ready,mulls,kitti_raw_0061_full,gt-backed,fast,Fast,OK,11.389561,,,3.276726,702,Adopt as current default,true,,experiments/results/mulls_kitti_raw_0061_full_matrix.json
mulls_profile_tradeoff_kitti_raw_0061_full,ready,mulls,kitti_raw_0061_full,gt-backed,kitti_default,KITTI default,OK,10.602003,,,1.188323,702,Keep as reference variant,false,,experiments/results/mulls_kitti_raw_0061_full_matrix.json
mulls_kitti_seq_00_full_transfer,ready,mulls,kitti_seq_00_full,gt-backed,dense,Dense,OK,48.686196,2.537312,0.026544,0.575063,4540,Keep as reference variant,false,11th Gen Intel(R) Core(TM) i5-1145G7 @ 2.60GHz,experiments/results/mulls_kitti_seq_00_full_transfer_matrix.json
mulls_kitti_seq_00_full_transfer,ready,mulls,kitti_seq_00_full,gt-backed,fast,Fast,OK,56.819807,2.690708,0.028323,1.793965,4540,Adopt as current default,true,11th Gen Intel(R) Core(TM) i5-1145G7 @ 2.60GHz,experiments/results/mulls_kitti_seq_00_full_transfer_matrix.json
mulls_kitti_seq_02_full_transfer,ready,mulls,kitti_seq_02_full,gt-backed,dense,Dense,OK,254.459617,2.277515,0.024835,0.581616,4660,Keep as reference variant,false,11th Gen Intel(R) Core(TM) i5-1145G7 @ 2.60GHz,experiments/results/mulls_kitti_seq_02_full_transfer_matrix.json
mulls_kitti_seq_02_full_transfer,ready,mulls,kitti_seq_02_full,gt-backed,fast,Fast,OK,260.877751,2.271521,0.026005,1.722641,4660,Adopt as current default,true,11th Gen Intel(R) Core(TM) i5-1145G7 @ 2.60GHz,experiments/results/mulls_kitti_seq_02_full_transfer_matrix.json
mulls_kitti_seq_05_full_transfer,ready,mulls,kitti_seq_05_full,gt-backed,dense,Dense,OK,19.616789,1.725412,0.019666,0.502930,2760,Keep as reference variant,false,11th Gen Intel(R) Core(TM) i5-1145G7 @ 2.60GHz,experiments/results/mulls_kitti_seq_05_full_transfer_matrix.json
mulls_kitti_seq_05_full_transfer,ready,mulls,kitti_seq_05_full,gt-backed,fast,Fast,OK,26.886131,1.938900,0.021480,1.721024,2760,Adopt as current default,true,11th Gen Intel(R) Core(TM) i5-1145G7 @ 2.60GHz,experiments/results/mulls_kitti_seq_05_full_transfer_matrix.json
mulls_kitti_seq_07_full_sweep,ready,mulls,kitti_seq_07_full,gt-backed,dense,Dense,OK,8.287763,2.640504,0.025613,1.268089,1100,Keep as reference variant,false,,experiments/results/mulls_kitti_seq_07_full_sweep_matrix.json
mulls_kitti_seq_07_full_sweep,ready,mulls,kitti_seq_07_full,gt-backed,fast,Fast,OK,10.501416,2.993834,0.028779,4.132687,1100,Adopt as current default,true,,experiments/results/mulls_kitti_seq_07_full_sweep_matrix.json
mulls_kitti_seq_07_full_sweep,ready,mulls,kitti_seq_07_full,gt-backed,kitti_default,KITTI default,OK,8.459055,2.719867,0.025603,1.416256,1100,Keep as reference variant,false,,experiments/results/mulls_kitti_seq_07_full_sweep_matrix.json
mulls_kitti_seq_08_full_transfer,ready,mulls,kitti_seq_08_full,gt-backed,dense,Dense,OK,80.765304,3.124238,0.028270,0.526874,4070,Keep as reference variant,false,11th Gen Intel(R) Core(TM) i5-1145G7 @ 2.60GHz,experiments/results/mulls_kitti_seq_08_full_transfer_matrix.json
mulls_kitti_seq_08_full_transfer,ready,mulls,kitti_seq_08_full,gt-backed,fast,Fast,OK,87.759487,3.316971,0.030065,1.693054,4070,Adopt as current default,true,11th Gen Intel(R) Core(TM) i5-1145G7 @ 2.60GHz,experiments/results/mulls_kitti_seq_08_full_transfer_matrix.json
mulls_profile_tradeoff_mcd_kth_day_06,ready,mulls,mcd_kth_day_06_108,gt-backed,dense,Dense,OK,6.243523,,,1.393479,107,Keep as reference variant,false,,experiments/results/mulls_mcd_kth_day_06_matrix.json
mulls_profile_tradeoff_mcd_kth_day_06,ready,mulls,mcd_kth_day_06_108,gt-backed,fast,Fast,OK,6.296781,,,4.122743,107,Adopt as current default,true,,experiments/results/mulls_mcd_kth_day_06_matrix.json
mulls_profile_tradeoff_mcd_kth_day_06,ready,mulls,mcd_kth_day_06_108,gt-backed,kitti_default,KITTI default,OK,6.207069,,,1.516594,107,Keep as reference variant,false,,experiments/results/mulls_mcd_kth_day_06_matrix.json
mulls_profile_tradeoff_mcd_ntu_day_02,ready,mulls,mcd_ntu_day_02_108,gt-backed,dense,Dense,OK,0.136400,,,0.769368,107,Keep as reference variant,false,,experiments/results/mulls_mcd_ntu_day_02_matrix.json
mulls_profile_tradeoff_mcd_ntu_day_02,ready,mulls,mcd_ntu_day_02_108,gt-backed,fast,Fast,OK,0.193657,,,2.256156,107,Keep as active challenger,false,,experiments/results/mulls_mcd_ntu_day_02_matrix.json
mulls_profile_tradeoff_mcd_ntu_day_02,ready,mulls,mcd_ntu_day_02_108,gt-backed,kitti_default,KITTI default,OK,0.097083,,,1.170111,107,Adopt as current default,true,,experiments/results/mulls_mcd_ntu_day_02_matrix.json
mulls_profile_tradeoff_mcd_tuhh_night_09,ready,mulls,mcd_tuhh_night_09_108,gt-backed,dense,Dense,OK,1.207742,,,1.308665,107,Keep as reference variant,false,,experiments/results/mulls_mcd_tuhh_night_09_matrix.json
mulls_profile_tradeoff_mcd_tuhh_night_09,ready,mulls,mcd_tuhh_night_09_108,gt-backed,fast,Fast,OK,1.205852,,,3.810992,107,Adopt as current default,true,,experiments/results/mulls_mcd_tuhh_night_09_matrix.json
mulls_profile_tradeoff_mcd_tuhh_night_09,ready,mulls,mcd_tuhh_night_09_108,gt-backed,kitti_default,KITTI default,OK,1.230506,,,1.437832,107,Keep as reference variant,false,,experiments/results/mulls_mcd_tuhh_night_09_matrix.json
ndt_profile_tradeoff,ready,ndt,autoware_istanbul_open_108,gt-backed,balanced_local_map,Balanced local map,OK,0.108941,,,1.432934,108,Keep as reference variant,false,,experiments/results/ndt_profile_matrix.json
ndt_profile_tradeoff,ready,ndt,autoware_istanbul_open_108,gt-backed,dense_local_map,Dense local map,OK,0.122028,,,1.033546,108,Keep as reference variant,false,,experiments/results/ndt_profile_matrix.json
ndt_profile_tradeoff,ready,ndt,autoware_istanbul_open_108,gt-backed,fast_coarse_map,Fast coarse map,OK,0.069550,,,2.024432,108,Adopt as current default,true,,experiments/results/ndt_profile_matrix.json
ndt_profile_tradeoff_istanbul_window_b,ready,ndt,autoware_istanbul_open_108_b,gt-backed,balanced_local_map,Balanced local map,OK,0.062176,,,1.480211,108,Keep as reference variant,false,,experiments/results/ndt_istanbul_window_b_matrix.json
ndt_profile_tradeoff_istanbul_window_b,ready,ndt,autoware_istanbul_open_108_b,gt-backed,dense_local_map,Dense local map,OK,0.067350,,,1.036134,108,Keep as reference variant,false,,experiments/results/ndt_istanbul_window_b_matrix.json
ndt_profile_tradeoff_istanbul_window_b,ready,ndt,autoware_istanbul_open_108_b,gt-backed,fast_coarse_map,Fast coarse map,OK,0.007267,,,2.078962,108,Adopt as current default,true,,experiments/results/ndt_istanbul_window_b_matrix.json
ndt_profile_tradeoff_istanbul_window_c,ready,ndt,autoware_istanbul_open_108_c,gt-backed,balanced_local_map,Balanced local map,OK,0.034879,,,1.425929,108,Keep as reference variant,false,,experiments/results/ndt_istanbul_window_c_matrix.json
ndt_profile_tradeoff_istanbul_window_c,ready,ndt,autoware_istanbul_open_108_c,gt-backed,dense_local_map,Dense local map,OK,0.105236,,,1.003273,108,Keep as reference variant,false,,experiments/results/ndt_istanbul_window_c_matrix.json
ndt_profile_tradeoff_istanbul_window_c,ready,ndt,autoware_istanbul_open_108_c,gt-backed,fast_coarse_map,Fast coarse map,OK,0.005456,,,1.947388,108,Adopt as current default,true,,experiments/results/ndt_istanbul_window_c_matrix.json
ndt_profile_tradeoff_hdl_400_reference,ready,ndt,hdl_400_open_ct_lio_120,reference-based,balanced_local_map,Balanced local map,OK,0.033933,,,20.854134,120,Keep as active challenger,false,,experiments/results/ndt_hdl_400_reference_matrix.json
ndt_profile_tradeoff_hdl_400_reference,ready,ndt,hdl_400_open_ct_lio_120,reference-based,dense_local_map,Dense local map,OK,0.034482,,,10.154539,120,Keep as reference variant,false,,experiments/results/ndt_hdl_400_reference_matrix.json
ndt_profile_tradeoff_hdl_400_reference,ready,ndt,hdl_400_open_ct_lio_120,reference-based,fast_coarse_map,Fast coarse map,OK,0.051619,,,32.173744,120,Adopt as current default,true,,experiments/results/ndt_hdl_400_reference_matrix.json
ndt_profile_tradeoff_hdl_400_reference_b,ready,ndt,hdl_400_open_ct_lio_120_b,reference-based,balanced_local_map,Balanced local map,OK,0.089822,,,0.471985,120,Keep as reference variant,false,,experiments/results/ndt_hdl_400_reference_b_matrix.json
ndt_profile_tradeoff_hdl_400_reference_b,ready,ndt,hdl_400_open_ct_lio_120_b,reference-based,dense_local_map,Dense local map,OK,0.086859,,,0.240200,120,Keep as reference variant,false,,experiments/results/ndt_hdl_400_reference_b_matrix.json
ndt_profile_tradeoff_hdl_400_reference_b,ready,ndt,hdl_400_open_ct_lio_120_b,reference-based,fast_coarse_map,Fast coarse map,OK,0.064833,,,0.858834,120,Adopt as current default,true,,experiments/results/ndt_hdl_400_reference_b_matrix.json
ndt_profile_tradeoff_kitti_raw_0009,ready,ndt,kitti_raw_0009_200,gt-backed,balanced_local_map,Balanced local map,OK,0.283884,0.447094,0.002604,14.785581,196,Keep as active challenger,false,,experiments/results/ndt_kitti_raw_0009_matrix.json
ndt_profile_tradeoff_kitti_raw_0009,ready,ndt,kitti_raw_0009_200,gt-backed,dense_local_map,Dense local map,OK,0.365558,0.435611,0.003649,7.197340,196,Keep as reference variant,false,,experiments/results/ndt_kitti_raw_0009_matrix.json
ndt_profile_tradeoff_kitti_raw_0009,ready,ndt,kitti_raw_0009_200,gt-backed,fast_coarse_map,Fast coarse map,OK,0.386173,0.562147,0.005239,20.395838,196,Adopt as current default,true,,experiments/results/ndt_kitti_raw_0009_matrix.json
ndt_profile_tradeoff_kitti_raw_0009_nogt,ready,ndt,kitti_raw_0009_200,gt-backed,balanced_local_map,Balanced local map,OK,174.178610,119.896235,1.343462,11.964548,196,Keep as reference variant,false,,experiments/results/ndt_kitti_raw_0009_nogt_matrix.json
ndt_profile_tradeoff_kitti_raw_0009_nogt,ready,ndt,kitti_raw_0009_200,gt-backed,dense_local_map,Dense local map,OK,93.576020,73.574386,0.229998,9.576760,196,Keep as active challenger,false,,experiments/results/ndt_kitti_raw_0009_nogt_matrix.json
ndt_profile_tradeoff_kitti_raw_0009_nogt,ready,ndt,kitti_raw_0009_200,gt-backed,fast_coarse_map,Fast coarse map,OK,121.011822,99.981611,0.014306,14.304525,196,Adopt as current default,true,,experiments/results/ndt_kitti_raw_0009_nogt_matrix.json
ndt_profile_tradeoff_kitti_raw_0009_full,ready,ndt,kitti_raw_0009_full,gt-backed,balanced_local_map,Balanced local map,OK,0.237617,0.412220,0.004745,10.526027,443,Keep as active challenger,false,,experiments/results/ndt_kitti_raw_0009_full_matrix.json
ndt_profile_tradeoff_kitti_raw_0009_full,ready,ndt,kitti_raw_0009_full,gt-backed,dense_local_map,Dense local map,OK,0.289467,0.482773,0.005565,8.632242,443,Keep as reference variant,false,,experiments/results/ndt_kitti_raw_0009_full_matrix.json
ndt_profile_tradeoff_kitti_raw_0009_full,ready,ndt,kitti_raw_0009_full,gt-backed,fast_coarse_map,Fast coarse map,OK,0.298794,0.508467,0.005771,14.129858,443,Adopt as current default,true,,experiments/results/ndt_kitti_raw_0009_full_matrix.json
ndt_profile_tradeoff_kitti_raw_0061,ready,ndt,kitti_raw_0061_200,gt-backed,balanced_local_map,Balanced local map,OK,0.325227,,,28.434684,200,Keep as reference variant,false,,experiments/results/ndt_kitti_raw_0061_matrix.json
ndt_profile_tradeoff_kitti_raw_0061,ready,ndt,kitti_raw_0061_200,gt-backed,dense_local_map,Dense local map,OK,0.360506,,,15.526787,200,Keep as reference variant,false,,experiments/results/ndt_kitti_raw_0061_matrix.json
ndt_profile_tradeoff_kitti_raw_0061,ready,ndt,kitti_raw_0061_200,gt-backed,fast_coarse_map,Fast coarse map,OK,0.318844,,,41.223970,200,Adopt as current default,true,,experiments/results/ndt_kitti_raw_0061_matrix.json
ndt_profile_tradeoff_kitti_raw_0061_full,ready,ndt,kitti_raw_0061_full,gt-backed,balanced_local_map,Balanced local map,OK,0.259341,,,15.277569,703,Keep as reference variant,false,,experiments/results/ndt_kitti_raw_0061_full_matrix.json
ndt_profile_tradeoff_kitti_raw_0061_full,ready,ndt,kitti_raw_0061_full,gt-backed,dense_local_map,Dense local map,OK,0.276173,,,10.146753,703,Keep as reference variant,false,,experiments/results/ndt_kitti_raw_0061_full_matrix.json
ndt_profile_tradeoff_kitti_raw_0061_full,ready,ndt,kitti_raw_0061_full,gt-backed,fast_coarse_map,Fast coarse map,OK,0.246965,,,23.797468,703,Adopt as current default,true,,experiments/results/ndt_kitti_raw_0061_full_matrix.json
ndt_kitti_seq_00_full_sweep,ready,ndt,kitti_seq_00_full,gt-backed,balanced_reference,balanced,OK,0.251878,0.370382,0.002915,24.933443,4541,Keep as reference variant,false,,experiments/results/ndt_kitti_seq_00_full_sweep_matrix.json
ndt_kitti_seq_00_full_sweep,ready,ndt,kitti_seq_00_full,gt-backed,dense_profile,dense,OK,0.259106,0.383878,0.002748,17.368908,4541,Keep as reference variant,false,,experiments/results/ndt_kitti_seq_00_full_sweep_matrix.json
ndt_kitti_seq_00_full_sweep,ready,ndt,kitti_seq_00_full,gt-backed,fast_profile,fast,OK,0.247251,0.382855,0.003045,37.510106,4541,Keep as reference variant,false,,experiments/results/ndt_kitti_seq_00_full_sweep_matrix.json
ndt_kitti_seq_00_full_sweep,ready,ndt,kitti_seq_00_full,gt-backed,t1_transfer_r03_i12,T1 (res=0.3+i12),OK,0.022543,0.073268,0.000910,11.655821,4541,Adopt as current default,true,,experiments/results/ndt_kitti_seq_00_full_sweep_matrix.json
ndt_kitti_seq_00_full_sweep,ready,ndt,kitti_seq_00_full,gt-backed,t1_transfer_r05_i12,T1 (res=0.5+i12),OK,0.070729,0.168445,0.001712,10.244084,4541,Keep as reference variant,false,,experiments/results/ndt_kitti_seq_00_full_sweep_matrix.json
ndt_kitti_seq_02_full_t1_confirmation,ready,ndt,kitti_seq_02_full,gt-backed,t1_transfer_r05_i12,T1 transfer (res=0.5 + iter=12),OK,0.058543,,,0.225702,4661,Adopt as current default,true,,experiments/results/ndt_kitti_seq_02_full_t1_confirmation_matrix.json
ndt_kitti_seq_05_full_t1_confirmation,ready,ndt,kitti_seq_05_full,gt-backed,t1_transfer_r05_i12,T1 transfer (res=0.5 + iter=12),OK,0.059411,,,0.236466,2761,Adopt as current default,true,,experiments/results/ndt_kitti_seq_05_full_t1_confirmation_matrix.json
ndt_kitti_seq_07_full_sweep,ready,ndt,kitti_seq_07_full,gt-backed,balanced_reference,balanced (default),OK,0.261878,0.526528,0.004098,24.789106,1101,Keep as reference variant,false,,experiments/results/ndt_kitti_seq_07_full_sweep_matrix.json
ndt_kitti_seq_07_full_sweep,ready,ndt,kitti_seq_07_full,gt-backed,dense_profile,dense profile,OK,0.280548,0.486297,0.003522,15.930310,1101,Keep as reference variant,false,,experiments/results/ndt_kitti_seq_07_full_sweep_matrix.json
ndt_kitti_seq_07_full_sweep,ready,ndt,kitti_seq_07_full,gt-backed,fast_profile,fast profile,OK,0.279466,0.491786,0.003748,43.635338,1101,Adopt as current default,true,,experiments/results/ndt_kitti_seq_07_full_sweep_matrix.json
ndt_kitti_seq_07_full_sweep,ready,ndt,kitti_seq_07_full,gt-backed,t1_transfer_r05_i12,T1 transfer (res=0.5 + iter=12),OK,0.076307,0.200574,0.002137,10.375693,1101,Keep as active challenger,false,,experiments/results/ndt_kitti_seq_07_full_sweep_matrix.json
ndt_kitti_seq_07_full_sweep,ready,ndt,kitti_seq_07_full,gt-backed,t1_transfer_r10_i12,T1 variant (res=1.0 + iter=12),OK,0.268872,0.480525,0.004725,10.662451,1101,Keep as reference variant,false,,experiments/results/ndt_kitti_seq_07_full_sweep_matrix.json
ndt_kitti_seq_08_full_t1_confirmation,ready,ndt,kitti_seq_08_full,gt-backed,t1_transfer_r05_i12,T1 transfer (res=0.5 + iter=12),OK,0.076140,,,0.250023,4071,Adopt as current default,true,,experiments/results/ndt_kitti_seq_08_full_t1_confirmation_matrix.json
ndt_profile_tradeoff_mcd_kth_day_06,ready,ndt,mcd_kth_day_06_108,gt-backed,balanced_local_map,Balanced local map,OK,0.166389,,,18.340106,108,Keep as reference variant,false,,experiments/results/ndt_mcd_kth_day_06_matrix.json
ndt_profile_tradeoff_mcd_kth_day_06,ready,ndt,mcd_kth_day_06_108,gt-backed,dense_local_map,Dense local map,OK,0.135788,,,10.925327,108,Keep as reference variant,false,,experiments/results/ndt_mcd_kth_day_06_matrix.json
ndt_profile_tradeoff_mcd_kth_day_06,ready,ndt,mcd_kth_day_06_108,gt-backed,fast_coarse_map,Fast coarse map,OK,0.207671,,,31.211893,108,Adopt as current default,true,,experiments/results/ndt_mcd_kth_day_06_matrix.json
ndt_profile_tradeoff_mcd_ntu_day_02,ready,ndt,mcd_ntu_day_02_108,gt-backed,balanced_local_map,Balanced local map,OK,0.014334,,,32.664591,108,Adopt as current default,true,,experiments/results/ndt_mcd_ntu_day_02_matrix.json
ndt_profile_tradeoff_mcd_ntu_day_02,ready,ndt,mcd_ntu_day_02_108,gt-backed,dense_local_map,Dense local map,OK,0.012740,,,22.027975,108,Keep as active challenger,false,,experiments/results/ndt_mcd_ntu_day_02_matrix.json
ndt_profile_tradeoff_mcd_ntu_day_02,ready,ndt,mcd_ntu_day_02_108,gt-backed,fast_coarse_map,Fast coarse map,OK,0.024457,,,44.873402,108,Keep as active challenger,false,,experiments/results/ndt_mcd_ntu_day_02_matrix.json
ndt_profile_tradeoff_mcd_tuhh_night_09,ready,ndt,mcd_tuhh_night_09_108,gt-backed,balanced_local_map,Balanced local map,OK,0.074587,,,25.970123,108,Keep as reference variant,false,,experiments/results/ndt_mcd_tuhh_night_09_matrix.json
ndt_profile_tradeoff_mcd_tuhh_night_09,ready,ndt,mcd_tuhh_night_09_108,gt-backed,dense_local_map,Dense local map,OK,0.062997,,,14.209340,108,Keep as reference variant,false,,experiments/results/ndt_mcd_tuhh_night_09_matrix.json
ndt_profile_tradeoff_mcd_tuhh_night_09,ready,ndt,mcd_tuhh_night_09_108,gt-backed,fast_coarse_map,Fast coarse map,OK,0.070444,,,40.826425,108,Adopt as current default,true,,experiments/results/ndt_mcd_tuhh_night_09_matrix.json
okvis_profile_tradeoff_kitti_raw_0009,ready,okvis,kitti_raw_0009_200,gt-backed,default,Default,OK,31.406760,,,215.058839,187,Keep as reference variant,false,,experiments/results/okvis_kitti_raw_0009_matrix.json
okvis_profile_tradeoff_kitti_raw_0009,ready,okvis,kitti_raw_0009_200,gt-backed,dense,Dense,OK,31.418110,,,96.844343,187,Keep as reference variant,false,,experiments/results/okvis_kitti_raw_0009_matrix.json
okvis_profile_tradeoff_kitti_raw_0009,ready,okvis,kitti_raw_0009_200,gt-backed,fast,Fast,OK,31.399760,,,523.985294,187,Adopt as current default,true,,experiments/results/okvis_kitti_raw_0009_matrix.json
okvis_profile_tradeoff_kitti_raw_0009_full,ready,okvis,kitti_raw_0009_full,gt-backed,default,Default,OK,108.630371,,,467.033984,443,Keep as reference variant,false,,experiments/results/okvis_kitti_raw_0009_full_matrix.json
okvis_profile_tradeoff_kitti_raw_0009_full,ready,okvis,kitti_raw_0009_full,gt-backed,dense,Dense,OK,108.633967,,,227.807734,443,Keep as reference variant,false,,experiments/results/okvis_kitti_raw_0009_full_matrix.json
okvis_profile_tradeoff_kitti_raw_0009_full,ready,okvis,kitti_raw_0009_full,gt-backed,fast,Fast,OK,108.628535,,,1146.628889,443,Adopt as current default,true,,experiments/results/okvis_kitti_raw_0009_full_matrix.json
okvis_profile_tradeoff_kitti_raw_0061,ready,okvis,kitti_raw_0061_200,gt-backed,default,Default,OK,28.468546,,,533.015646,196,Keep as reference variant,false,,experiments/results/okvis_kitti_raw_0061_matrix.json
okvis_profile_tradeoff_kitti_raw_0061,ready,okvis,kitti_raw_0061_200,gt-backed,dense,Dense,OK,27.888829,,,269.188517,196,Keep as reference variant,false,,experiments/results/okvis_kitti_raw_0061_matrix.json
okvis_profile_tradeoff_kitti_raw_0061,ready,okvis,kitti_raw_0061_200,gt-backed,fast,Fast,OK,29.001262,,,894.663134,196,Adopt as current default,true,,experiments/results/okvis_kitti_raw_0061_matrix.json
okvis_profile_tradeoff_kitti_raw_0061_full,ready,okvis,kitti_raw_0061_full,gt-backed,default,Default,OK,218.647294,,,692.618299,691,Keep as reference variant,false,,experiments/results/okvis_kitti_raw_0061_full_matrix.json
okvis_profile_tradeoff_kitti_raw_0061_full,ready,okvis,kitti_raw_0061_full,gt-backed,dense,Dense,OK,201.724251,,,269.213581,691,Keep as reference variant,false,,experiments/results/okvis_kitti_raw_0061_full_matrix.json
okvis_profile_tradeoff_kitti_raw_0061_full,ready,okvis,kitti_raw_0061_full,gt-backed,fast,Fast,OK,225.666134,,,1717.136446,691,Adopt as current default,true,,experiments/results/okvis_kitti_raw_0061_full_matrix.json
orb_slam3_profile_tradeoff_kitti_raw_0009,skipped,orb_slam3,kitti_raw_0009_200,gt-backed,default,Default,TIMED_OUT,,,,,None,Rejected for this run,false,,experiments/results/orb_slam3_kitti_raw_0009_matrix.json
orb_slam3_profile_tradeoff_kitti_raw_0009,skipped,orb_slam3,kitti_raw_0009_200,gt-backed,dense,Dense,TIMED_OUT,,,,,None,Rejected for this run,false,,experiments/results/orb_slam3_kitti_raw_0009_matrix.json
orb_slam3_profile_tradeoff_kitti_raw_0009,skipped,orb_slam3,kitti_raw_0009_200,gt-backed,fast,Fast,TIMED_OUT,,,,,None,Rejected for this run,false,,experiments/results/orb_slam3_kitti_raw_0009_matrix.json
orb_slam3_profile_tradeoff_kitti_raw_0009_full,skipped,orb_slam3,kitti_raw_0009_full,gt-backed,default,Default,TIMED_OUT,,,,,None,Rejected for this run,false,,experiments/results/orb_slam3_kitti_raw_0009_full_matrix.json
orb_slam3_profile_tradeoff_kitti_raw_0009_full,skipped,orb_slam3,kitti_raw_0009_full,gt-backed,dense,Dense,TIMED_OUT,,,,,None,Rejected for this run,false,,experiments/results/orb_slam3_kitti_raw_0009_full_matrix.json
orb_slam3_profile_tradeoff_kitti_raw_0009_full,skipped,orb_slam3,kitti_raw_0009_full,gt-backed,fast,Fast,TIMED_OUT,,,,,None,Rejected for this run,false,,experiments/results/orb_slam3_kitti_raw_0009_full_matrix.json
orb_slam3_profile_tradeoff_kitti_raw_0061,skipped,orb_slam3,kitti_raw_0061_200,gt-backed,default,Default,TIMED_OUT,,,,,None,Rejected for this run,false,,experiments/results/orb_slam3_kitti_raw_0061_matrix.json
orb_slam3_profile_tradeoff_kitti_raw_0061,skipped,orb_slam3,kitti_raw_0061_200,gt-backed,dense,Dense,TIMED_OUT,,,,,None,Rejected for this run,false,,experiments/results/orb_slam3_kitti_raw_0061_matrix.json
orb_slam3_profile_tradeoff_kitti_raw_0061,skipped,orb_slam3,kitti_raw_0061_200,gt-backed,fast,Fast,TIMED_OUT,,,,,None,Rejected for this run,false,,experiments/results/orb_slam3_kitti_raw_0061_matrix.json
orb_slam3_profile_tradeoff_kitti_raw_0061_full,skipped,orb_slam3,kitti_raw_0061_full,gt-backed,default,Default,TIMED_OUT,,,,,None,Rejected for this run,false,,experiments/results/orb_slam3_kitti_raw_0061_full_matrix.json
orb_slam3_profile_tradeoff_kitti_raw_0061_full,skipped,orb_slam3,kitti_raw_0061_full,gt-backed,dense,Dense,TIMED_OUT,,,,,None,Rejected for this run,false,,experiments/results/orb_slam3_kitti_raw_0061_full_matrix.json
orb_slam3_profile_tradeoff_kitti_raw_0061_full,skipped,orb_slam3,kitti_raw_0061_full,gt-backed,fast,Fast,TIMED_OUT,,,,,None,Rejected for this run,false,,experiments/results/orb_slam3_kitti_raw_0061_full_matrix.json
point_lio_hdl_400_reference,ready,point_lio,hdl_400_open_ct_lio_120,reference-based,default,Default (no IMU),OK,108.182404,,,28.442752,120,Keep as reference variant,false,,experiments/results/point_lio_hdl_400_reference_matrix.json
point_lio_hdl_400_reference,ready,point_lio,hdl_400_open_ct_lio_120,reference-based,dense,Dense,OK,17.929350,,,3.243061,120,Keep as active challenger,false,,experiments/results/point_lio_hdl_400_reference_matrix.json
point_lio_hdl_400_reference,ready,point_lio,hdl_400_open_ct_lio_120,reference-based,fast,Fast,OK,165.820193,,,69.922756,120,Adopt as current default,true,,experiments/results/point_lio_hdl_400_reference_matrix.json
point_lio_kitti_raw_0009,ready,point_lio,kitti_raw_0009_200,gt-backed,default,Default (no IMU),OK,120.082385,,,5.385860,200,Keep as reference variant,false,,experiments/results/point_lio_kitti_raw_0009_matrix.json
point_lio_kitti_raw_0009,ready,point_lio,kitti_raw_0009_200,gt-backed,dense,Dense,OK,120.217182,,,33.018730,200,Keep as reference variant,false,,experiments/results/point_lio_kitti_raw_0009_matrix.json
point_lio_kitti_raw_0009,ready,point_lio,kitti_raw_0009_200,gt-backed,fast,Fast,OK,119.890040,,,117.416108,200,Adopt as current default,true,,experiments/results/point_lio_kitti_raw_0009_matrix.json
point_lio_kitti_raw_0009_nogt,ready,point_lio,kitti_raw_0009_200,gt-backed,default,Default (no IMU),OK,120.082385,,,38.902970,200,Keep as reference variant,false,,experiments/results/point_lio_kitti_raw_0009_nogt_matrix.json
point_lio_kitti_raw_0009_nogt,ready,point_lio,kitti_raw_0009_200,gt-backed,dense,Dense,OK,120.217182,,,15.259168,200,Keep as reference variant,false,,experiments/results/point_lio_kitti_raw_0009_nogt_matrix.json
point_lio_kitti_raw_0009_nogt,ready,point_lio,kitti_raw_0009_200,gt-backed,fast,Fast,OK,119.890040,,,95.649174,200,Adopt as current default,true,,experiments/results/point_lio_kitti_raw_0009_nogt_matrix.json
point_lio_kitti_raw_0009_full,ready,point_lio,kitti_raw_0009_full,gt-backed,default,Default (no IMU),OK,183.631172,,,4.792965,443,Keep as reference variant,false,,experiments/results/point_lio_kitti_raw_0009_full_matrix.json
point_lio_kitti_raw_0009_full,ready,point_lio,kitti_raw_0009_full,gt-backed,dense,Dense,OK,183.724774,,,37.847288,443,Keep as reference variant,false,,experiments/results/point_lio_kitti_raw_0009_full_matrix.json
point_lio_kitti_raw_0009_full,ready,point_lio,kitti_raw_0009_full,gt-backed,fast,Fast,OK,183.383903,,,113.057758,443,Adopt as current default,true,,experiments/results/point_lio_kitti_raw_0009_full_matrix.json
point_lio_kitti_raw_0061,ready,point_lio,kitti_raw_0061_200,gt-backed,default,Default (no IMU),OK,82.702074,,,2.108595,200,Keep as reference variant,false,,experiments/results/point_lio_kitti_raw_0061_matrix.json
point_lio_kitti_raw_0061,ready,point_lio,kitti_raw_0061_200,gt-backed,dense,Dense,OK,82.858203,,,9.142559,200,Keep as reference variant,false,,experiments/results/point_lio_kitti_raw_0061_matrix.json
point_lio_kitti_raw_0061,ready,point_lio,kitti_raw_0061_200,gt-backed,fast,Fast,OK,82.450486,,,92.796271,200,Adopt as current default,true,,experiments/results/point_lio_kitti_raw_0061_matrix.json
point_lio_kitti_raw_0061_full,ready,point_lio,kitti_raw_0061_full,gt-backed,default,Default (no IMU),OK,292.255110,,,2.308187,703,Keep as reference variant,false,,experiments/results/point_lio_kitti_raw_0061_full_matrix.json
point_lio_kitti_raw_0061_full,ready,point_lio,kitti_raw_0061_full,gt-backed,dense,Dense,OK,292.443823,,,11.353083,703,Keep as reference variant,false,,experiments/results/point_lio_kitti_raw_0061_full_matrix.json
point_lio_kitti_raw_0061_full,ready,point_lio,kitti_raw_0061_full,gt-backed,fast,Fast,OK,292.010540,,,89.509527,703,Adopt as current default,true,,experiments/results/point_lio_kitti_raw_0061_full_matrix.json
point_lio_mcd_kth_day_06,ready,point_lio,mcd_kth_day_06_108,gt-backed,default,Default (no IMU),OK,7.112642,,,1.179943,108,Keep as reference variant,false,,experiments/results/point_lio_mcd_kth_day_06_matrix.json
point_lio_mcd_kth_day_06,ready,point_lio,mcd_kth_day_06_108,gt-backed,dense,Dense,OK,7.298200,,,14.664741,108,Keep as reference variant,false,,experiments/results/point_lio_mcd_kth_day_06_matrix.json
point_lio_mcd_kth_day_06,ready,point_lio,mcd_kth_day_06_108,gt-backed,fast,Fast,OK,7.325300,,,112.691159,108,Adopt as current default,true,,experiments/results/point_lio_mcd_kth_day_06_matrix.json
point_lio_mcd_ntu_day_02,ready,point_lio,mcd_ntu_day_02_108,gt-backed,default,Default (no IMU),OK,0.234300,,,1.369108,108,Keep as reference variant,false,,experiments/results/point_lio_mcd_ntu_day_02_matrix.json
point_lio_mcd_ntu_day_02,ready,point_lio,mcd_ntu_day_02_108,gt-backed,dense,Dense,OK,0.095607,,,3.339347,108,Keep as reference variant,false,,experiments/results/point_lio_mcd_ntu_day_02_matrix.json
point_lio_mcd_ntu_day_02,ready,point_lio,mcd_ntu_day_02_108,gt-backed,fast,Fast,OK,0.082766,,,77.298267,108,Adopt as current default,true,,experiments/results/point_lio_mcd_ntu_day_02_matrix.json
point_lio_mcd_tuhh_night_09,ready,point_lio,mcd_tuhh_night_09_108,gt-backed,default,Default (no IMU),OK,1.116152,,,0.832773,108,Keep as reference variant,false,,experiments/results/point_lio_mcd_tuhh_night_09_matrix.json
point_lio_mcd_tuhh_night_09,ready,point_lio,mcd_tuhh_night_09_108,gt-backed,dense,Dense,OK,1.127929,,,2.827918,108,Keep as reference variant,false,,experiments/results/point_lio_mcd_tuhh_night_09_matrix.json
point_lio_mcd_tuhh_night_09,ready,point_lio,mcd_tuhh_night_09_108,gt-backed,fast,Fast,OK,1.158008,,,88.670076,108,Adopt as current default,true,,experiments/results/point_lio_mcd_tuhh_night_09_matrix.json
r2live_profile_tradeoff_kitti_raw_0009,skipped,r2live,kitti_raw_0009_200,gt-backed,default,Default,TIMED_OUT,,,,,None,Rejected for this run,false,,experiments/results/r2live_kitti_raw_0009_matrix.json
r2live_profile_tradeoff_kitti_raw_0009,skipped,r2live,kitti_raw_0009_200,gt-backed,dense,Dense,TIMED_OUT,,,,,None,Rejected for this run,false,,experiments/results/r2live_kitti_raw_0009_matrix.json
r2live_profile_tradeoff_kitti_raw_0009,skipped,r2live,kitti_raw_0009_200,gt-backed,fast,Fast,TIMED_OUT,,,,,None,Rejected for this run,false,,experiments/results/r2live_kitti_raw_0009_matrix.json
r2live_profile_tradeoff_kitti_raw_0009_full,skipped,r2live,kitti_raw_0009_full,gt-backed,default,Default,TIMED_OUT,,,,,None,Rejected for this run,false,,experiments/results/r2live_kitti_raw_0009_full_matrix.json
r2live_profile_tradeoff_kitti_raw_0009_full,skipped,r2live,kitti_raw_0009_full,gt-backed,dense,Dense,TIMED_OUT,,,,,None,Rejected for this run,false,,experiments/results/r2live_kitti_raw_0009_full_matrix.json
r2live_profile_tradeoff_kitti_raw_0009_full,skipped,r2live,kitti_raw_0009_full,gt-backed,fast,Fast,TIMED_OUT,,,,,None,Rejected for this run,false,,experiments/results/r2live_kitti_raw_0009_full_matrix.json
r2live_profile_tradeoff_kitti_raw_0061,skipped,r2live,kitti_raw_0061_200,gt-backed,default,Default,TIMED_OUT,,,,,None,Rejected for this run,false,,experiments/results/r2live_kitti_raw_0061_matrix.json
r2live_profile_tradeoff_kitti_raw_0061,skipped,r2live,kitti_raw_0061_200,gt-backed,dense,Dense,TIMED_OUT,,,,,None,Rejected for this run,false,,experiments/results/r2live_kitti_raw_0061_matrix.json
r2live_profile_tradeoff_kitti_raw_0061,skipped,r2live,kitti_raw_0061_200,gt-backed,fast,Fast,TIMED_OUT,,,,,None,Rejected for this run,false,,experiments/results/r2live_kitti_raw_0061_matrix.json
r2live_profile_tradeoff_kitti_raw_0061_full,skipped,r2live,kitti_raw_0061_full,gt-backed,default,Default,TIMED_OUT,,,,,None,Rejected for this run,false,,experiments/results/r2live_kitti_raw_0061_full_matrix.json
r2live_profile_tradeoff_kitti_raw_0061_full,skipped,r2live,kitti_raw_0061_full,gt-backed,dense,Dense,TIMED_OUT,,,,,None,Rejected for this run,false,,experiments/results/r2live_kitti_raw_0061_full_matrix.json
r2live_profile_tradeoff_kitti_raw_0061_full,skipped,r2live,kitti_raw_0061_full,gt-backed,fast,Fast,TIMED_OUT,,,,,None,Rejected for this run,false,,experiments/results/r2live_kitti_raw_0061_full_matrix.json
rko_lio_gyro_bias_gain_nclt_2013_01_10,ready,rko_lio,nclt_2013_01_10_120,gt-backed,bias_gain_010,Bias feedback gain 0.1,OK,0.549775,18.281702,0.452128,6.832194,120,Keep as reference variant,false,,experiments/results/rko_lio_nclt_2013_01_10_matrix.json
rko_lio_gyro_bias_gain_nclt_2013_01_10,ready,rko_lio,nclt_2013_01_10_120,gt-backed,bias_gain_030_default,Bias feedback gain 0.3 (default),OK,0.814698,35.608208,0.327026,8.087209,120,Keep as reference variant,false,,experiments/results/rko_lio_nclt_2013_01_10_matrix.json
rko_lio_gyro_bias_gain_nclt_2013_01_10,ready,rko_lio,nclt_2013_01_10_120,gt-backed,bias_gain_060,Bias feedback gain 0.6,OK,1.919694,49.130769,0.987615,7.637699,120,Keep as reference variant,false,,experiments/results/rko_lio_nclt_2013_01_10_matrix.json
rko_lio_gyro_bias_gain_nclt_2013_01_10,ready,rko_lio,nclt_2013_01_10_120,gt-backed,no_bias_feedback,Raw gyro prior (gain 0),OK,0.140740,3.387071,0.184145,6.926127,120,Adopt as current default,true,,experiments/results/rko_lio_nclt_2013_01_10_matrix.json
small_gicp_profile_tradeoff_hdl_400_reference,ready,small_gicp,hdl_400_open_ct_lio_120,reference-based,balanced_local_map,Balanced local map,OK,0.132993,,,62.847699,120,Keep as active challenger,false,,experiments/results/small_gicp_hdl_400_reference_matrix.json
small_gicp_profile_tradeoff_hdl_400_reference,ready,small_gicp,hdl_400_open_ct_lio_120,reference-based,dense_recent_map,Dense recent map,OK,0.108555,,,47.607736,120,Keep as active challenger,false,,experiments/results/small_gicp_hdl_400_reference_matrix.json
small_gicp_profile_tradeoff_hdl_400_reference,ready,small_gicp,hdl_400_open_ct_lio_120,reference-based,fast_recent_map,Fast recent map,OK,0.250871,,,110.327862,120,Adopt as current default,true,,experiments/results/small_gicp_hdl_400_reference_matrix.json
small_gicp_profile_tradeoff_kitti_raw_0009,ready,small_gicp,kitti_raw_0009_200,gt-backed,balanced_local_map,Balanced local map,OK,1.035818,1.337123,0.009667,18.566195,196,Keep as reference variant,false,,experiments/results/small_gicp_kitti_raw_0009_matrix.json
small_gicp_profile_tradeoff_kitti_raw_0009,ready,small_gicp,kitti_raw_0009_200,gt-backed,dense_recent_map,Dense recent map,OK,1.208475,0.812253,0.006268,15.551470,196,Keep as reference variant,false,,experiments/results/small_gicp_kitti_raw_0009_matrix.json
small_gicp_profile_tradeoff_kitti_raw_0009,ready,small_gicp,kitti_raw_0009_200,gt-backed,fast_recent_map,Fast recent map,OK,0.473329,0.700029,0.004761,23.673016,196,Adopt as current default,true,,experiments/results/small_gicp_kitti_raw_0009_matrix.json
small_gicp_profile_tradeoff_kitti_raw_0009_nogt,ready,small_gicp,kitti_raw_0009_200,gt-backed,balanced_local_map,Balanced local map,OK,2.274801,2.524917,0.025363,18.720843,196,Adopt as current default,true,,experiments/results/small_gicp_kitti_raw_0009_nogt_matrix.json
small_gicp_profile_tradeoff_kitti_raw_0009_nogt,ready,small_gicp,kitti_raw_0009_200,gt-backed,dense_recent_map,Dense recent map,OK,2.070926,1.700928,0.009358,15.904555,196,Keep as active challenger,false,,experiments/results/small_gicp_kitti_raw_0009_nogt_matrix.json
small_gicp_profile_tradeoff_kitti_raw_0009_nogt,ready,small_gicp,kitti_raw_0009_200,gt-backed,fast_recent_map,Fast recent map,OK,52.511564,48.450156,0.520805,22.024158,196,Keep as reference variant,false,,experiments/results/small_gicp_kitti_raw_0009_nogt_matrix.json
small_gicp_profile_tradeoff_kitti_raw_0009_full,ready,small_gicp,kitti_raw_0009_full,gt-backed,balanced_local_map,Balanced local map,OK,1.492153,1.279135,0.009548,13.821569,443,Keep as reference variant,false,,experiments/results/small_gicp_kitti_raw_0009_full_matrix.json
small_gicp_profile_tradeoff_kitti_raw_0009_full,ready,small_gicp,kitti_raw_0009_full,gt-backed,dense_recent_map,Dense recent map,OK,1.168358,1.398871,0.013146,11.603040,443,Keep as reference variant,false,,experiments/results/small_gicp_kitti_raw_0009_full_matrix.json
small_gicp_profile_tradeoff_kitti_raw_0009_full,ready,small_gicp,kitti_raw_0009_full,gt-backed,fast_recent_map,Fast recent map,OK,0.461867,0.804251,0.006774,17.293682,443,Adopt as current default,true,,experiments/results/small_gicp_kitti_raw_0009_full_matrix.json
small_gicp_profile_tradeoff_kitti_raw_0061,ready,small_gicp,kitti_raw_0061_200,gt-backed,balanced_local_map,Balanced local map,OK,1.049385,,,51.802997,200,Keep as reference variant,false,,experiments/results/small_gicp_kitti_raw_0061_matrix.json
small_gicp_profile_tradeoff_kitti_raw_0061,ready,small_gicp,kitti_raw_0061_200,gt-backed,dense_recent_map,Dense recent map,OK,1.027997,,,41.980610,200,Keep as reference variant,false,,experiments/results/small_gicp_kitti_raw_0061_matrix.json
small_gicp_profile_tradeoff_kitti_raw_0061,ready,small_gicp,kitti_raw_0061_200,gt-backed,fast_recent_map,Fast recent map,OK,0.639192,,,78.130836,200,Adopt as current default,true,,experiments/results/small_gicp_kitti_raw_0061_matrix.json
small_gicp_profile_tradeoff_kitti_raw_0061_full,ready,small_gicp,kitti_raw_0061_full,gt-backed,balanced_local_map,Balanced local map,OK,1.169224,,,50.800417,703,Keep as reference variant,false,,experiments/results/small_gicp_kitti_raw_0061_full_matrix.json
small_gicp_profile_tradeoff_kitti_raw_0061_full,ready,small_gicp,kitti_raw_0061_full,gt-backed,dense_recent_map,Dense recent map,OK,1.089542,,,40.911605,703,Keep as reference variant,false,,experiments/results/small_gicp_kitti_raw_0061_full_matrix.json
small_gicp_profile_tradeoff_kitti_raw_0061_full,ready,small_gicp,kitti_raw_0061_full,gt-backed,fast_recent_map,Fast recent map,OK,0.958889,,,82.222821,703,Adopt as current default,true,,experiments/results/small_gicp_kitti_raw_0061_full_matrix.json
small_gicp_kitti_seq_00_full_no_seed,ready,small_gicp,kitti_seq_00_full,gt-backed,balanced_no_seed,balanced no-seed,OK,584.185180,31.563422,0.097568,46.306848,4541,Keep as reference variant,false,,experiments/results/small_gicp_kitti_seq_00_full_no_seed_matrix.json
small_gicp_kitti_seq_00_full_no_seed,ready,small_gicp,kitti_seq_00_full,gt-backed,dense_no_seed,dense no-seed,OK,141.664004,4.932758,0.017729,42.582962,4541,Keep as reference variant,false,,experiments/results/small_gicp_kitti_seq_00_full_no_seed_matrix.json
small_gicp_kitti_seq_00_full_no_seed,ready,small_gicp,kitti_seq_00_full,gt-backed,fast_no_seed,fast no-seed,OK,202.722489,12.276334,0.069849,62.215413,4541,Keep as reference variant,false,,experiments/results/small_gicp_kitti_seq_00_full_no_seed_matrix.json
small_gicp_kitti_seq_00_full_no_seed,ready,small_gicp,kitti_seq_00_full,gt-backed,fast_seeded_reference,fast + seed,OK,0.890066,2.105521,0.018202,63.339880,4541,Adopt as current default,true,,experiments/results/small_gicp_kitti_seq_00_full_no_seed_matrix.json
small_gicp_kitti_seq_00_full_sweep,ready,small_gicp,kitti_seq_00_full,gt-backed,balanced_reference,balanced (default),OK,1.092521,1.738465,0.012604,65.153206,4541,Keep as reference variant,false,,experiments/results/small_gicp_kitti_seq_00_full_sweep_matrix.json
small_gicp_kitti_seq_00_full_sweep,ready,small_gicp,kitti_seq_00_full,gt-backed,dense_profile,dense profile,OK,1.076853,1.679218,0.011356,51.832839,4541,Keep as reference variant,false,,experiments/results/small_gicp_kitti_seq_00_full_sweep_matrix.json
small_gicp_kitti_seq_00_full_sweep,ready,small_gicp,kitti_seq_00_full,gt-backed,fast_profile,fast profile,OK,0.890066,2.105521,0.018202,106.358587,4541,Adopt as current default,true,,experiments/results/small_gicp_kitti_seq_00_full_sweep_matrix.json
small_gicp_kitti_seq_00_full_sweep,ready,small_gicp,kitti_seq_00_full,gt-backed,t1_transfer_v05_i12,T1 transfer (voxel=0.5 + iter=12),OK,1.091070,1.920364,0.012706,39.693188,4541,Keep as reference variant,false,,experiments/results/small_gicp_kitti_seq_00_full_sweep_matrix.json
small_gicp_kitti_seq_02_full_sweep,ready,small_gicp,kitti_seq_02_full,gt-backed,balanced_reference,balanced,OK,1.152404,1.761804,0.011948,57.043320,4661,Keep as reference variant,false,,experiments/results/small_gicp_kitti_seq_02_full_sweep_matrix.json
small_gicp_kitti_seq_02_full_sweep,ready,small_gicp,kitti_seq_02_full,gt-backed,dense_profile,dense,OK,1.116680,1.619137,0.010708,41.725875,4661,Keep as reference variant,false,,experiments/results/small_gicp_kitti_seq_02_full_sweep_matrix.json
small_gicp_kitti_seq_02_full_sweep,ready,small_gicp,kitti_seq_02_full,gt-backed,fast_profile,fast,OK,0.908677,1.963341,0.018684,96.490233,4661,Adopt as current default,true,,experiments/results/small_gicp_kitti_seq_02_full_sweep_matrix.json
small_gicp_kitti_seq_02_full_sweep,ready,small_gicp,kitti_seq_02_full,gt-backed,t1_transfer_v05_i12,T1 v0.5+i12,OK,1.080089,1.524148,0.011424,33.788136,4661,Keep as reference variant,false,,experiments/results/small_gicp_kitti_seq_02_full_sweep_matrix.json
small_gicp_kitti_seq_05_full_sweep,ready,small_gicp,kitti_seq_05_full,gt-backed,balanced_reference,balanced,OK,1.104127,1.480520,0.010327,63.996741,2761,Keep as reference variant,false,,experiments/results/small_gicp_kitti_seq_05_full_sweep_matrix.json
small_gicp_kitti_seq_05_full_sweep,ready,small_gicp,kitti_seq_05_full,gt-backed,dense_profile,dense,OK,1.126409,1.511993,0.011586,52.099926,2761,Keep as reference variant,false,,experiments/results/small_gicp_kitti_seq_05_full_sweep_matrix.json
small_gicp_kitti_seq_05_full_sweep,ready,small_gicp,kitti_seq_05_full,gt-backed,fast_profile,fast,OK,0.983601,1.862610,0.015097,104.547521,2761,Adopt as current default,true,,experiments/results/small_gicp_kitti_seq_05_full_sweep_matrix.json
small_gicp_kitti_seq_05_full_sweep,ready,small_gicp,kitti_seq_05_full,gt-backed,t1_transfer_v05_i12,T1 v0.5+i12,OK,1.138471,1.531238,0.009164,49.637317,2761,Keep as reference variant,false,,experiments/results/small_gicp_kitti_seq_05_full_sweep_matrix.json
small_gicp_kitti_seq_07_full_sweep,ready,small_gicp,kitti_seq_07_full,gt-backed,balanced_reference,balanced (default),OK,0.980572,1.444768,0.009003,50.878461,1101,Keep as reference variant,false,,experiments/results/small_gicp_kitti_seq_07_full_sweep_matrix.json
small_gicp_kitti_seq_07_full_sweep,ready,small_gicp,kitti_seq_07_full,gt-backed,dense_profile,dense profile,OK,1.024888,2.061931,0.014167,51.821810,1101,Keep as reference variant,false,,experiments/results/small_gicp_kitti_seq_07_full_sweep_matrix.json
small_gicp_kitti_seq_07_full_sweep,ready,small_gicp,kitti_seq_07_full,gt-backed,fast_profile,fast profile,OK,0.681900,1.430634,0.016128,107.663182,1101,Adopt as current default,true,,experiments/results/small_gicp_kitti_seq_07_full_sweep_matrix.json
small_gicp_kitti_seq_07_full_sweep,ready,small_gicp,kitti_seq_07_full,gt-backed,t1_transfer_v03_i12,T1 transfer (voxel=0.3 + iter=12),OK,0.925328,1.157741,0.008552,38.718573,1101,Keep as reference variant,false,,experiments/results/small_gicp_kitti_seq_07_full_sweep_matrix.json
small_gicp_kitti_seq_07_full_sweep,ready,small_gicp,kitti_seq_07_full,gt-backed,t1_transfer_v05_i12,T1 transfer (voxel=0.5 + iter=12),OK,0.921657,1.547490,0.010268,49.772902,1101,Keep as reference variant,false,,experiments/results/small_gicp_kitti_seq_07_full_sweep_matrix.json
small_gicp_kitti_seq_08_full_sweep,ready,small_gicp,kitti_seq_08_full,gt-backed,balanced_reference,balanced,OK,1.166526,1.632503,0.011012,46.568364,4071,Keep as reference variant,false,,experiments/results/small_gicp_kitti_seq_08_full_sweep_matrix.json
small_gicp_kitti_seq_08_full_sweep,ready,small_gicp,kitti_seq_08_full,gt-backed,dense_profile,dense,OK,1.134644,1.525447,0.010033,36.039813,4071,Keep as reference variant,false,,experiments/results/small_gicp_kitti_seq_08_full_sweep_matrix.json
small_gicp_kitti_seq_08_full_sweep,ready,small_gicp,kitti_seq_08_full,gt-backed,fast_profile,fast,OK,0.857670,1.575112,0.013701,74.594940,4071,Adopt as current default,true,,experiments/results/small_gicp_kitti_seq_08_full_sweep_matrix.json
small_gicp_kitti_seq_08_full_sweep,ready,small_gicp,kitti_seq_08_full,gt-backed,t1_transfer_v05_i12,T1 v0.5+i12,OK,1.173177,1.662315,0.011521,29.069281,4071,Keep as reference variant,false,,experiments/results/small_gicp_kitti_seq_08_full_sweep_matrix.json
small_gicp_profile_tradeoff_mcd_kth_day_06,ready,small_gicp,mcd_kth_day_06_108,gt-backed,balanced_local_map,Balanced local map,OK,1.070079,,,57.749418,108,Keep as reference variant,false,,experiments/results/small_gicp_mcd_kth_day_06_matrix.json
small_gicp_profile_tradeoff_mcd_kth_day_06,ready,small_gicp,mcd_kth_day_06_108,gt-backed,dense_recent_map,Dense recent map,OK,0.897890,,,37.465369,108,Keep as reference variant,false,,experiments/results/small_gicp_mcd_kth_day_06_matrix.json
small_gicp_profile_tradeoff_mcd_kth_day_06,ready,small_gicp,mcd_kth_day_06_108,gt-backed,fast_recent_map,Fast recent map,OK,0.805612,,,107.885394,108,Adopt as current default,true,,experiments/results/small_gicp_mcd_kth_day_06_matrix.json
small_gicp_profile_tradeoff_mcd_ntu_day_02,ready,small_gicp,mcd_ntu_day_02_108,gt-backed,balanced_local_map,Balanced local map,OK,0.101155,,,69.587194,108,Keep as reference variant,false,,experiments/results/small_gicp_mcd_ntu_day_02_matrix.json
small_gicp_profile_tradeoff_mcd_ntu_day_02,ready,small_gicp,mcd_ntu_day_02_108,gt-backed,dense_recent_map,Dense recent map,OK,0.030740,,,56.784655,108,Adopt as current default,true,,experiments/results/small_gicp_mcd_ntu_day_02_matrix.json
small_gicp_profile_tradeoff_mcd_ntu_day_02,ready,small_gicp,mcd_ntu_day_02_108,gt-backed,fast_recent_map,Fast recent map,OK,0.111152,,,113.841968,108,Keep as reference variant,false,,experiments/results/small_gicp_mcd_ntu_day_02_matrix.json
small_gicp_profile_tradeoff_mcd_tuhh_night_09,ready,small_gicp,mcd_tuhh_night_09_108,gt-backed,balanced_local_map,Balanced local map,OK,0.324507,,,54.121705,108,Keep as reference variant,false,,experiments/results/small_gicp_mcd_tuhh_night_09_matrix.json
small_gicp_profile_tradeoff_mcd_tuhh_night_09,ready,small_gicp,mcd_tuhh_night_09_108,gt-backed,dense_recent_map,Dense recent map,OK,0.250297,,,40.164304,108,Keep as reference variant,false,,experiments/results/small_gicp_mcd_tuhh_night_09_matrix.json
small_gicp_profile_tradeoff_mcd_tuhh_night_09,ready,small_gicp,mcd_tuhh_night_09_108,gt-backed,fast_recent_map,Fast recent map,OK,0.466312,,,107.179868,108,Adopt as current default,true,,experiments/results/small_gicp_mcd_tuhh_night_09_matrix.json
small_gicp_seed_gate_nclt_2013_01_10,ready,small_gicp,nclt_2013_01_10_full,gt-backed,default_gate_2_0,Default gate 2.0 m / 0.25 rad,OK,1.086342,2.287819,0.023537,11.791472,5105,Keep as reference variant,false,,experiments/results/small_gicp_nclt_2013_01_10_matrix.json
small_gicp_seed_gate_nclt_2013_01_10,ready,small_gicp,nclt_2013_01_10_full,gt-backed,gate_0_5,Gate 0.5 m / 0.1 rad (aggressive),OK,0.347664,1.312978,0.016474,9.106247,5105,Adopt as current default,true,,experiments/results/small_gicp_nclt_2013_01_10_matrix.json
small_gicp_seed_gate_nclt_2013_01_10,ready,small_gicp,nclt_2013_01_10_full,gt-backed,gate_1_0,Gate 1.0 m / 0.15 rad (balanced),OK,0.675131,2.035615,0.022169,10.944091,5105,Keep as reference variant,false,,experiments/results/small_gicp_nclt_2013_01_10_matrix.json
small_gicp_seed_gate_nclt_2013_01_10,ready,small_gicp,nclt_2013_01_10_full,gt-backed,gate_1_5,Gate 1.5 m / 0.2 rad (NDT-equal),OK,0.882099,2.356700,0.023509,11.695247,5105,Keep as reference variant,false,,experiments/results/small_gicp_nclt_2013_01_10_matrix.json
suma_hdl_400_reference,ready,suma,hdl_400_open_ct_lio_120,reference-based,default,Default,OK,0.247666,,,74.598116,120,Adopt as current default,true,,experiments/results/suma_hdl_400_reference_matrix.json
suma_hdl_400_reference,ready,suma,hdl_400_open_ct_lio_120,reference-based,dense,Dense,OK,0.182929,,,27.236611,120,Keep as active challenger,false,,experiments/results/suma_hdl_400_reference_matrix.json
suma_hdl_400_reference,ready,suma,hdl_400_open_ct_lio_120,reference-based,fast,Fast,OK,1.858300,,,168.417537,120,Keep as active challenger,false,,experiments/results/suma_hdl_400_reference_matrix.json
suma_kitti_raw_0009,ready,suma,kitti_raw_0009_200,gt-backed,default,Default,OK,3.376615,1.837321,0.027786,19.189738,196,Adopt as current default,true,,experiments/results/suma_kitti_raw_0009_matrix.json
suma_kitti_raw_0009,ready,suma,kitti_raw_0009_200,gt-backed,dense,Dense,OK,2.245389,1.470774,0.006882,9.623817,196,Keep as active challenger,false,,experiments/results/suma_kitti_raw_0009_matrix.json
suma_kitti_raw_0009,ready,suma,kitti_raw_0009_200,gt-backed,fast,Fast,OK,680.138653,591.609958,0.506607,19.580129,196,Keep as reference variant,false,,experiments/results/suma_kitti_raw_0009_matrix.json
suma_kitti_raw_0009_nogt,ready,suma,kitti_raw_0009_200,gt-backed,default,Default,OK,3.376615,1.837321,0.027786,18.819371,196,Keep as active challenger,false,,experiments/results/suma_kitti_raw_0009_nogt_matrix.json
suma_kitti_raw_0009_nogt,ready,suma,kitti_raw_0009_200,gt-backed,dense,Dense,OK,2.245389,1.470774,0.006882,14.599482,196,Adopt as current default,true,,experiments/results/suma_kitti_raw_0009_nogt_matrix.json
suma_kitti_raw_0009_nogt,ready,suma,kitti_raw_0009_200,gt-backed,fast,Fast,OK,680.138653,591.609958,0.506607,20.988406,196,Keep as reference variant,false,,experiments/results/suma_kitti_raw_0009_nogt_matrix.json
suma_kitti_raw_0009_full,ready,suma,kitti_raw_0009_full,gt-backed,default,Default,OK,12.661182,3.235820,0.034470,12.813791,443,Keep as reference variant,false,,experiments/results/suma_kitti_raw_0009_full_matrix.json
suma_kitti_raw_0009_full,ready,suma,kitti_raw_0009_full,gt-backed,dense,Dense,OK,4.072790,1.690124,0.011810,15.619824,443,Adopt as current default,true,,experiments/results/suma_kitti_raw_0009_full_matrix.json
suma_kitti_raw_0009_full,ready,suma,kitti_raw_0009_full,gt-backed,fast,Fast,OK,2181.909236,1345.465366,1.111995,15.850589,443,Keep as reference variant,false,,experiments/results/suma_kitti_raw_0009_full_matrix.json
suma_kitti_raw_0061,ready,suma,kitti_raw_0061_200,gt-backed,default,Default,OK,3.877213,,,31.596294,200,Keep as reference variant,false,,experiments/results/suma_kitti_raw_0061_matrix.json
suma_kitti_raw_0061,ready,suma,kitti_raw_0061_200,gt-backed,dense,Dense,OK,1.495999,,,33.536524,200,Adopt as current default,true,,experiments/results/suma_kitti_raw_0061_matrix.json
suma_kitti_raw_0061,ready,suma,kitti_raw_0061_200,gt-backed,fast,Fast,OK,16.071194,,,111.206533,200,Keep as reference variant,false,,experiments/results/suma_kitti_raw_0061_matrix.json
suma_kitti_raw_0061_full,ready,suma,kitti_raw_0061_full,gt-backed,default,Default,OK,19.447592,,,24.392357,703,Keep as reference variant,false,,experiments/results/suma_kitti_raw_0061_full_matrix.json
suma_kitti_raw_0061_full,ready,suma,kitti_raw_0061_full,gt-backed,dense,Dense,OK,15.381473,,,28.920641,703,Keep as reference variant,false,,experiments/results/suma_kitti_raw_0061_full_matrix.json
suma_kitti_raw_0061_full,ready,suma,kitti_raw_0061_full,gt-backed,fast,Fast,OK,32.428710,,,110.931140,703,Adopt as current default,true,,experiments/results/suma_kitti_raw_0061_full_matrix.json
suma_kitti_seq_00_full_transfer,ready,suma,kitti_seq_00_full,gt-backed,default,default,OK,50.851985,2.582459,0.028282,33.776567,4541,Keep as reference variant,false,11th Gen Intel(R) Core(TM) i5-1145G7 @ 2.60GHz,experiments/results/suma_kitti_seq_00_full_transfer_matrix.json
suma_kitti_seq_00_full_transfer,ready,suma,kitti_seq_00_full,gt-backed,dense_profile,dense profile,OK,18.961260,1.253504,0.012130,24.174002,4541,Adopt as current default,true,11th Gen Intel(R) Core(TM) i5-1145G7 @ 2.60GHz,experiments/results/suma_kitti_seq_00_full_transfer_matrix.json
suma_kitti_seq_02_full_transfer,ready,suma,kitti_seq_02_full,gt-backed,default,default,OK,150.182932,2.354280,0.022138,38.025093,4661,Keep as reference variant,false,11th Gen Intel(R) Core(TM) i5-1145G7 @ 2.60GHz,experiments/results/suma_kitti_seq_02_full_transfer_matrix.json
suma_kitti_seq_02_full_transfer,ready,suma,kitti_seq_02_full,gt-backed,dense_profile,dense profile,OK,51.910872,1.275891,0.009604,24.216214,4661,Adopt as current default,true,11th Gen Intel(R) Core(TM) i5-1145G7 @ 2.60GHz,experiments/results/suma_kitti_seq_02_full_transfer_matrix.json
suma_kitti_seq_05_full_transfer,ready,suma,kitti_seq_05_full,gt-backed,default,default,OK,10.983178,2.012863,0.021825,40.331556,2761,Adopt as current default,true,11th Gen Intel(R) Core(TM) i5-1145G7 @ 2.60GHz,experiments/results/suma_kitti_seq_05_full_transfer_matrix.json
suma_kitti_seq_05_full_transfer,ready,suma,kitti_seq_05_full,gt-backed,dense_profile,dense profile,OK,9.510581,0.987477,0.010057,27.843522,2761,Keep as active challenger,false,11th Gen Intel(R) Core(TM) i5-1145G7 @ 2.60GHz,experiments/results/suma_kitti_seq_05_full_transfer_matrix.json
suma_kitti_seq_08_full_transfer,ready,suma,kitti_seq_08_full,gt-backed,default,default,OK,64.032586,3.554711,0.030807,39.601516,4071,Keep as reference variant,false,11th Gen Intel(R) Core(TM) i5-1145G7 @ 2.60GHz,experiments/results/suma_kitti_seq_08_full_transfer_matrix.json
suma_kitti_seq_08_full_transfer,ready,suma,kitti_seq_08_full,gt-backed,dense_profile,dense profile,OK,19.290022,1.909308,0.012225,26.626118,4071,Adopt as current default,true,11th Gen Intel(R) Core(TM) i5-1145G7 @ 2.60GHz,experiments/results/suma_kitti_seq_08_full_transfer_matrix.json
suma_mcd_kth_day_06,ready,suma,mcd_kth_day_06_108,gt-backed,default,Default,OK,6.064272,,,22.677785,108,Keep as reference variant,false,,experiments/results/suma_mcd_kth_day_06_matrix.json
suma_mcd_kth_day_06,ready,suma,mcd_kth_day_06_108,gt-backed,dense,Dense,OK,6.063652,,,26.594697,108,Keep as reference variant,false,,experiments/results/suma_mcd_kth_day_06_matrix.json
suma_mcd_kth_day_06,ready,suma,mcd_kth_day_06_108,gt-backed,fast,Fast,OK,7.418622,,,150.195655,108,Adopt as current default,true,,experiments/results/suma_mcd_kth_day_06_matrix.json
suma_mcd_ntu_day_02,ready,suma,mcd_ntu_day_02_108,gt-backed,default,Default,OK,0.065080,,,29.099707,108,Keep as reference variant,false,,experiments/results/suma_mcd_ntu_day_02_matrix.json
suma_mcd_ntu_day_02,ready,suma,mcd_ntu_day_02_108,gt-backed,dense,Dense,OK,0.035750,,,33.946904,108,Adopt as current default,true,,experiments/results/suma_mcd_ntu_day_02_matrix.json
suma_mcd_ntu_day_02,ready,suma,mcd_ntu_day_02_108,gt-backed,fast,Fast,OK,2.100879,,,124.136503,108,Keep as reference variant,false,,experiments/results/suma_mcd_ntu_day_02_matrix.json
suma_mcd_tuhh_night_09,ready,suma,mcd_tuhh_night_09_108,gt-backed,default,Default,OK,1.413916,,,59.102805,108,Adopt as current default,true,,experiments/results/suma_mcd_tuhh_night_09_matrix.json
suma_mcd_tuhh_night_09,ready,suma,mcd_tuhh_night_09_108,gt-backed,dense,Dense,OK,1.317005,,,45.503644,108,Keep as active challenger,false,,experiments/results/suma_mcd_tuhh_night_09_matrix.json
suma_mcd_tuhh_night_09,ready,suma,mcd_tuhh_night_09_108,gt-backed,fast,Fast,OK,91.619600,,,178.145766,108,Keep as reference variant,false,,experiments/results/suma_mcd_tuhh_night_09_matrix.json
vgicp_slam_hdl_400_reference,ready,vgicp_slam,hdl_400_open_ct_lio_120,reference-based,default,Default,OK,0.179453,,,10.493235,120,Keep as reference variant,false,,experiments/results/vgicp_slam_hdl_400_reference_matrix.json
vgicp_slam_hdl_400_reference,ready,vgicp_slam,hdl_400_open_ct_lio_120,reference-based,dense,Dense,OK,0.177295,,,7.962071,120,Keep as reference variant,false,,experiments/results/vgicp_slam_hdl_400_reference_matrix.json
vgicp_slam_hdl_400_reference,ready,vgicp_slam,hdl_400_open_ct_lio_120,reference-based,fast,Fast,OK,0.145467,,,16.844425,120,Adopt as current default,true,,experiments/results/vgicp_slam_hdl_400_reference_matrix.json
vgicp_slam_kitti_raw_0009,ready,vgicp_slam,kitti_raw_0009_200,gt-backed,default,Default,OK,1.674279,0.977590,0.006405,4.959558,196,Keep as active challenger,false,,experiments/results/vgicp_slam_kitti_raw_0009_matrix.json
vgicp_slam_kitti_raw_0009,ready,vgicp_slam,kitti_raw_0009_200,gt-backed,dense,Dense,OK,2.033222,1.368265,0.005046,4.288575,196,Keep as reference variant,false,,experiments/results/vgicp_slam_kitti_raw_0009_matrix.json
vgicp_slam_kitti_raw_0009,ready,vgicp_slam,kitti_raw_0009_200,gt-backed,fast,Fast,OK,1.984735,1.017204,0.004621,6.228805,196,Adopt as current default,true,,experiments/results/vgicp_slam_kitti_raw_0009_matrix.json
vgicp_slam_kitti_raw_0009_nogt,ready,vgicp_slam,kitti_raw_0009_200,gt-backed,default,Default,OK,1.674279,0.977590,0.006405,4.371379,196,Adopt as current default,true,,experiments/results/vgicp_slam_kitti_raw_0009_nogt_matrix.json
vgicp_slam_kitti_raw_0009_nogt,ready,vgicp_slam,kitti_raw_0009_200,gt-backed,dense,Dense,OK,2.033222,1.368265,0.005046,3.238571,196,Keep as reference variant,false,,experiments/results/vgicp_slam_kitti_raw_0009_nogt_matrix.json
vgicp_slam_kitti_raw_0009_nogt,ready,vgicp_slam,kitti_raw_0009_200,gt-backed,fast,Fast,OK,1.984735,1.017204,0.004621,5.107404,196,Keep as active challenger,false,,experiments/results/vgicp_slam_kitti_raw_0009_nogt_matrix.json
vgicp_slam_kitti_raw_0009_full,ready,vgicp_slam,kitti_raw_0009_full,gt-backed,default,Default,OK,2.252376,1.115496,0.007778,6.220712,443,Keep as active challenger,false,,experiments/results/vgicp_slam_kitti_raw_0009_full_matrix.json
vgicp_slam_kitti_raw_0009_full,ready,vgicp_slam,kitti_raw_0009_full,gt-backed,dense,Dense,OK,2.952000,1.229153,0.007075,4.848133,443,Keep as reference variant,false,,experiments/results/vgicp_slam_kitti_raw_0009_full_matrix.json
vgicp_slam_kitti_raw_0009_full,ready,vgicp_slam,kitti_raw_0009_full,gt-backed,fast,Fast,OK,2.901343,1.133944,0.007674,8.396597,443,Adopt as current default,true,,experiments/results/vgicp_slam_kitti_raw_0009_full_matrix.json
vgicp_slam_kitti_raw_0061,ready,vgicp_slam,kitti_raw_0061_200,gt-backed,default,Default,OK,0.802916,,,8.566881,200,Keep as reference variant,false,,experiments/results/vgicp_slam_kitti_raw_0061_matrix.json
vgicp_slam_kitti_raw_0061,ready,vgicp_slam,kitti_raw_0061_200,gt-backed,dense,Dense,OK,0.799412,,,17.267139,200,Keep as reference variant,false,,experiments/results/vgicp_slam_kitti_raw_0061_matrix.json
vgicp_slam_kitti_raw_0061,ready,vgicp_slam,kitti_raw_0061_200,gt-backed,fast,Fast,OK,0.903180,,,30.961040,200,Adopt as current default,true,,experiments/results/vgicp_slam_kitti_raw_0061_matrix.json
vgicp_slam_kitti_raw_0061_full,ready,vgicp_slam,kitti_raw_0061_full,gt-backed,default,Default,OK,5.917026,,,5.369277,703,Keep as reference variant,false,,experiments/results/vgicp_slam_kitti_raw_0061_full_matrix.json
vgicp_slam_kitti_raw_0061_full,ready,vgicp_slam,kitti_raw_0061_full,gt-backed,dense,Dense,OK,6.127135,,,10.382395,703,Keep as reference variant,false,,experiments/results/vgicp_slam_kitti_raw_0061_full_matrix.json
vgicp_slam_kitti_raw_0061_full,ready,vgicp_slam,kitti_raw_0061_full,gt-backed,fast,Fast,OK,5.229534,,,22.762176,703,Adopt as current default,true,,experiments/results/vgicp_slam_kitti_raw_0061_full_matrix.json
vgicp_slam_mcd_kth_day_06,ready,vgicp_slam,mcd_kth_day_06_108,gt-backed,default,Default,OK,6.092255,,,4.510562,108,Keep as reference variant,false,,experiments/results/vgicp_slam_mcd_kth_day_06_matrix.json
vgicp_slam_mcd_kth_day_06,ready,vgicp_slam,mcd_kth_day_06_108,gt-backed,dense,Dense,OK,6.098811,,,9.919984,108,Keep as reference variant,false,,experiments/results/vgicp_slam_mcd_kth_day_06_matrix.json
vgicp_slam_mcd_kth_day_06,ready,vgicp_slam,mcd_kth_day_06_108,gt-backed,fast,Fast,OK,6.096382,,,20.782707,108,Adopt as current default,true,,experiments/results/vgicp_slam_mcd_kth_day_06_matrix.json
vgicp_slam_mcd_ntu_day_02,ready,vgicp_slam,mcd_ntu_day_02_108,gt-backed,default,Default,OK,0.019785,,,9.387977,108,Keep as reference variant,false,,experiments/results/vgicp_slam_mcd_ntu_day_02_matrix.json
vgicp_slam_mcd_ntu_day_02,ready,vgicp_slam,mcd_ntu_day_02_108,gt-backed,dense,Dense,OK,0.016121,,,12.254731,108,Keep as reference variant,false,,experiments/results/vgicp_slam_mcd_ntu_day_02_matrix.json
vgicp_slam_mcd_ntu_day_02,ready,vgicp_slam,mcd_ntu_day_02_108,gt-backed,fast,Fast,OK,0.026425,,,40.284951,108,Adopt as current default,true,,experiments/results/vgicp_slam_mcd_ntu_day_02_matrix.json
vgicp_slam_mcd_tuhh_night_09,ready,vgicp_slam,mcd_tuhh_night_09_108,gt-backed,default,Default,OK,1.318954,,,6.024178,108,Keep as reference variant,false,,experiments/results/vgicp_slam_mcd_tuhh_night_09_matrix.json
vgicp_slam_mcd_tuhh_night_09,ready,vgicp_slam,mcd_tuhh_night_09_108,gt-backed,dense,Dense,OK,1.325025,,,10.186696,108,Keep as reference variant,false,,experiments/results/vgicp_slam_mcd_tuhh_night_09_matrix.json
vgicp_slam_mcd_tuhh_night_09,ready,vgicp_slam,mcd_tuhh_night_09_108,gt-backed,fast,Fast,OK,1.321745,,,21.792757,108,Adopt as current default,true,,experiments/results/vgicp_slam_mcd_tuhh_night_09_matrix.json
vins_fusion_profile_tradeoff_kitti_raw_0009,ready,vins_fusion,kitti_raw_0009_200,gt-backed,default,Default,OK,31.406825,,,4.772249,187,Keep as reference variant,false,,experiments/results/vins_fusion_kitti_raw_0009_matrix.json
vins_fusion_profile_tradeoff_kitti_raw_0009,ready,vins_fusion,kitti_raw_0009_200,gt-backed,dense,Dense,OK,31.418031,,,3.498694,187,Keep as reference variant,false,,experiments/results/vins_fusion_kitti_raw_0009_matrix.json
vins_fusion_profile_tradeoff_kitti_raw_0009,ready,vins_fusion,kitti_raw_0009_200,gt-backed,fast,Fast,OK,85.802289,,,83.526232,187,Adopt as current default,true,,experiments/results/vins_fusion_kitti_raw_0009_matrix.json
vins_fusion_profile_tradeoff_kitti_raw_0009_full,ready,vins_fusion,kitti_raw_0009_full,gt-backed,default,Default,OK,50.521688,,,6.241017,443,Keep as reference variant,false,,experiments/results/vins_fusion_kitti_raw_0009_full_matrix.json
vins_fusion_profile_tradeoff_kitti_raw_0009_full,ready,vins_fusion,kitti_raw_0009_full,gt-backed,dense,Dense,OK,50.238494,,,4.445724,443,Keep as reference variant,false,,experiments/results/vins_fusion_kitti_raw_0009_full_matrix.json
vins_fusion_profile_tradeoff_kitti_raw_0009_full,ready,vins_fusion,kitti_raw_0009_full,gt-backed,fast,Fast,OK,136.572287,,,93.693069,443,Adopt as current default,true,,experiments/results/vins_fusion_kitti_raw_0009_full_matrix.json
vins_fusion_profile_tradeoff_kitti_raw_0061,ready,vins_fusion,kitti_raw_0061_200,gt-backed,default,Default,OK,27.864131,,,17.646481,196,Keep as reference variant,false,,experiments/results/vins_fusion_kitti_raw_0061_matrix.json
vins_fusion_profile_tradeoff_kitti_raw_0061,ready,vins_fusion,kitti_raw_0061_200,gt-backed,dense,Dense,OK,27.811115,,,11.666104,196,Keep as reference variant,false,,experiments/results/vins_fusion_kitti_raw_0061_matrix.json
vins_fusion_profile_tradeoff_kitti_raw_0061,ready,vins_fusion,kitti_raw_0061_200,gt-backed,fast,Fast,OK,61.903607,,,255.514219,196,Adopt as current default,true,,experiments/results/vins_fusion_kitti_raw_0061_matrix.json
vins_fusion_profile_tradeoff_kitti_raw_0061_full,ready,vins_fusion,kitti_raw_0061_full,gt-backed,default,Default,OK,197.042710,,,16.129310,691,Keep as reference variant,false,,experiments/results/vins_fusion_kitti_raw_0061_full_matrix.json
vins_fusion_profile_tradeoff_kitti_raw_0061_full,ready,vins_fusion,kitti_raw_0061_full,gt-backed,dense,Dense,OK,97.610792,,,13.526208,691,Keep as reference variant,false,,experiments/results/vins_fusion_kitti_raw_0061_full_matrix.json
vins_fusion_profile_tradeoff_kitti_raw_0061_full,ready,vins_fusion,kitti_raw_0061_full,gt-backed,fast,Fast,OK,257.640925,,,236.719603,691,Adopt as current default,true,,experiments/results/vins_fusion_kitti_raw_0061_full_matrix.json
voxel_gicp_profile_tradeoff_hdl_400_reference,ready,voxel_gicp,hdl_400_open_ct_lio_120,reference-based,balanced_local_map,Balanced local map,OK,0.515429,,,22.595404,120,Keep as reference variant,false,,experiments/results/voxel_gicp_hdl_400_reference_matrix.json
voxel_gicp_profile_tradeoff_hdl_400_reference,ready,voxel_gicp,hdl_400_open_ct_lio_120,reference-based,dense_recent_map,Dense recent map,OK,0.268118,,,141.123882,120,Adopt as current default,true,,experiments/results/voxel_gicp_hdl_400_reference_matrix.json
voxel_gicp_profile_tradeoff_hdl_400_reference,ready,voxel_gicp,hdl_400_open_ct_lio_120,reference-based,fast_recent_map,Fast recent map,OK,0.862400,,,51.144149,120,Keep as reference variant,false,,experiments/results/voxel_gicp_hdl_400_reference_matrix.json
voxel_gicp_profile_tradeoff_kitti_raw_0009,ready,voxel_gicp,kitti_raw_0009_200,gt-backed,balanced_local_map,Balanced local map,OK,1.041292,4.172722,0.021084,7.241204,196,Keep as reference variant,false,,experiments/results/voxel_gicp_kitti_raw_0009_matrix.json
voxel_gicp_profile_tradeoff_kitti_raw_0009,ready,voxel_gicp,kitti_raw_0009_200,gt-backed,dense_recent_map,Dense recent map,OK,0.644321,1.379770,0.009865,23.344892,196,Adopt as current default,true,,experiments/results/voxel_gicp_kitti_raw_0009_matrix.json
voxel_gicp_profile_tradeoff_kitti_raw_0009,ready,voxel_gicp,kitti_raw_0009_200,gt-backed,fast_recent_map,Fast recent map,OK,1.168081,1.958692,0.016352,14.982909,196,Keep as reference variant,false,,experiments/results/voxel_gicp_kitti_raw_0009_matrix.json
voxel_gicp_profile_tradeoff_kitti_raw_0009_nogt,ready,voxel_gicp,kitti_raw_0009_200,gt-backed,balanced_local_map,Balanced local map,OK,18.235346,10.845359,0.123203,5.731864,196,Keep as active challenger,false,,experiments/results/voxel_gicp_kitti_raw_0009_nogt_matrix.json
voxel_gicp_profile_tradeoff_kitti_raw_0009_nogt,ready,voxel_gicp,kitti_raw_0009_200,gt-backed,dense_recent_map,Dense recent map,OK,89.013169,92.977171,0.955206,24.057293,196,Keep as reference variant,false,,experiments/results/voxel_gicp_kitti_raw_0009_nogt_matrix.json
voxel_gicp_profile_tradeoff_kitti_raw_0009_nogt,ready,voxel_gicp,kitti_raw_0009_200,gt-backed,fast_recent_map,Fast recent map,OK,22.287972,18.257866,0.085796,13.276283,196,Adopt as current default,true,,experiments/results/voxel_gicp_kitti_raw_0009_nogt_matrix.json
voxel_gicp_profile_tradeoff_kitti_raw_0009_full,ready,voxel_gicp,kitti_raw_0009_full,gt-backed,balanced_local_map,Balanced local map,OK,1.090365,3.325386,0.025195,7.258945,443,Keep as reference variant,false,,experiments/results/voxel_gicp_kitti_raw_0009_full_matrix.json
voxel_gicp_profile_tradeoff_kitti_raw_0009_full,ready,voxel_gicp,kitti_raw_0009_full,gt-backed,dense_recent_map,Dense recent map,OK,0.614165,1.078024,0.010097,27.547389,443,Adopt as current default,true,,experiments/results/voxel_gicp_kitti_raw_0009_full_matrix.json
voxel_gicp_profile_tradeoff_kitti_raw_0009_full,ready,voxel_gicp,kitti_raw_0009_full,gt-backed,fast_recent_map,Fast recent map,OK,1.244509,2.015145,0.015064,14.822658,443,Keep as reference variant,false,,experiments/results/voxel_gicp_kitti_raw_0009_full_matrix.json
voxel_gicp_profile_tradeoff_kitti_raw_0061,ready,voxel_gicp,kitti_raw_0061_200,gt-backed,balanced_local_map,Balanced local map,OK,0.741004,,,18.024402,200,Keep as reference variant,false,,experiments/results/voxel_gicp_kitti_raw_0061_matrix.json
voxel_gicp_profile_tradeoff_kitti_raw_0061,ready,voxel_gicp,kitti_raw_0061_200,gt-backed,dense_recent_map,Dense recent map,OK,1.041175,,,73.712472,200,Adopt as current default,true,,experiments/results/voxel_gicp_kitti_raw_0061_matrix.json
voxel_gicp_profile_tradeoff_kitti_raw_0061,ready,voxel_gicp,kitti_raw_0061_200,gt-backed,fast_recent_map,Fast recent map,OK,1.064378,,,42.324866,200,Keep as reference variant,false,,experiments/results/voxel_gicp_kitti_raw_0061_matrix.json
voxel_gicp_profile_tradeoff_kitti_raw_0061_full,ready,voxel_gicp,kitti_raw_0061_full,gt-backed,balanced_local_map,Balanced local map,OK,0.916740,,,19.124495,703,Keep as reference variant,false,,experiments/results/voxel_gicp_kitti_raw_0061_full_matrix.json
voxel_gicp_profile_tradeoff_kitti_raw_0061_full,ready,voxel_gicp,kitti_raw_0061_full,gt-backed,dense_recent_map,Dense recent map,OK,1.061610,,,75.368071,703,Adopt as current default,true,,experiments/results/voxel_gicp_kitti_raw_0061_full_matrix.json
voxel_gicp_profile_tradeoff_kitti_raw_0061_full,ready,voxel_gicp,kitti_raw_0061_full,gt-backed,fast_recent_map,Fast recent map,OK,1.123351,,,50.080164,703,Keep as reference variant,false,,experiments/results/voxel_gicp_kitti_raw_0061_full_matrix.json
voxel_gicp_kitti_seq_00_full_no_seed,ready,voxel_gicp,kitti_seq_00_full,gt-backed,balanced_no_seed,balanced no-seed,OK,259.978355,8.746030,0.055733,22.412368,4541,Keep as reference variant,false,,experiments/results/voxel_gicp_kitti_seq_00_full_no_seed_matrix.json
voxel_gicp_kitti_seq_00_full_no_seed,ready,voxel_gicp,kitti_seq_00_full,gt-backed,dense_no_seed,dense no-seed,OK,87.914739,2.925393,0.022839,95.634776,4541,Keep as reference variant,false,,experiments/results/voxel_gicp_kitti_seq_00_full_no_seed_matrix.json
voxel_gicp_kitti_seq_00_full_no_seed,ready,voxel_gicp,kitti_seq_00_full,gt-backed,dense_seeded_reference,dense + seed,OK,1.046692,1.811419,0.014741,90.772453,4541,Adopt as current default,true,,experiments/results/voxel_gicp_kitti_seq_00_full_no_seed_matrix.json
voxel_gicp_kitti_seq_00_full_sweep,ready,voxel_gicp,kitti_seq_00_full,gt-backed,balanced_reference,balanced (default),OK,1.105609,2.232234,0.018366,23.544226,4541,Keep as reference variant,false,,experiments/results/voxel_gicp_kitti_seq_00_full_sweep_matrix.json
voxel_gicp_kitti_seq_00_full_sweep,ready,voxel_gicp,kitti_seq_00_full,gt-backed,dense_profile,dense profile,OK,1.046692,1.811419,0.014741,97.874617,4541,Adopt as current default,true,,experiments/results/voxel_gicp_kitti_seq_00_full_sweep_matrix.json
voxel_gicp_kitti_seq_00_full_sweep,ready,voxel_gicp,kitti_seq_00_full,gt-backed,fast_profile,fast profile,OK,1.120057,2.595558,0.022957,47.434717,4541,Keep as reference variant,false,,experiments/results/voxel_gicp_kitti_seq_00_full_sweep_matrix.json
voxel_gicp_kitti_seq_00_full_sweep,ready,voxel_gicp,kitti_seq_00_full,gt-backed,t1_transfer_v05_i12,T1 transfer (voxel=0.5 + iter=12),OK,1.145529,2.840837,0.026942,26.644881,4541,Keep as reference variant,false,,experiments/results/voxel_gicp_kitti_seq_00_full_sweep_matrix.json
voxel_gicp_kitti_seq_02_full_sweep,ready,voxel_gicp,kitti_seq_02_full,gt-backed,balanced_reference,balanced,OK,1.071330,2.792950,0.023762,16.783669,4661,Keep as reference variant,false,,experiments/results/voxel_gicp_kitti_seq_02_full_sweep_matrix.json
voxel_gicp_kitti_seq_02_full_sweep,ready,voxel_gicp,kitti_seq_02_full,gt-backed,dense_profile,dense,OK,0.944430,1.541865,0.013134,84.843596,4661,Adopt as current default,true,,experiments/results/voxel_gicp_kitti_seq_02_full_sweep_matrix.json
voxel_gicp_kitti_seq_02_full_sweep,ready,voxel_gicp,kitti_seq_02_full,gt-backed,fast_profile,fast,OK,1.124256,2.809426,0.024681,46.587000,4661,Keep as reference variant,false,,experiments/results/voxel_gicp_kitti_seq_02_full_sweep_matrix.json
voxel_gicp_kitti_seq_02_full_sweep,ready,voxel_gicp,kitti_seq_02_full,gt-backed,t1_transfer_v05_i12,T1 v0.5+i12,OK,1.112760,3.673910,0.030344,22.167398,4661,Keep as reference variant,false,,experiments/results/voxel_gicp_kitti_seq_02_full_sweep_matrix.json
voxel_gicp_kitti_seq_05_full_sweep,ready,voxel_gicp,kitti_seq_05_full,gt-backed,balanced_reference,balanced,OK,1.116185,2.284985,0.016778,24.398032,2761,Keep as reference variant,false,,experiments/results/voxel_gicp_kitti_seq_05_full_sweep_matrix.json
voxel_gicp_kitti_seq_05_full_sweep,ready,voxel_gicp,kitti_seq_05_full,gt-backed,dense_profile,dense,OK,1.030605,1.562591,0.012233,111.075202,2761,Adopt as current default,true,,experiments/results/voxel_gicp_kitti_seq_05_full_sweep_matrix.json
voxel_gicp_kitti_seq_05_full_sweep,ready,voxel_gicp,kitti_seq_05_full,gt-backed,fast_profile,fast,OK,1.155094,2.194064,0.016960,59.378039,2761,Keep as reference variant,false,,experiments/results/voxel_gicp_kitti_seq_05_full_sweep_matrix.json
voxel_gicp_kitti_seq_05_full_sweep,ready,voxel_gicp,kitti_seq_05_full,gt-backed,t1_transfer_v05_i12,T1 v0.5+i12,OK,1.211701,2.904604,0.023321,29.209995,2761,Keep as reference variant,false,,experiments/results/voxel_gicp_kitti_seq_05_full_sweep_matrix.json
voxel_gicp_kitti_seq_07_full_sweep,ready,voxel_gicp,kitti_seq_07_full,gt-backed,balanced_reference,balanced (default),OK,0.950314,2.101188,0.020439,25.245535,1101,Keep as reference variant,false,,experiments/results/voxel_gicp_kitti_seq_07_full_sweep_matrix.json
voxel_gicp_kitti_seq_07_full_sweep,ready,voxel_gicp,kitti_seq_07_full,gt-backed,dense_profile,dense profile,OK,1.026596,1.423478,0.012742,101.374886,1101,Adopt as current default,true,,experiments/results/voxel_gicp_kitti_seq_07_full_sweep_matrix.json
voxel_gicp_kitti_seq_07_full_sweep,ready,voxel_gicp,kitti_seq_07_full,gt-backed,fast_profile,fast profile,OK,1.004898,2.477438,0.022365,59.537805,1101,Keep as reference variant,false,,experiments/results/voxel_gicp_kitti_seq_07_full_sweep_matrix.json
voxel_gicp_kitti_seq_07_full_sweep,ready,voxel_gicp,kitti_seq_07_full,gt-backed,t1_transfer_v03_i12,T1 transfer (voxel=0.3 + iter=12),OK,1.128288,5.234179,0.043962,27.592801,1101,Keep as reference variant,false,,experiments/results/voxel_gicp_kitti_seq_07_full_sweep_matrix.json
voxel_gicp_kitti_seq_07_full_sweep,ready,voxel_gicp,kitti_seq_07_full,gt-backed,t1_transfer_v05_i12,T1 transfer (voxel=0.5 + iter=12),OK,1.170944,4.316478,0.038530,28.164670,1101,Keep as reference variant,false,,experiments/results/voxel_gicp_kitti_seq_07_full_sweep_matrix.json
voxel_gicp_kitti_seq_08_full_sweep,ready,voxel_gicp,kitti_seq_08_full,gt-backed,balanced_reference,balanced,OK,1.117869,2.230016,0.017388,17.198949,4071,Keep as reference variant,false,,experiments/results/voxel_gicp_kitti_seq_08_full_sweep_matrix.json
voxel_gicp_kitti_seq_08_full_sweep,ready,voxel_gicp,kitti_seq_08_full,gt-backed,dense_profile,dense,OK,0.954888,1.736090,0.013788,91.088216,4071,Adopt as current default,true,,experiments/results/voxel_gicp_kitti_seq_08_full_sweep_matrix.json
voxel_gicp_kitti_seq_08_full_sweep,ready,voxel_gicp,kitti_seq_08_full,gt-backed,fast_profile,fast,OK,1.065733,2.334436,0.018667,39.858690,4071,Keep as reference variant,false,,experiments/results/voxel_gicp_kitti_seq_08_full_sweep_matrix.json
voxel_gicp_kitti_seq_08_full_sweep,ready,voxel_gicp,kitti_seq_08_full,gt-backed,t1_transfer_v05_i12,T1 v0.5+i12,OK,1.200235,2.726741,0.020710,21.438796,4071,Keep as reference variant,false,,experiments/results/voxel_gicp_kitti_seq_08_full_sweep_matrix.json
voxel_gicp_profile_tradeoff_mcd_kth_day_06,ready,voxel_gicp,mcd_kth_day_06_108,gt-backed,balanced_local_map,Balanced local map,OK,0.926402,,,18.202361,108,Keep as reference variant,false,,experiments/results/voxel_gicp_mcd_kth_day_06_matrix.json
voxel_gicp_profile_tradeoff_mcd_kth_day_06,ready,voxel_gicp,mcd_kth_day_06_108,gt-backed,dense_recent_map,Dense recent map,OK,0.980738,,,124.215714,108,Adopt as current default,true,,experiments/results/voxel_gicp_mcd_kth_day_06_matrix.json
voxel_gicp_profile_tradeoff_mcd_kth_day_06,ready,voxel_gicp,mcd_kth_day_06_108,gt-backed,fast_recent_map,Fast recent map,OK,1.263097,,,42.180423,108,Keep as reference variant,false,,experiments/results/voxel_gicp_mcd_kth_day_06_matrix.json
voxel_gicp_profile_tradeoff_mcd_ntu_day_02,ready,voxel_gicp,mcd_ntu_day_02_108,gt-backed,balanced_local_map,Balanced local map,OK,0.597633,,,44.353731,108,Keep as reference variant,false,,experiments/results/voxel_gicp_mcd_ntu_day_02_matrix.json
voxel_gicp_profile_tradeoff_mcd_ntu_day_02,ready,voxel_gicp,mcd_ntu_day_02_108,gt-backed,dense_recent_map,Dense recent map,OK,0.120636,,,117.186913,108,Adopt as current default,true,,experiments/results/voxel_gicp_mcd_ntu_day_02_matrix.json
voxel_gicp_profile_tradeoff_mcd_ntu_day_02,ready,voxel_gicp,mcd_ntu_day_02_108,gt-backed,fast_recent_map,Fast recent map,OK,0.518448,,,64.860787,108,Keep as reference variant,false,,experiments/results/voxel_gicp_mcd_ntu_day_02_matrix.json
voxel_gicp_profile_tradeoff_mcd_tuhh_night_09,ready,voxel_gicp,mcd_tuhh_night_09_108,gt-backed,balanced_local_map,Balanced local map,OK,0.381461,,,26.239476,108,Keep as reference variant,false,,experiments/results/voxel_gicp_mcd_tuhh_night_09_matrix.json
voxel_gicp_profile_tradeoff_mcd_tuhh_night_09,ready,voxel_gicp,mcd_tuhh_night_09_108,gt-backed,dense_recent_map,Dense recent map,OK,0.477675,,,116.353465,108,Adopt as current default,true,,experiments/results/voxel_gicp_mcd_tuhh_night_09_matrix.json
voxel_gicp_profile_tradeoff_mcd_tuhh_night_09,ready,voxel_gicp,mcd_tuhh_night_09_108,gt-backed,fast_recent_map,Fast recent map,OK,0.285929,,,57.539320,108,Keep as active challenger,false,,experiments/results/voxel_gicp_mcd_tuhh_night_09_matrix.json
xicp_hdl_400_reference,ready,xicp,hdl_400_open_ct_lio_120,reference-based,default,Default (GT seed),OK,0.293817,,,92.776632,120,Keep as reference variant,false,,experiments/results/xicp_hdl_400_reference_matrix.json
xicp_hdl_400_reference,ready,xicp,hdl_400_open_ct_lio_120,reference-based,dense,Dense (GT seed),OK,0.167982,,,71.766427,120,Adopt as current default,true,,experiments/results/xicp_hdl_400_reference_matrix.json
xicp_hdl_400_reference,ready,xicp,hdl_400_open_ct_lio_120,reference-based,fast,Fast (GT seed),OK,0.654608,,,123.896605,120,Keep as reference variant,false,,experiments/results/xicp_hdl_400_reference_matrix.json
xicp_hdl_400_reference,ready,xicp,hdl_400_open_ct_lio_120,reference-based,no_gt_seed,No GT seed,OK,5.786293,,,91.580201,120,Keep as reference variant,false,,experiments/results/xicp_hdl_400_reference_matrix.json
xicp_kitti_raw_0009,ready,xicp,kitti_raw_0009_200,gt-backed,default,Default (GT seed),OK,0.150657,1.002623,0.008876,25.172207,196,Adopt as current default,true,,experiments/results/xicp_kitti_raw_0009_matrix.json
xicp_kitti_raw_0009,ready,xicp,kitti_raw_0009_200,gt-backed,dense,Dense (GT seed),OK,0.139584,0.650438,0.006134,21.900274,196,Keep as active challenger,false,,experiments/results/xicp_kitti_raw_0009_matrix.json
xicp_kitti_raw_0009,ready,xicp,kitti_raw_0009_200,gt-backed,fast,Fast (GT seed),OK,0.393241,1.346440,0.012352,27.456661,196,Keep as reference variant,false,,experiments/results/xicp_kitti_raw_0009_matrix.json
xicp_kitti_raw_0009,ready,xicp,kitti_raw_0009_200,gt-backed,no_gt_seed,No GT seed,OK,22.316958,15.637291,0.303391,24.435345,196,Keep as reference variant,false,,experiments/results/xicp_kitti_raw_0009_matrix.json
xicp_kitti_raw_0009_nogt,ready,xicp,kitti_raw_0009_200,gt-backed,default,Default (GT seed),OK,22.316958,15.637291,0.303391,24.610712,196,Adopt as current default,true,,experiments/results/xicp_kitti_raw_0009_nogt_matrix.json
xicp_kitti_raw_0009_nogt,ready,xicp,kitti_raw_0009_200,gt-backed,dense,Dense (GT seed),OK,33.014813,18.698860,0.357600,10.147148,196,Keep as reference variant,false,,experiments/results/xicp_kitti_raw_0009_nogt_matrix.json
xicp_kitti_raw_0009_nogt,ready,xicp,kitti_raw_0009_200,gt-backed,fast,Fast (GT seed),OK,67.595230,36.659870,0.964558,23.837230,196,Keep as reference variant,false,,experiments/results/xicp_kitti_raw_0009_nogt_matrix.json
xicp_kitti_raw_0009_nogt,ready,xicp,kitti_raw_0009_200,gt-backed,no_gt_seed,No GT seed,OK,22.316958,15.637291,0.303391,18.082051,196,Keep as reference variant,false,,experiments/results/xicp_kitti_raw_0009_nogt_matrix.json
xicp_kitti_raw_0009_full,ready,xicp,kitti_raw_0009_full,gt-backed,default,Default (GT seed),OK,0.175444,0.669296,0.007824,16.674903,443,Keep as active challenger,false,,experiments/results/xicp_kitti_raw_0009_full_matrix.json
xicp_kitti_raw_0009_full,ready,xicp,kitti_raw_0009_full,gt-backed,dense,Dense (GT seed),OK,0.128501,0.477045,0.005584,14.345094,443,Adopt as current default,true,,experiments/results/xicp_kitti_raw_0009_full_matrix.json
xicp_kitti_raw_0009_full,ready,xicp,kitti_raw_0009_full,gt-backed,fast,Fast (GT seed),OK,0.369921,0.735725,0.007131,18.118824,443,Keep as reference variant,false,,experiments/results/xicp_kitti_raw_0009_full_matrix.json
xicp_kitti_raw_0009_full,ready,xicp,kitti_raw_0009_full,gt-backed,no_gt_seed,No GT seed,OK,79.606164,99.007786,1.123932,15.578237,443,Keep as reference variant,false,,experiments/results/xicp_kitti_raw_0009_full_matrix.json
xicp_kitti_raw_0061,ready,xicp,kitti_raw_0061_200,gt-backed,default,Default (GT seed),OK,0.140955,,,60.763714,200,Keep as reference variant,false,,experiments/results/xicp_kitti_raw_0061_matrix.json
xicp_kitti_raw_0061,ready,xicp,kitti_raw_0061_200,gt-backed,dense,Dense (GT seed),OK,0.097952,,,57.563865,200,Keep as active challenger,false,,experiments/results/xicp_kitti_raw_0061_matrix.json
xicp_kitti_raw_0061,ready,xicp,kitti_raw_0061_200,gt-backed,fast,Fast (GT seed),OK,0.170936,,,101.992872,200,Adopt as current default,true,,experiments/results/xicp_kitti_raw_0061_matrix.json
xicp_kitti_raw_0061,ready,xicp,kitti_raw_0061_200,gt-backed,no_gt_seed,No GT seed,OK,78.836359,,,61.630813,200,Keep as reference variant,false,,experiments/results/xicp_kitti_raw_0061_matrix.json
xicp_kitti_raw_0061_full,ready,xicp,kitti_raw_0061_full,gt-backed,default,Default (GT seed),OK,0.138219,,,60.419289,703,Keep as active challenger,false,,experiments/results/xicp_kitti_raw_0061_full_matrix.json
xicp_kitti_raw_0061_full,ready,xicp,kitti_raw_0061_full,gt-backed,dense,Dense (GT seed),OK,0.128208,,,54.069140,703,Keep as active challenger,false,,experiments/results/xicp_kitti_raw_0061_full_matrix.json
xicp_kitti_raw_0061_full,ready,xicp,kitti_raw_0061_full,gt-backed,fast,Fast (GT seed),OK,0.202336,,,104.646193,703,Adopt as current default,true,,experiments/results/xicp_kitti_raw_0061_full_matrix.json
xicp_kitti_raw_0061_full,ready,xicp,kitti_raw_0061_full,gt-backed,no_gt_seed,No GT seed,OK,281.232058,,,66.103465,703,Keep as reference variant,false,,experiments/results/xicp_kitti_raw_0061_full_matrix.json
xicp_mcd_kth_day_06,ready,xicp,mcd_kth_day_06_108,gt-backed,default,Default (GT seed),OK,0.304750,,,63.519310,108,Keep as active challenger,false,,experiments/results/xicp_mcd_kth_day_06_matrix.json
xicp_mcd_kth_day_06,ready,xicp,mcd_kth_day_06_108,gt-backed,dense,Dense (GT seed),OK,0.599889,,,65.163477,108,Keep as reference variant,false,,experiments/results/xicp_mcd_kth_day_06_matrix.json
xicp_mcd_kth_day_06,ready,xicp,mcd_kth_day_06_108,gt-backed,fast,Fast (GT seed),OK,0.401313,,,84.829407,108,Adopt as current default,true,,experiments/results/xicp_mcd_kth_day_06_matrix.json
xicp_mcd_kth_day_06,ready,xicp,mcd_kth_day_06_108,gt-backed,no_gt_seed,No GT seed,OK,8.837790,,,75.151380,108,Keep as reference variant,false,,experiments/results/xicp_mcd_kth_day_06_matrix.json
xicp_mcd_ntu_day_02,ready,xicp,mcd_ntu_day_02_108,gt-backed,default,Default (GT seed),OK,0.252215,,,68.379401,108,Keep as reference variant,false,,experiments/results/xicp_mcd_ntu_day_02_matrix.json
xicp_mcd_ntu_day_02,ready,xicp,mcd_ntu_day_02_108,gt-backed,dense,Dense (GT seed),OK,0.095175,,,68.999219,108,Adopt as current default,true,,experiments/results/xicp_mcd_ntu_day_02_matrix.json
xicp_mcd_ntu_day_02,ready,xicp,mcd_ntu_day_02_108,gt-backed,fast,Fast (GT seed),OK,0.277293,,,81.777269,108,Keep as reference variant,false,,experiments/results/xicp_mcd_ntu_day_02_matrix.json
xicp_mcd_ntu_day_02,ready,xicp,mcd_ntu_day_02_108,gt-backed,no_gt_seed,No GT seed,OK,2.943288,,,66.481897,108,Keep as reference variant,false,,experiments/results/xicp_mcd_ntu_day_02_matrix.json
xicp_mcd_tuhh_night_09,ready,xicp,mcd_tuhh_night_09_108,gt-backed,default,Default (GT seed),OK,0.122192,,,76.617286,108,Keep as reference variant,false,,experiments/results/xicp_mcd_tuhh_night_09_matrix.json
xicp_mcd_tuhh_night_09,ready,xicp,mcd_tuhh_night_09_108,gt-backed,dense,Dense (GT seed),OK,0.080524,,,71.953398,108,Adopt as current default,true,,experiments/results/xicp_mcd_tuhh_night_09_matrix.json
xicp_mcd_tuhh_night_09,ready,xicp,mcd_tuhh_night_09_108,gt-backed,fast,Fast (GT seed),OK,0.130320,,,100.398434,108,Keep as active challenger,false,,experiments/results/xicp_mcd_tuhh_night_09_matrix.json
xicp_mcd_tuhh_night_09,ready,xicp,mcd_tuhh_night_09_108,gt-backed,no_gt_seed,No GT seed,OK,1.965461,,,74.831410,108,Keep as reference variant,false,,experiments/results/xicp_mcd_tuhh_night_09_matrix.json
