{
  "angle_min": -3.141592653589793,
  "angle_max": 3.141592653589793,
  "angle_increment": 0.01750190893364787,
  "range_min": 0.1,
  "range_max": 30.0,
  "scan_rate_hz": 10.0
}
